Close,High,Low,Open,Volume
AAPL,AAPL,AAPL,AAPL,AAPL
24.214889526367188,24.682221739158916,23.7763496768566,24.671146843393636,212818400
23.532716751098633,24.064279632140636,23.34667067211943,23.984545115494743,257142000
23.53493881225586,23.79407522071628,23.17391806682534,23.596954189686496,263188400
23.864946365356445,23.96461367890052,23.632387047364233,23.74312925787633,160423600
24.781896591186523,24.8394830250832,24.075360608884285,24.192748794463913,237458000
24.808473587036133,25.083113830448443,24.40980090321807,24.954652444574595,214798000
24.197174072265625,24.945790840272345,24.097506754292127,24.93914657771306,198603200
24.412010192871094,24.983440335311546,24.1218661772764,24.680006107009795,268367600
24.318984985351562,24.4718080546312,24.031054622711164,24.150656387663712,195826400
23.65896987915039,24.376579054271453,23.623533244347932,24.363290527444573,240056000
23.47513771057129,23.827298884688386,23.300164782396326,23.705481754379125,314053200
24.079790115356445,24.135161228870494,23.58809435698492,23.884882714319932,199599600
24.263620376586914,24.598060654669688,23.98011888215598,24.13072836459436,194303600
24.894853591918945,24.91035743649609,24.301275172720366,24.42087698365504,215185600
25.023313522338867,25.19385580272566,24.702160060868348,24.87270403104737,185859200
25.049890518188477,25.32896139344122,24.983446198227874,25.191640428521755,222460000
24.17281150817871,24.912570412240157,24.148448084734664,24.89928019685748,382274800
25.539371490478516,26.16174394651588,25.539371490478516,26.05321534893324,585908400
26.334501266479492,26.398731959324124,25.594742329744967,25.763070983758755,337745600
25.949121475219727,26.57813656277163,25.88046014004039,26.223761746559823,334982000
26.27469253540039,26.39429430858434,25.709908355677726,26.14623287364737,250956400
26.279129028320312,26.376581032432806,26.048785008958852,26.24590602450807,207662800
26.480680465698242,26.691091708380142,26.203824901479106,26.24590748797394,280598800
26.669687271118164,26.73417145961258,26.516259315856928,26.68747466730253,168984800
26.445100784301758,26.73861398429588,26.33836794045799,26.687470774515095,174826400
26.62076187133789,26.647443807587482,26.33391918142884,26.36060281413928,155559200
27.132190704345703,27.161098402837805,26.718605344105995,26.720827708250635,248034000
27.768142700195312,27.77703724820085,27.238929817327683,27.29896589578809,294247200
28.11945915222168,28.34626580003288,27.92156019868773,28.030515402030247,297898000
28.257322311401367,28.30179333867826,27.93934954663485,28.30179333867826,217088800
28.42408561706543,28.657562705494083,28.22173858089918,28.348482849813436,252609600
28.621986389160156,28.635327356291665,28.339590144164582,28.379614742019832,179566800
28.561954498291016,28.690922861865086,28.535272558559186,28.568624983223973,149449600
28.795429229736328,28.795429229736328,28.4730100443584,28.59975264035525,195793600
29.573684692382812,29.573684692382812,28.831008011401682,28.91105721846636,283896400
29.389137268066406,29.707111846758544,29.16677865661738,29.56035434890063,276912400
28.637550354003906,29.26238060284484,28.4952410465807,29.253484362612532,298846800
29.000003814697266,29.100064490965032,28.152818219815735,28.637558265830563,365150000
28.564186096191406,29.03336285897491,28.51526693473168,28.906616833486662,248059200
28.704265594482422,28.96887282281326,28.528603825590125,28.73984377825784,192386800
28.76430320739746,28.799881390989704,28.481906888632807,28.67536114133918,151265200
28.58196258544922,28.80876922521292,28.533046832678362,28.706486206344213,126665200
28.10834503173828,28.628663222806804,27.963811635398883,28.590862676575895,226068400
28.15059471130371,28.766527205699226,28.07499361156718,28.55083912068661,291368400
28.270668029785156,28.811001111095322,27.808161803975942,28.453001986590163,354114000
27.68585968017578,28.288451063187917,27.52798533523556,28.108341205636272,275426400
27.181110382080078,27.7436772774365,27.152204379492783,27.739230852600457,275756000
27.672517776489258,27.77258013068387,27.045466803421156,27.196670668382446,193450800
27.481298446655273,27.88376866459354,27.25671748303135,27.661410065508203,207309200
27.783693313598633,27.783693313598633,27.321188932610713,27.54576979144797,143497200
28.248428344726562,28.310688462772674,27.93935011838267,27.99493975184684,204092400
28.5664005279541,28.71982845602437,28.09944795575962,28.23953321847968,261083600
28.350709915161133,28.73983730615354,28.32847440353944,28.62865805158428,183238000
27.99494171142578,28.55083638851777,27.830396859863175,28.517483963273463,274780400
28.286230087280273,28.42853941926363,28.132802149548414,28.266218632686233,150838800
28.170602798461914,28.470784779166674,28.14169510373466,28.290676608620394,131369200
27.43459701538086,28.19951096263978,27.43459701538086,28.13725084069286,206620800
27.62582015991211,27.76812946725988,27.26115234777586,27.29673052284318,190291600
27.405685424804688,27.728104574747505,27.330084348278795,27.699198580157148,158184800
28.099445343017578,28.10611582684197,27.572455066900133,27.58357367091465,188398800
27.668067932128906,28.12612589444831,27.65250290515089,28.037182156090765,168362400
27.628047943115234,27.821500479076686,27.372335288856576,27.754792240066255,162485600
27.8659725189209,27.91933809418971,27.614707976255076,27.801488337926436,128880400
28.317358016967773,28.352936195517167,27.645836013226795,27.676966071227053,148776000
28.0194034576416,28.48857847251313,28.012732972076122,28.381847310542977,140049200
27.928232192993164,28.106119702993404,27.788146923979166,27.983821827810612,149316800
28.141700744628906,28.146148866152842,27.719220808765048,27.983826359755124,129936000
28.261770248413086,28.286229823662996,27.852631346889225,28.006057586730154,160752000
28.206174850463867,28.58863343110072,28.15280928648554,28.544159017607516,145460400
28.083879470825195,28.30401391271499,27.997159790794043,28.239529743583486,102098400
28.190610885620117,28.268436022782996,28.01939558386178,28.108339324816825,115881600
28.054975509643555,28.261769011778117,28.041634540622283,28.0794350838232,113476000
27.739227294921875,28.048305523453024,27.674743116071788,27.917114801850463,207828000
28.37294578552246,28.48857146529368,27.83261453362563,27.921558277697777,188217200
28.21953010559082,28.506371200253113,28.166162821338883,28.48413737650698,129740400
28.599754333496094,28.65534396850471,28.088330709293473,28.23731052396591,150618000
28.833234786987305,29.000003711145578,28.493026453138217,28.528604637926705,183083600
28.968873977661133,29.04670083365714,28.7353968025956,29.015570769843237,178103600
29.495861053466797,29.602595603096105,29.162323219950373,29.420259958837757,387816800
29.031137466430664,29.916123719820707,28.8110046300183,29.898338018087145,475696000
28.604204177856445,29.260161231898245,28.528603083990692,28.94219012909227,253544400
27.82817268371582,28.604203542961915,27.701428378930867,28.604203542961915,332781600
28.673133850097656,28.93551869889833,27.861526513744302,28.039412332804034,234050400
28.617544174194336,29.033356962148268,28.519705871146353,28.795431689470476,203953200
27.972694396972656,28.561942947226683,27.96824627784222,28.495234731953207,197085600
27.79704475402832,28.1839481830708,27.430152781583676,28.141699512749295,288564000
27.968976974487305,28.152072553223462,27.69209940387363,27.859564934554776,175763600
28.495925903320312,28.495925903320312,28.158761602569417,28.28603529571358,222201600
28.205650329589844,28.482526091459835,28.051581554764905,28.4445676611121,168143200
28.105173110961914,28.330692057782745,27.870720764153706,28.0448845858755,192640000
28.136438369750977,28.399917500772432,28.105178278235485,28.167698461266472,138776800
28.792905807495117,28.792905807495117,28.39322291254819,28.449044755295212,180814000
28.75271224975586,28.91347941005312,28.62767188221232,28.819699134395467,152832000
29.069778442382812,29.188120456362167,28.661162213945016,28.665628914593572,203531600
29.04299545288086,29.22385771232891,28.946980093572865,29.181432558711116,178532800
29.040752410888672,29.246176365558323,28.87998524513075,29.02735571492461,145819600
29.33771514892578,29.391305321886687,28.989387542413525,29.04297771537443,158921600
29.594497680664062,29.69051299277318,29.33995029118235,29.38461047751805,182384000
28.942506790161133,29.677124119570855,28.830863109091734,29.60790558244299,282790400
29.482860565185547,29.53198405537011,29.038520913645133,29.103272746836808,183332800
29.42481231689453,29.462770764775602,29.272978525370245,29.442675717149484,122933200
29.08987808227539,29.351123894449234,29.005027792013937,29.302000400834167,203538000
29.147932052612305,29.337727681720942,29.038523420832306,29.089878562424854,128451200
29.018428802490234,29.174729283831766,28.875525018535836,28.99609870211503,134670400
29.05414581298828,29.237243055991655,29.005022328626115,29.174722877184216,123934000
28.88445472717285,29.15686559498538,28.783976090673622,28.933578221833795,153800400
28.725915908813477,28.958136658313954,28.66116407712451,28.91571151713053,142507200
28.53612518310547,28.850961177235256,28.319536172144808,28.78173923393358,210699200
28.451271057128906,28.59864151199639,28.049354886989374,28.29050390765424,224301600
28.777273178100586,28.87998344548777,28.54728578924955,28.562915834749408,156349200
28.7125244140625,29.067550543389032,28.687962665091124,28.844263155320245,141563600
28.395448684692383,28.654462799151382,28.382051990340052,28.62320270996455,147544800
28.339628219604492,28.41108009883974,28.069450748010365,28.156532672592473,175955600
28.49146270751953,28.547284539510578,28.216820248109983,28.364188998721836,125976400
28.42447853088379,28.553983890961618,28.299436464414363,28.51825880307548,131672400
28.553983688354492,28.649997310216285,28.406614933605677,28.408848283941207,141628800
28.268184661865234,28.540595563999542,28.223527863027474,28.51603381357447,218867600
28.493703842163086,28.594182485778497,28.375361798579018,28.4669087422101,136157200
28.364194869995117,28.493701955873092,28.33070142315806,28.464675210506293,121075600
28.605344772338867,28.982700968359474,28.384290755618192,28.404385800980332,221123600
28.469139099121094,28.848726939023745,28.469139099121094,28.772810052462177,127752400
28.301666259765625,28.578542044406475,28.24807778289413,28.50709017406216,176267200
27.80597686767578,28.239154925475177,27.79481352092118,28.0136341970433,196645600
28.00693130493164,28.16100011566019,27.879657588452865,28.03819139644943,177482800
28.268184661865234,28.344103264146643,28.131979210798082,28.335171563669554,120955200
28.23245620727539,28.288278050960418,28.08285237150343,28.230222856534695,108844000
28.13421058654785,28.185567434798507,27.877429752389688,27.897526502939094,112241600
28.06498908996582,28.167701072115218,27.636276059999904,28.109645880970817,187787200
27.368331909179688,27.830536680664583,27.361633560883114,27.794811588567054,243046400
26.81011199951172,27.701028047461744,26.62031809305281,27.65413790846935,314380000
27.526866912841797,27.654140646579222,27.064662121527192,27.227662652442298,245418000
28.058290481567383,28.080618876862893,27.759084533255947,27.91761835446566,165762000
28.047128677368164,28.216827567634503,27.919854935555303,28.143142321440855,127072400
28.317302703857422,28.390987940927992,28.040426856633054,28.07168695050287,134596800
28.69464874267578,28.708048842189182,28.435636369129387,28.522718276951153,144889600
28.942506790161133,28.942506790161133,28.650000890894464,28.821933113727873,184658800
29.48956298828125,29.690520247519455,29.18365699118549,29.24394553179483,235600800
29.19482421875,29.67935741261132,29.09881228311112,29.663729068084155,307025600
27.96002769470215,28.022547847611467,27.238809179820734,27.238809179820734,461802400
27.946643829345703,28.377586753004575,27.92431373287769,28.17886115997897,203998000
27.79927635192871,28.076152201653453,27.66530427648431,27.98237191919711,168649200
27.412986755371094,27.600549012105486,27.26785134311559,27.484438638044374,177822000
27.549190521240234,27.667534238662494,27.363863329620226,27.549190521240234,134472400
27.462112426757812,27.57598945941344,27.30134525207867,27.497839222707576,148046800
27.323673248291016,27.368330036243712,27.176302781662045,27.31250819952921,134513200
27.08475112915039,27.3839553040279,26.99766921535488,27.37502360728644,171540000
26.446157455444336,27.368333708425062,26.240731774075797,27.129416283371835,279904000
25.59766960144043,26.280928559074113,25.28730022502854,26.21840835426421,496554400
25.767364501953125,26.22287097058106,25.03051545197168,25.220309388013096,397250400
25.823434829711914,26.130723785560797,25.59689502299034,26.011846088492206,211612000
25.910905838012695,26.07464414127272,25.68212261656539,25.7000668683968,154681600
26.852964401245117,26.913524125357984,26.137453032004053,26.137453032004053,219806400
25.45558738708496,26.507545878935208,25.41970058587761,26.424554977301863,388331200
25.848102569580078,25.888476280418214,24.589790578259198,25.24025515898116,404870000
25.827926635742188,26.108299261594233,25.691104657425694,26.02755180844815,194143200
26.00959587097168,26.088099828708994,25.572215455536693,25.64174728792432,171718000
26.278759002685547,26.388664562359022,25.90642343750448,26.02754458360224,163538800
26.130725860595703,26.341566599691646,26.020820282480347,26.11502506372208,138242800
25.796524047851562,26.135212934767477,25.72250526676717,26.041008146801143,193146000
25.267175674438477,25.648481674930427,25.038390705136656,25.587921954384836,274006400
23.721763610839844,25.098953580109377,23.69709068702081,24.7692351538536,513102000
23.12962532043457,24.40363885204325,20.635429332846016,21.279165624826096,648825200
23.268678665161133,24.921755869739176,23.214847613615213,24.921755869739176,414406400
24.603242874145508,24.648101779990814,23.562500514964796,24.020066830611132,387098400
25.32773780822754,25.399513122615115,24.67727305900723,25.17297330263905,338464400
25.410724639892578,25.415209847647688,25.018203077879622,25.159510224151333,212657600
25.291845321655273,25.688852065786055,25.12137834657979,25.128107013407043,224917200
24.161394119262695,25.09447342247454,24.080646657962003,24.70643862741293,307383600
25.19763946533203,25.19763946533203,24.47764300591158,24.724372203967487,247555200
24.75577735900879,25.296334790713942,24.68175858892311,25.231288148328805,212935600
24.509042739868164,24.773714459471865,24.3385774847904,24.441754363787364,199985200
25.190914154052734,25.246988668124622,24.74456150119284,25.06530779013438,219374400
24.70642852783203,25.574460815088862,24.6211941806021,25.516144558967323,340043200
25.249231338500977,25.408482748135636,24.650355957637192,24.733345140663832,251571200
25.61707878112793,25.61707878112793,25.067549271104706,25.07427793846086,199662000
25.86380958557129,26.218200942508812,25.762876139817724,26.14866908926784,233453600
26.081378936767578,26.137453453474166,25.664184395569876,26.00287495563004,173364800
26.11054229736328,26.139700433924837,25.892972869436985,26.07465378043336,148694000
25.552032470703125,26.128478368766235,25.507173546917443,25.942312294923223,256450400
25.44661521911621,25.63726994658994,25.092225570992877,25.168486092975602,297141200
25.84137725830078,25.877265766487003,25.493716319352583,25.49595806767053,200888000
25.435396194458008,25.6103483788994,25.23801283867132,25.430909275685703,201384800
25.641754150390625,25.731473716641045,25.41297088214752,25.486987941390105,143026800
25.79427719116211,25.90642622242803,25.204373902756387,25.40175558173138,200878000
25.729228973388672,26.173339862981717,25.57446277210865,26.117265350779775,224607600
25.220077514648438,25.697831825132223,25.220077514648438,25.536336928276125,208436000
24.461946487426758,25.460073906130113,24.1927894932025,25.30755115306745,293461600
24.74007225036621,25.018201315562724,24.38792442798784,24.710912412608344,265892000
24.578582763671875,24.58755489176535,24.06942518973252,24.46419026955314,255716400
24.758020401000977,24.899329280594365,24.12325816216384,24.226435069223086,232079200
24.847740173339844,24.98007692583926,24.464190675092638,24.64587156603645,208258800
24.966617584228516,25.06306582262484,24.621198351629094,24.814094828421737,192787200
24.847740173339844,25.069794785744335,24.540452909522134,25.063066117377303,187062400
24.560632705688477,24.715398884039228,24.271288060243098,24.715398884039228,247918400
25.148300170898438,25.18418697216761,24.55839515284925,24.672787647458016,211064400
25.031660079956055,25.28960315953331,24.995773284617183,25.28511795183777,121868800
25.074275970458984,25.222311774450123,24.825305030272983,24.856706616309225,132197200
24.719886779785156,25.013716664543725,24.57409271155276,24.962129073655152,177849600
25.089977264404297,25.14380831136145,24.782688353476704,24.881380032279928,150694000
24.906057357788086,25.121383294965348,24.79166486541758,25.072037446834603,156930400
25.060819625854492,25.0653048334975,24.697456201477024,24.852222389662305,119036800
25.518390655517578,25.608110225715027,24.856712033921024,24.97334627729678,195871200
25.516145706176758,25.92436807367214,25.50268666001744,25.569976757039264,167180800
25.906421661376953,25.906421661376953,25.592404086866217,25.643993385119497,166616400
26.70941734313965,26.743062399364046,26.092597586974016,26.175586786234405,237467600
25.857078552246094,26.496327643150536,25.77633111852571,26.485113767569437,265335200
25.69334602355957,26.139698728385536,25.56773793375908,25.883999051348866,279537600
26.752029418945312,26.75875979834217,26.032032836740395,26.227172769046906,342205600
27.034637451171875,27.070525952290232,26.52772349605152,26.624171703734714,204909200
26.803617477416992,27.18941040444977,26.792401890203436,27.1378210990291,197461200
27.180438995361328,27.220812714635596,26.82829110940293,27.095206348563828,128813200
27.492210388183594,27.698564171983563,27.072772442001682,27.092960155231147,182076000
27.364364624023438,27.772587044226565,27.279131973214778,27.61782082784864,179544400
27.23822021484375,27.636928177832182,27.071529633657114,27.44771040253675,158210800
27.269752502441406,27.43869612369773,27.170640079941062,27.281016097958513,132169200
27.159374237060547,27.438693853221398,27.042240758858657,27.247224775357775,135485600
26.303396224975586,26.596232538644294,26.143463127646314,26.332680887492543,236511600
26.154726028442383,26.44981367862618,25.951993333491004,26.21329363333577,180872000
26.066869735717773,26.314653322236378,26.0511017361734,26.18850932588139,130102400
25.305503845214844,26.033088543749958,25.289735840903983,25.94974239605907,183249600
25.719982147216797,25.733497089691692,25.00366098012395,25.0892584801045,152426800
25.609603881835938,25.91595515426298,25.526257733787073,25.88667049000019,110467600
26.420528411865234,26.465579354077473,26.01731612030753,26.07588372005007,186698800
26.756160736083984,26.97466139984939,26.301140064054348,26.499366602206727,173183200
26.873300552368164,27.012959518830655,26.771933344024283,26.850773360347215,137148400
26.52414894104004,26.9701608641234,26.431792268427206,26.866540595821984,129930000
26.7786865234375,26.884558122071645,26.38223344242789,26.42953744464211,171212800
26.587221145629883,26.857531976870792,26.562442609801547,26.853025851129228,85553200
26.537660598754883,26.67281685596777,26.49035659616365,26.64578526080855,52185600
26.648040771484375,26.89807746428209,26.524148097185197,26.578209573886948,156721200
26.431795120239258,26.762924933642704,26.323672151730133,26.74940999222496,139409600
26.193017959594727,26.605240795250975,26.14796701607765,26.43179105368523,133546400
25.94974136352539,26.307902759454652,25.728989311956983,26.25384127805187,166278000
26.81248664855957,26.862043733775597,25.929474805787837,25.970021355638778,231108000
26.643537521362305,26.99944586177476,26.53766590073221,26.801219280086283,128336800
26.632274627685547,26.71561905204534,26.32367031108492,26.472339812035365,137238000
26.044349670410156,26.51063400347499,25.9227100550128,26.499370407785392,185445600
26.168237686157227,26.341687416196915,26.019568207563573,26.138954746675367,116850800
25.494714736938477,25.992534988534192,25.420379142993248,25.94748405082484,187544800
25.3370361328125,25.382087073004815,24.73109119130159,25.26945800394082,257274800
24.888776779174805,25.409124363518714,24.857240770255004,25.215402183820736,213292400
25.080238342285156,25.2266564645062,24.5080842278671,25.019419405852176,224954000
24.54863166809082,25.285224994149143,24.54863166809082,25.23341486827408,179091200
23.88412094116211,24.670271389359083,23.834563874077595,24.53286550142011,385813200
24.17696189880371,24.185972432616467,23.780507003960455,24.165698301891865,190362400
24.15443229675293,24.26480830958003,23.978729495298605,24.19272576997696,131157600
24.465290069580078,24.519351549372036,24.147675223812477,24.163443227026107,130629600
24.334640502929688,24.55314120884414,24.316619436371415,24.55314120884414,54281600
24.062076568603516,24.2580517863807,23.917911483773185,24.23552459552697,106816800
24.49456787109375,24.649996526273785,24.071083217553404,24.09360868618946,123724800
24.17470359802246,24.485559213586477,24.143167595802193,24.458529336588093,100855200
23.710676193237305,24.109382410367616,23.611562045406348,24.104878003004163,163649200
23.7309513092041,23.735457435664685,22.97633667392431,23.11374431504918,270597600
23.13626480102539,23.843575267401853,23.068688385946427,23.821049795708866,223164000
22.683494567871094,23.059676977036663,22.496531613200904,22.65195856498295,273829600
21.726144790649414,22.55509473351761,21.721640384466582,22.228471149896194,324377600
21.841033935546875,22.325339388636742,21.795982984899094,22.199195351956075,283192000
22.194686889648438,22.31407344302432,21.926629121332716,22.293801032941662,198957600
22.516803741455078,22.681242941827485,22.264514002903095,22.64970693933139,196616800
21.937894821166992,22.793876624144982,21.91762240914001,22.597901381632845,249758400
22.417692184448242,22.63394153867265,21.566216582054608,22.0662899913546,252680400
21.879323959350586,22.009974101608417,21.480617781489038,21.66983380662107,319335600
21.773454666137695,22.22171792530289,21.51215437447018,22.167656447868826,212350800
21.8027400970459,22.11810190214439,21.04361938917253,21.422053211574006,289337600
21.692367553710938,22.048274239785737,21.386016233066,21.863562565742512,208646000
22.845680236816406,22.85469076868208,22.15864393824545,22.217209817497473,263202000
22.39966583251953,22.87045443278656,22.347855713762687,22.868201370601593,207178000
22.523561477661133,22.724041089583306,22.091066250947,22.510046538883586,300308000
21.043617248535156,21.76669574806189,21.02559618297217,21.633794256347503,533478800
21.194538116455078,21.29139918790636,20.81159995597322,21.1269617038553,222715200
21.9266300201416,21.9266300201416,21.25310855531319,21.35222270266927,257666000
21.721643447875977,21.78471545482899,21.48962782862026,21.73065398009545,163774000
21.28238868713379,21.633790816826192,21.237336030389166,21.494130158792558,149428800
21.703624725341797,21.81400074941957,21.192289426440556,21.39952653410023,183857200
21.878015518188477,22.0433470401719,21.558678918068512,21.71042043534473,185886800
21.29368782043457,21.950481368356943,21.218950596826904,21.85988885693516,185672400
21.517913818359375,21.674184195858096,21.071746935546646,21.0921293521255,216085600
21.513381958007812,21.72853946722121,21.27331318376394,21.354846301037156,177324800
21.350313186645508,21.82139297982677,21.311811921371458,21.724006308427843,169374400
21.221216201782227,21.45222721456371,20.9698227791187,21.241600339572877,200298800
21.286897659301758,21.402403176130246,21.0649477791782,21.332194787425067,161405600
21.887069702148438,21.934630387457513,21.42731468291873,21.520170765310173,196231600
22.222270965576172,22.242653384558366,21.776104030154784,21.89387314939601,179452800
21.801008224487305,22.396651175658235,21.762505235441324,22.38532646219024,156084000
21.751184463500977,21.91425067774679,21.69682963472199,21.742125037386337,141496800
21.94142723083496,21.945957807847254,21.724006187783868,21.812333432526223,137123200
21.445430755615234,21.855359748221122,21.413723636182095,21.83271205261294,127770400
21.7647762298584,21.828190494923877,21.13516070112382,21.284638664128842,145022800
21.91425132751465,21.91425132751465,21.57226532515957,21.753450397006887,110330800
21.948217391967773,22.19960905772961,21.8734784418694,22.01389519039657,115964400
21.898399353027344,22.24717951851221,21.889339925986423,21.93690062201949,140865200
22.768075942993164,22.82243075901636,22.063721711032088,22.11581296698947,201628400
22.81790542602539,22.849612550915705,22.566511987317377,22.76355060162895,132678400
22.987768173217773,23.035328865537434,22.74996298371058,22.779406551271965,147822800
23.32975959777832,23.497354704142662,22.958331671290157,23.184812198559,184220400
23.071563720703125,23.288984742123198,22.865465684869566,23.18933279267324,143315600
22.881309509277344,23.04664092523923,22.738627510666795,22.82468942171488,126247600
22.901710510253906,23.0058913407665,22.709200688399477,22.944740633522862,108806800
22.913026809692383,23.155360823111348,22.682017509985283,22.96738336201888,134054400
23.15989875793457,23.164427608112955,22.987773076698392,23.15536817984692,109632800
23.218780517578125,23.307109503844107,23.051185428376535,23.080628999768237,100304400
23.685325622558594,23.821213545524536,23.519994135545762,23.544907123012198,160270800
24.000133514404297,24.077136037852313,23.687589388175116,23.692119964794824,153214000
23.96163558959961,24.113377097226152,23.771391086978394,23.898219603453242,137682800
23.988813400268555,24.120172500887048,23.82348360803238,24.083934792616137,176820800
23.986547470092773,24.380623005113264,23.812156540105804,23.991076319224767,142010800
24.169994354248047,24.299088144055386,23.828008384512952,23.83706781003208,129777600
24.036373138427734,24.24926534626152,23.98428359475072,24.11564269013365,102814000
23.932188034057617,24.063547105898483,23.755533564710287,23.886892636551153,104532000
23.823484420776367,24.04996492146888,23.79404084982452,24.00693307340639,77645600
24.38741683959961,24.412329829288048,23.75327083865382,23.755536127146087,124760400
24.813196182250977,25.00796949675472,24.595775169576513,24.607099882616183,182404400
24.684097290039062,24.890195274900726,24.65918430883802,24.849428735472497,103553600
24.910581588745117,24.912846876821035,24.50518141858237,24.63654048044911,103496000
25.16651153564453,25.408845579897044,24.97400174550099,25.007974163050374,149424800
24.86981964111328,25.078182984908835,24.781492396815462,24.80187653745049,106314800
25.130264282226562,25.134794857730032,24.731658305426908,24.964934562423778,105616400
24.58218765258789,25.00797026618707,24.48706628059903,24.901524180810107,127207600
24.609365463256836,24.860757162220555,24.498388803456823,24.665985573310813,94326800
24.690895080566406,25.050999853477524,24.64786497495567,24.679572096104007,117630000
25.01250648498535,25.026094761789363,24.60937147931519,24.763376557518125,108929200
25.374874114990234,25.44281722473084,25.094038793329254,25.094038793329254,133029200
25.38846206665039,25.4541416147626,25.21407285317995,25.27975240129216,101895600
24.878875732421875,25.43375384145752,24.85169918576304,25.390722005369543,187756000
24.342119216918945,24.675044022744533,24.21981956812419,24.66145574884801,243286000
24.213027954101562,24.459890837790415,24.059021164895416,24.43271255925679,129539600
24.262847900390625,24.480268906348236,24.020513908842275,24.151872973246423,122444000
24.000133514404297,24.217554538615328,23.89821627536529,24.217554538615328,126210000
23.93446159362793,24.115646702085435,23.6943927936446,23.78272005884259,134732400
23.798566818237305,23.9276606095132,23.669473026961406,23.78044796699292,112126400
23.63323211669922,23.848389558227918,23.533581904198304,23.533581904198304,224064800
22.154321670532227,22.355889170290585,21.669653555617863,21.74212724398144,458408400
21.477140426635742,22.167904728247734,21.345781357430408,22.106755770050007,328970800
21.23027992248535,21.452231555372222,20.95170989694444,21.286900043048345,274126000
21.207624435424805,21.30727636396855,20.92678922432953,21.282363381832614,192640400
21.55640983581543,21.683238338036464,21.21668915237302,21.334458229019873,227325200
21.332202911376953,21.719484432798847,21.248404488367413,21.56094701585453,164102000
21.245609283447266,21.434732996565515,21.118008579863485,21.41878290861754,143562000
21.127120971679688,21.293457337528263,20.928882694816636,21.27522990921445,174799600
21.1430721282959,21.366373347698225,21.097499209131772,21.1909223895964,131745600
21.286619186401367,21.32079843518479,20.988124006445666,21.2661126801886,134747200
21.079269409179688,21.320799769083546,21.067875746062786,21.30029326158782,114876400
20.584815979003906,21.14079343395983,20.38657942691291,21.127122427175387,305258800
20.625835418701172,20.887874118255745,20.50734927667825,20.50734927667825,177571200
21.391437530517578,21.507646298698038,20.88331209704313,21.051927548030122,245039200
21.30257797241211,21.578287678610693,21.193206417743497,21.5441101542952,187667600
21.5463809967041,21.694489931630287,21.39371563938697,21.455238641453214,168249600
21.464357376098633,21.564616080500596,21.320806562601753,21.564616080500596,121768400
21.696773529052734,21.74462379705001,21.537270897299123,21.564614652624435,128104000
21.97247886657715,22.145652472550694,21.7993052606036,21.844878177138224,152074400
22.30743408203125,22.350726182938512,22.06590195241827,22.152489631091072,140560800
22.699352264404297,22.72669427765415,22.35528411076761,22.482884808411256,152675200
22.879362106323242,22.95227704133742,22.476050013878265,22.713023987281645,225324800
22.865690231323242,22.893033984905465,22.615045241321894,22.65833908321977,145364800
22.754030227661133,22.877074460384684,22.517056342981913,22.694786321884198,169228800
22.43503761291504,22.681126196370553,22.405416515036443,22.56263832799744,116693200
22.266420364379883,22.29376237919357,22.01805271977049,22.239076611136976,160766400
22.31199073791504,22.39174117560807,22.2048965479719,22.28236964346596,114019600
22.473773956298828,23.21659615184701,22.227687104041692,22.327944066654076,93170000
22.56491470336914,22.756317491473023,22.54896461589625,22.615044046406567,89638000
22.544410705566406,22.68568242794784,22.485166771880678,22.562638137260258,83392400
22.706188201904297,22.783659558832454,22.435034975797432,22.444149559864716,106405600
22.519338607788086,22.63782469767143,22.439588187825375,22.450980111575035,126851600
22.17983055114746,22.58542169569288,22.125144788343775,22.487442095687204,152082000
22.207170486450195,22.43958798068611,22.04539056789672,22.17527031875958,127727600
22.13425636291504,22.423638701038083,22.10919169619796,22.28920078515296,117780800
22.227684020996094,22.27325520327819,21.890451361449387,21.977037303157044,125307200
21.72183609008789,22.022610415685328,21.715000586528955,22.015774912126393,244032800
21.669431686401367,22.004385330376675,21.65348159566109,21.87450552336885,137647600
21.8539981842041,21.95425514860418,21.573730327853145,21.632974264836903,142185600
21.77196502685547,22.077295769638027,21.726392106599683,21.931465901677825,116876400
21.897293090820312,21.9405869431981,21.703612903410196,21.86083648231507,128960800
21.282068252563477,21.569171582580047,21.11117370300611,21.170417633612853,301245600
20.97218132019043,21.202319822190724,20.84913702422283,21.190926155767468,181958400
21.32535743713379,21.341309261800948,20.994962048588413,21.16813565519468,161779600
21.509925842285156,21.544105097006888,21.334473145980517,21.41194623924505,146124000
21.783357620239258,21.822093299821137,21.48714145243588,21.51904162837733,143345600
21.84943389892578,21.9815927449947,21.721833213578662,21.758289807208286,104106000
21.644365310668945,21.737788505120793,21.523600099054118,21.735509424214086,110820800
21.76740264892578,21.79702547596092,21.503086716361018,21.555493391466726,123796400
21.860828399658203,21.988429089892936,21.787913471177067,21.806140899475583,100558400
22.02944564819336,22.07729591094634,21.88589485993442,21.986151808280546,115648400
22.097806930541992,22.250472322052435,22.040842076536958,22.045398499948433,95179600
22.198062896728516,22.261863252206457,22.129706118043277,22.141098045276166,96670000
22.072738647460938,22.255025107420934,22.06590140581734,22.19578292060921,103568800
22.510234832763672,22.555806026498324,22.175281169682215,22.1912312613323,155676000
22.507946014404297,22.626433848342835,22.444145675404556,22.539846183904167,120548000
22.74720001220703,22.81555677620662,22.46693223836481,22.48971782636467,145975600
22.756324768066406,22.785945871865135,22.635557794664564,22.685687153731422,95119600
22.776823043823242,22.89075273196067,22.72669370289412,22.785937627485726,105104000
22.65605926513672,23.013798438655886,22.58770075262052,22.747203369015253,130808000
22.480606079101562,22.62643593553281,22.40085390956624,22.617321352202232,113254800
22.17983055114746,22.52161961092135,22.084130031633748,22.387183415189565,161531600
22.027164459228516,22.323382329932556,21.97019961781843,22.061343711760365,224959200
23.458120346069336,23.777123796795603,23.41254916957799,23.758894630827488,369379200
23.77484703063965,23.79991170167832,23.428501535677558,23.43078061625265,159479200
23.745223999023438,23.822697086391937,23.624458814835958,23.74066757667422,110934800
24.164485931396484,24.187271519812555,23.79079671840026,23.79079671840026,152671600
23.806753158569336,24.16904880484603,23.69737987117803,24.16449238131821,135266400
24.105243682861328,24.116635608645094,23.872826144980184,23.88194072866465,120810400
24.2541561126709,24.283937671156025,24.118989890337996,24.187718714961047,109634800
24.622997283935547,24.661942802371318,24.325174706593064,24.34579230534849,162213600
24.826887130737305,24.826887130737305,24.54968393855186,24.63215606994949,112148800
24.927690505981445,24.957473812255955,24.744416553749847,24.794817458663687,105260800
24.74212074279785,24.948305431890425,24.687138741655264,24.904777067569132,96034000
24.726085662841797,24.955179386486087,24.70775774546712,24.861250120825655,109938000
24.783363342285156,24.84292821004068,24.69172548754898,24.69172548754898,74641600
25.0811767578125,25.09492181924825,24.760445257491877,24.774190318927626,103472800
25.058269500732422,25.253000553520927,25.019323989313243,25.115542928529912,135177600
25.021621704101562,25.055986118985572,24.820018068966988,24.99412982262501,101424000
24.98954200744629,25.10866996616933,24.975795196475197,25.023906413104605,87938800
25.053691864013672,25.12929321865578,24.8245981211078,24.918525646819003,101472400
24.858963012695312,24.99412748465648,24.70776030048799,24.939145474693174,103280800
24.936847686767578,25.04452200020411,24.863537776234683,24.877282838257685,85030800
24.748998641967773,24.913946429015343,24.668816175443727,24.872709482253452,94700400
24.64361000061035,24.71462849049414,24.439716741137445,24.60237306342222,100344800
24.499279022216797,24.730662383624868,24.354948883288298,24.606953332894857,111065200
24.471790313720703,24.613829044778868,24.350370925679744,24.4259722703323,99881200
24.28394317626953,24.39849007804439,24.169396274494677,24.238125114698395,99455600
24.306848526000977,24.41452287701855,24.20146560206905,24.20604845624034,118649600
24.45117950439453,24.467215998815654,24.19688527296902,24.316013267547813,106806000
24.680273056030273,24.742127605992668,24.471796882605915,24.673398774615084,107210000
24.67339515686035,24.81085279946069,24.629868534693674,24.719214953675976,107521600
24.824600219726562,24.91623807420509,24.52906905665283,24.70318080537736,169457200
24.173973083496094,24.574887168427484,24.109827109562545,24.570306062223672,212008000
23.626432418823242,24.219786004852924,23.626432418823242,23.97236439180936,186228000
24.155641555786133,24.21978751549921,23.488978014811718,23.516469889480028,181171200
24.730661392211914,24.923100987119952,24.568005093524917,24.629861364256296,248704800
25.605804443359375,25.89446302139946,24.87957776681186,24.909361069182438,443554800
26.47637176513672,26.513027613998688,25.99985621701359,26.084621556621585,359934400
26.327455520629883,26.604658771448115,26.12585363308392,26.373275323149475,319547600
26.020465850830078,26.616109189599428,25.944864501673187,26.389306889975177,188092000
26.018177032470703,26.144179293697142,25.775338217576035,25.89904905191292,138057200
26.01359748840332,26.114397555589942,25.759303271639574,26.08232456859692,144012800
26.25872802734375,26.332037962380134,26.116689263527814,26.196871731872807,124296000
25.82115364074707,26.297669010181558,25.555405827538955,26.212903702359732,209924800
25.860103607177734,25.97694191692001,25.55541022758221,25.576027827500234,119477600
25.90821075439453,25.928830100301912,25.736390445834793,25.887593156333715,98429600
26.10523223876953,26.26330748633983,25.98610425724975,26.045669121932946,118564400
25.699737548828125,26.07087006177409,25.61268255100721,25.92425019815642,143548000
25.899044036865234,25.972353952515935,25.612676905753705,25.763877842100538,145516400
25.777624130249023,25.899045267802105,25.722642127859363,25.821152495557605,86807200
25.88759422302246,26.187706481695248,25.802828904748836,25.9013392889627,118947200
25.899044036865234,26.03879133667536,25.81657016327741,25.97922648400721,85812400
26.091482162475586,26.19457363153478,25.91737045567806,26.047953798814635,115117200
26.130428314208984,26.244975170571948,26.004427820917513,26.187701742390466,97433600
26.58632469177246,26.746689583283207,26.28162965005582,26.350356711626326,144944000
26.643600463867188,27.191134317484888,26.620689693479395,26.964330275139694,256164000
26.881860733032227,27.02848234621631,26.746696254737,26.884152160009997,150347200
26.79938316345215,26.904766061091546,26.51072459731605,26.75585479891876,140769600
26.948299407958984,27.072010252913373,26.833752523502707,27.00557285018712,142608800
26.929969787597656,26.996405433972964,26.753566629321565,26.87956888523306,94499600
26.911636352539062,27.081165195686054,26.907053499892672,27.074292664562634,98214000
26.83146095275879,26.978080814699002,26.070869763501435,26.861242511393115,80138400
26.81771469116211,26.89102462364147,26.650477226996685,26.771896638805003,96503200
26.712324142456055,26.783344375524273,26.639014230916658,26.760433608043204,92770800
26.9528751373291,26.97349273211468,26.803963877330233,26.8268728985963,94154800
27.090335845947266,27.115536298189827,26.874987162364132,27.021607022040897,192516000
26.480937957763672,26.506138402701147,25.958604640598008,26.187698323414253,264536800
26.22665023803711,26.542798947275006,26.139593504476434,26.43512461756348,138248000
26.052539825439453,26.39388900121319,25.990683538191657,26.08690423526084,151446800
26.011306762695312,26.16938202274203,25.93341397229303,26.0365072171331,105677600
25.541664123535156,26.063997643480405,25.321734312392252,25.99297913354741,175303200
25.564571380615234,25.738683124487448,25.482099236514344,25.521044755532166,113326800
25.290552139282227,25.665891571470034,25.22607682644707,25.55536296570134,107730400
25.062578201293945,25.38725964409757,24.89448213712963,24.99119508556555,123348000
25.424110412597656,25.447137060209464,25.205352868233966,25.348120894340145,130240000
25.57378578186035,25.72576482599029,25.2606184395508,25.401083280887615,97016800
25.532331466674805,25.633650807028452,24.88066884225742,25.302061516285825,236705600
24.820798873901367,25.580688677849547,24.369469969035215,25.580688677849547,228538000
24.968175888061523,25.069495249098946,24.535268925410048,24.666522753653677,136575600
24.34183692932129,24.82540348737254,23.96649753208758,24.802376843050165,204702000
24.664213180541992,24.795466974827097,24.44545744234022,24.539867203300282,129058000
25.327394485473633,25.38266054531642,24.546779397604602,24.56980604412884,235362000
25.31818199157715,25.410290329096046,25.060280754708725,25.285944336968594,110528000
25.34351348876953,25.454043852398016,25.251406902036415,25.265222538682277,113715600
25.728065490722656,25.787934420268233,25.332000846304773,25.357330684505023,117058400
25.744186401367188,25.886952675330733,25.652078051081272,25.778725495506333,103862000
25.612930297851562,25.67740561027784,25.405686967323877,25.642864762386477,109705600
25.74187660217285,25.760298618865686,25.54844894053852,25.58989759968729,45903600
25.69121551513672,25.898458799429562,25.649766858278152,25.658977866115624,108776000
25.665891647338867,25.797145465089997,25.345816517089258,25.50930799135326,114115200
25.449440002441406,25.836293678421285,25.391872501592143,25.698132027747196,144649200
25.212263107299805,25.546155678597984,25.10633911265993,25.414901842107188,148347600
25.306669235229492,25.350419333475468,25.06488507182746,25.13857138956954,106112000
25.124753952026367,25.336601880738346,24.926721657893783,25.32969406344865,137298000
25.31818199157715,25.412593520659634,25.143178082793696,25.214561209881143,104782000
25.56687355041504,25.6037175875377,25.136269846671315,25.159296491462786,119994800
25.817869186401367,25.889252313584898,25.467857854722514,25.527728537713447,108273200
26.2392635345459,26.41196601965301,25.86162090765732,25.86162090765732,137610400
26.089590072631836,26.481048345444968,25.90307018964767,26.087286880865953,105497600
26.52480125427246,26.69289736660036,26.19321189968939,26.213935355940514,174935200
26.52480125427246,26.75737268403137,26.476444766199204,26.490260403699953,136127200
26.66986846923828,26.8794149900372,26.534010027083767,26.568549117922718,186098000
26.704404830932617,26.82644761625008,26.63071852148697,26.819539799242705,177404400
26.858686447143555,27.02908571582107,26.653746335091068,26.66526053515615,111117600
26.930070877075195,27.05672005666432,26.867898761435306,26.881714396728537,85700000
26.955400466918945,27.03369316544668,26.890925160378657,26.895531543314586,95132800
26.77809715270996,26.828756831231956,26.628421308936957,26.791912789826654,104343600
26.8310604095459,26.8310604095459,26.6169092330272,26.6169092330272,56998000
27.00145149230957,27.12579746076243,26.824142668900457,26.831050485455602,73187600
26.886322021484375,27.176460916964754,26.757369644450435,27.061325932682575,83623600
26.879411697387695,26.966913644828455,26.803422193209514,26.814934636472096,60158000
26.66986846923828,26.987640402700062,26.580063319416027,26.8609929703761,122345200
26.74585723876953,26.78730590344384,26.42578212254811,26.665263101019615,115127600
26.71591567993164,26.828749207054972,26.653743573753964,26.676770214678285,84472400
26.851783752441406,26.90935125010862,26.667567057178076,26.6928968966973,88774400
27.15113067626953,27.208698163829947,26.819541385739022,26.890924508131448,127007600
27.39982032775879,27.501139665978368,27.158037939035147,27.160339373579944,134247600
27.427452087402344,27.489624196826544,27.24093400230956,27.34915939598723,97848400
27.574827194213867,27.616275856511386,27.31001639380307,27.342254047054436,110354400
27.459693908691406,27.471208109913796,27.22021292919338,27.379099770596024,108344800
27.411333084106445,27.544890067121873,27.35837022642096,27.427451909172433,104447600
27.63239097595215,27.687655265994422,27.222510790900074,27.25014205751116,137759200
27.630090713500977,27.747528879506493,27.565615408814118,27.632393904902735,94852000
27.581745147705078,27.653128298019663,27.4873353447233,27.494243164841357,102389200
27.63239097595215,27.736011739383926,27.5702188692571,27.736011739383926,130391600
27.65081787109375,27.818913962042,27.57943298717096,27.632395852222036,88200800
27.625486373901367,27.65542083515336,27.51725921556063,27.52877341586849,92844000
28.065303802490234,28.11596347786842,27.69687219540411,27.729109851222866,129510400
28.07912254333496,28.194257535877,28.00082983485968,28.016948663542745,105350400
28.0814151763916,28.17352349291877,28.000821058237836,28.12516702202651,82251600
28.00773811340332,28.00773811340332,27.784377699931902,27.846549823924857,121510000
27.943256378173828,27.952467386430914,27.775160308737572,27.8972030937086,196804000
29.647258758544922,30.047929772891518,29.24658950101878,29.25119412743658,447940000
29.596599578857422,29.794631897723733,29.423897097763813,29.469952146814403,134841600
29.723241806030273,29.748571637870295,29.511393900477426,29.545932983150117,98029200
30.001869201660156,30.050227435489187,29.68179412277796,29.73475873926701,107383600
30.287412643432617,30.4163632805029,30.0387206232365,30.05944407984251,152735200
30.40485191345215,30.446302344171244,30.216032324029964,30.245968551013664,92016400
30.624549865722656,30.631487632866527,30.323900350281978,30.446472274989613,113399600
30.555173873901367,30.744815618492357,30.53898692409789,30.633807796393384,80262000
30.825759887695312,30.948335371963452,30.700876518967366,30.777195505530404,92141600
31.22584342956543,31.242030373775627,30.81649759537336,30.867376898103394,132904800
31.33916473388672,31.514930892914073,31.133336096768414,31.34147967526806,142492400
31.302165985107422,31.429360727692984,31.18421689299279,31.376170006491336,90338400
31.387741088867188,31.413180748801448,31.244355839533174,31.244355839533174,88792800
31.6143798828125,31.625944005042655,31.447866403547273,31.505683485823404,98028800
31.709190368652344,31.711501780792165,31.47792211522446,31.551926121307165,83347600
31.57505989074707,31.794764064225188,31.521869171223212,31.771639352154608,83152800
31.605121612548828,31.605121612548828,31.285970280934357,31.431670415605943,87106400
31.66756820678711,31.785517304157608,31.51724521582886,31.7161361049175,81029600
31.68144416809082,31.785514192325238,31.61437438813764,31.702257467162898,93931600
32.32900619506836,32.412262955360646,31.82253139290543,31.889597672282996,145658400
32.137046813964844,32.442319156734115,32.09079032756467,32.377564310423224,104844000
32.32667922973633,32.33824334927274,32.05146941758944,32.09541095450349,84432400
32.22492218017578,32.32436937834266,32.05378590671845,32.23185994645789,87000000
32.26655197143555,32.372933405905044,32.09772358332801,32.16016700809209,69785200
32.14630126953125,32.331316658871906,32.104674659588994,32.13473714603339,74828800
32.07229232788086,32.097731986936,31.69532732590461,32.086171392808566,88623600
32.178672790527344,32.229552101477296,32.06303863452733,32.20411244600232,78451200
32.19255447387695,32.24574520771233,32.10467489816524,32.11161266654051,69686800
32.143985748291016,32.29662016078054,32.109293382231215,32.215678364390186,61236400
32.483943939208984,32.55101018724552,32.153228466057726,32.24111154109597,102767200
32.53714370727539,32.61346268385059,32.43769648487442,32.54408147524815,76928000
32.37525177001953,32.60883149115717,32.352123527625004,32.60883149115717,175540000
32.71521759033203,32.72446677028318,32.43075502037318,32.47007021069586,86168000
32.34056854248047,33.02512448157474,32.31512888020964,32.86554873904641,158119600
32.705963134765625,32.74759326450858,32.32205690311891,32.34287373242752,103440800
32.5903434753418,32.74298147081878,32.51865083382632,32.66897388675388,81385200
32.52558517456055,32.779981806867895,32.458518896338866,32.72447612467116,89582400
32.58107376098633,32.65970412284992,32.05840523229322,32.23648278146844,94300400
33.25639343261719,33.31189558480761,32.52095815621563,32.58802796194624,133499200
33.330387115478516,33.41595878829196,33.11530928486144,33.22862849626748,116760000
33.28643798828125,33.41826258646082,33.18699433326732,33.346569992590595,84829200
33.2240104675293,33.36508429564354,33.07368392967407,33.23788600326598,78646800
33.233253479003906,33.33038574000391,33.082930497929304,33.23556842044681,79942800
33.480716705322266,33.50846777533685,33.11068597037959,33.129187860014184,79565600
33.3072624206543,33.640289345938676,33.25869452368603,33.35351537608284,110871600
33.2240104675293,33.4229013804629,33.17544256357612,33.36970712163922,84596000
33.15000534057617,33.34426991291158,33.13381839065242,33.24019985836583,66688800
33.110687255859375,33.274889327194714,33.048243817027654,33.21013447539691,75733600
32.754539489746094,33.152321357737605,32.39144646476976,33.05750048166255,121517600
32.79384231567383,32.87478409512995,32.61113840105722,32.7475893661455,81400000
32.62039566040039,32.92798293455409,32.62039566040039,32.81928654711352,71291600
32.800785064697266,32.81234918605461,32.57876593280913,32.71983974407023,66328400
32.655086517333984,32.84935106181636,32.634273215183995,32.703654417891855,58790000
32.53483581542969,32.84011178788156,32.481645073154205,32.81236070997707,69313600
32.94186019897461,33.052868004939796,32.645837030484415,32.65971256512075,93278400
32.90254592895508,32.997363261249184,32.8054136549071,32.941861121150126,69283600
33.21937942504883,33.29107203548828,33.112994451288344,33.187002003273776,68537200
33.42522048950195,33.51078866549645,33.27258250350451,33.28183521537591,75486000
33.228633880615234,33.44140386191959,33.15925620070607,33.411337848042365,80164800
33.25408172607422,33.3396534338198,33.143073882016616,33.28414774735313,56985200
33.2216796875,33.37200615368835,33.13380016010526,33.3234382728895,83441600
33.89931106567383,34.042696296088565,33.52465751323557,33.55703493716388,134411600
34.11438751220703,34.24852355694448,33.95943816627095,34.12132527927324,181408800
34.01031494140625,34.10976214339748,33.36507795023889,33.670350265013234,182788000
33.88774490356445,34.028818712660346,33.721231439422596,33.88543349087821,93487600
34.44973373413086,34.45435656017521,33.94094055926449,33.94094055926449,109310800
35.38637161254883,35.54594735061656,34.46592449871822,34.46592449871822,195009600
35.613006591796875,35.81883523651143,35.48811973431324,35.58525199631485,156521600
35.444183349609375,35.60144765064016,35.178226178926415,35.529755032223434,103222800
35.7507209777832,35.77859014018026,35.36987549713816,35.402386567067346,109020400
36.25,36.32430949339063,35.91791937475135,35.9248857790242,130108000
36.1571044921875,36.37771553649131,36.00616102593758,36.229093023581775,104038800
36.10369873046875,36.24070940692101,35.92953153528482,36.2128437895926,80194000
34.89148712158203,35.89469164682741,34.766088327646294,35.669435173615554,203070800
35.423274993896484,35.609053998391495,35.09584344055079,35.128354500579434,134272800
35.54404067993164,35.757685347800766,35.44418652206005,35.61835371750733,107843200
35.760009765625,35.8970204419808,35.50920857952385,35.762330719253846,91865600
35.71588897705078,35.97133208567546,35.60209846050506,35.97133208567546,79675600
35.60906219482422,35.80180764630263,35.45347326148539,35.725173656429966,76712000
35.73213195800781,35.843601487149655,35.53706559716929,35.69962089786806,76942400
35.67177200317383,35.81807361407988,35.60210440067374,35.76233882339152,87710400
35.685699462890625,35.86218762510547,35.60674451217143,35.627643726754584,80507600
35.474365234375,35.801800339704464,35.38612295110314,35.755356473228765,97804800
35.5719108581543,35.606746427774596,35.34897880372531,35.569589904222724,65616400
36.09904098510742,36.09904098510742,35.50455106163563,35.66478539358253,111082800
35.746063232421875,35.86682011210074,35.63692174790094,35.841275455696355,101326800
35.8668212890625,36.1826445315896,35.71123239256279,35.739098002849374,106499600
36.080474853515625,36.2221309800143,35.87379659125762,35.999198955536784,84278400
35.99222183227539,36.11994156869703,35.855207653820855,36.05259849937361,85003200
34.5965576171875,36.03866300878883,33.90917999697816,36.03866300878883,259530800
33.76985168457031,33.92544059310496,33.094082235331136,33.8441647090024,289229200
34.04155349731445,34.241265329747584,33.707151959897104,34.173922248975565,136661600
33.70946502685547,34.252865569188764,33.40292920701269,34.252865569188764,126124800
33.5074462890625,33.55156921439652,33.024425694460675,33.282193298333425,128661600
33.038360595703125,33.556216789987175,33.02210328810194,33.38901597994587,201444400
33.983497619628906,34.076388903736074,33.36114196159167,33.36114196159167,130165600
33.67465591430664,34.10659083553055,33.6584021469157,34.10659083553055,99600400
33.874351501464844,33.92079891376589,33.58175193854454,33.79307561681812,85063200
33.818626403808594,34.06710309612845,33.70019044179757,33.85113747224597,76425200
33.969581604003906,34.17393898661315,33.697881107639475,33.70252656000112,141757600
33.862735748291016,34.43400194224442,33.760557133193196,34.17623445177102,102769600
33.37739944458008,33.94170298522307,33.35185478153137,33.67464449999742,99047600
33.86506652832031,33.93008865798964,33.24503179961903,33.55388868726849,88329600
33.365779876708984,33.7025058690851,33.04066927982692,33.60497269002048,125997600
33.444759368896484,33.663049568357465,33.38902457006326,33.544613563767115,92096400
33.32399368286133,33.741995706038395,33.23110591924023,33.64446249120392,57111200
33.461002349853516,33.62355769807558,33.14285805808741,33.368114591852574,86278400
33.145179748535156,33.32399240727423,33.07087024917093,33.212526386507434,96515200
33.48190689086914,33.61427568769328,33.184661765845334,33.184661765845334,76806800
33.68624496459961,33.89292315267783,33.29378779384179,33.465633972922305,84362400
33.79539489746094,33.869707918712685,33.52834000714723,33.609615887771454,79127200
33.84416580200195,33.94634089873578,33.63052116502008,33.874352368642334,99538000
34.315582275390625,34.48278306318964,33.774502440352215,33.788435248762035,100797600
34.61049270629883,34.67783931848978,34.21339360907738,34.36201609435176,80528400
34.73126220703125,35.04244009501903,34.50136376510992,34.55941949988858,95174000
34.85201644897461,34.863628303726074,34.524581279562305,34.647659144358606,71475200
35.07030487060547,35.163192617256435,34.82182465598151,34.94490251484222,83692000
34.91238784790039,35.23750201452352,34.877555832359356,35.18176724621783,68974800
34.89613342285156,34.93561088752508,34.573343759048086,34.83111129945517,105010400
35.318782806396484,35.400062245206634,34.81021404818792,34.96812747527722,85972800
35.4697265625,35.72516962312926,35.25143647237522,35.25143647237522,75415600
35.63692092895508,35.74606241096791,35.54402966078306,35.611376273137715,63124000
34.96347427368164,35.76000054974113,34.20642900322231,35.704265786046555,129905200
34.71731185913086,34.88683352688208,34.64532335132304,34.807878617895376,68854800
34.53850173950195,34.910059698064146,34.39917016262061,34.81020203503184,79383600
34.84504318237305,34.88452064600083,34.464197808236975,34.62443215930494,141474400
36.49150085449219,37.09760267371583,36.26392343901686,36.98845764372018,279747200
36.12691116333008,36.50775650284509,35.9991878847099,36.47059999571203,108389200
36.31733703613281,36.55188087558903,36.1547817244582,36.24302755512729,82239600
36.87932586669922,36.90487053275964,36.38236889888449,36.47293570701855,87481200
37.174232482910156,37.58062245105715,36.75390971137699,36.83054367344028,144823600
37.40180206298828,37.450570408095835,36.94896833029775,36.98380033148988,104526000
36.21050262451172,37.301571894907305,36.04963902653811,37.278256989530945,163217200
36.71406555175781,36.96818517519184,36.385348203071295,36.50890935657249,105028400
37.266605377197266,37.35053406139659,37.0101556317673,37.14304419731428,88490800
37.67457962036133,37.81445834559268,37.334201296658684,37.4554323710759,117862000
37.523048400878906,37.88673814928685,37.336539834236234,37.75385315230165,110686400
36.80266571044922,37.46710142244014,36.798002017624476,37.422805233993365,111762400
36.71874237060547,37.18501211499411,36.536897454882364,36.80267106688966,109712400
36.651123046875,36.80965300150056,36.161538549628425,36.718730572852444,105474000
37.25028610229492,37.301576053957554,36.83997004634937,36.88892637280111,86418400
37.296913146972656,37.41115050669359,37.04046694061006,37.084763132284614,77596400
37.13138961791992,37.47409814181354,36.96353223652894,37.40182334806708,79275600
37.268943786621094,37.43213749871442,37.13139505481073,37.219983894315035,101920400
37.644287109375,37.76784830380516,37.28525742350356,37.334217310615394,103864000
37.97999954223633,38.028955868971686,37.3015762700593,37.3248911781703,118067600
38.08257293701172,38.20846417016917,37.91005189560232,38.18748289086875,109078400
38.234107971191406,38.35533906569599,38.11287687668682,38.15017929920435,107140400
38.245765686035156,38.453255521353654,38.14784949426905,38.42061679076495,66364400
37.78649139404297,38.292393517744884,37.432125477758476,38.175826109776104,117874000
37.746856689453125,37.99864270278832,37.42279945659071,37.933365242740834,86606800
37.5953254699707,37.8238001893692,37.38550552322698,37.78882782667486,87714000
36.982181549072266,37.56967879635614,36.958866641662645,37.50207125663692,114446000
37.65127944946289,37.77950433243373,37.2759321869604,37.41814459219067,126323200
37.5020637512207,38.224783048013585,37.01481287713145,37.910049647749496,286856000
37.219974517822266,37.29224930394388,36.81432218671921,37.27126446546717,179629600
36.90058517456055,37.16169507812137,36.856288982201704,37.066112489582196,95042800
37.273597717285156,37.5277138279372,36.835303099019114,36.944876753585625,196458400
36.99150466918945,37.41814185365583,36.835304753131595,37.32721940826826,113077600
37.0054931640625,37.247955396378906,36.937885623859245,37.187338059622085,83242400
36.38534927368164,36.89591148810429,35.863126050647985,36.811982819355215,211805600
35.76053237915039,36.32238787387405,35.6113263097376,36.32238787387405,150046800
35.41084289550781,35.49943525352264,35.10077319981049,35.3292442965621,186581600
35.09844970703125,35.39686200772558,34.774392432494984,34.96789477014689,177549200
35.7022590637207,35.88410390242275,35.36421435369019,35.38519562953558,146640000
35.956390380859375,36.070627749004665,35.79552674969661,35.85614409323959,102016800
35.73489761352539,35.9680323858252,35.59967901870899,35.87710996692245,88022000
35.93073272705078,35.933066351659704,35.43648811018328,35.71858277155957,105199200
35.858463287353516,36.007669418176675,35.604347207215675,35.9633732366682,74795200
36.01467514038086,36.156887558977715,35.881790109070714,35.90510146257561,64921200
35.78153610229492,35.87012848444186,35.54374111446189,35.816508464521334,80655200
36.22682189941406,36.23847935264511,35.9144220740115,35.9447271835859,85135200
36.205841064453125,36.25013725286414,36.033320003630024,36.12890614100588,69630400
36.331729888916016,36.539219738671264,36.25013483544445,36.3247361288286,65051600
36.345726013183594,36.83531067933228,36.1592209568945,36.383028447383786,62468000
36.497257232666016,36.59750349897214,36.31074866289442,36.36203860851548,67622400
36.36903762817383,36.68843124334951,36.306090220834726,36.45063625092287,64500400
36.59983825683594,36.66744579232641,36.46461962849979,36.539220924304615,65576800
37.273597717285156,37.30157275850037,36.753704485667825,36.81198819310298,96486000
37.41114807128906,37.50440058437659,37.12205958894918,37.25028446246104,75989200
37.24562072753906,37.467101671243675,37.20832185675938,37.39949057557953,65496800
36.36437225341797,36.62082200675138,36.14056479355921,36.543887080751354,170336800
36.427310943603516,36.77701312866211,36.359703419728206,36.51123961031176,95896400
36.40866470336914,36.763030628659415,36.25246479960394,36.576522059698476,87937200
36.62548065185547,36.70008194240806,36.41565718513173,36.43663846459762,71028800
36.464622497558594,36.730396082480816,36.198848912636365,36.58118992177633,84828400
36.69776153564453,36.79567775628352,36.550885426008115,36.655795408310176,68002000
38.01264190673828,38.140866798874264,36.998503782174275,37.13605250403111,177816800
38.86825180053711,39.18298534647948,38.168847082759726,38.20847958988435,178803200
39.409114837646484,39.551327243344396,38.919533770178326,39.14334124177645,144187200
38.90787887573242,39.61894095100599,38.60946652239726,39.60261980233873,134551200
39.192298889160156,39.283221336309026,38.532526851703295,38.84026655427204,165573600
40.215755462646484,40.62607145512483,39.894028280591726,40.5654576840608,237594400
40.62374496459961,40.796266023002474,40.033914117133875,40.18545033681438,140105200
40.754295349121094,40.85687523414966,40.472204222647406,40.544475444184386,97446000
41.08768844604492,41.08768844604492,40.64240001575944,40.71933494539167,97638000
41.003746032714844,41.05503596863797,40.36495545817056,40.82423125698391,117930400
40.86804962158203,41.0341719661069,40.77446188137926,40.97099827789114,100582000
40.70426559448242,40.82827094555374,40.570899328154894,40.59429804615229,67928400
40.08891677856445,40.58961865361651,40.05148025684352,40.48667000395555,99130000
39.560150146484375,39.85027791417302,39.396369781718285,39.76838594671788,116632400
40.03276824951172,40.21292482835104,39.8455891985037,40.051482941483414,94550000
39.81049728393555,40.100625036439055,39.69117236088227,40.0187330732701,87598000
39.770713806152344,39.9064185208818,39.672445613446854,39.84324483623426,65049600
40.51007843017578,40.64110271745377,39.957902097972784,39.957902097972784,100525200
40.93590545654297,40.94526280289188,40.48901630283123,40.56154734000195,102355600
40.938236236572266,41.062241580805996,40.863363199223556,40.96865385426304,56106800
40.73234558105469,40.963980061627794,40.55686588762935,40.95696115950226,82867200
40.493690490722656,40.91483884393796,40.21058171803251,40.781476150791256,105715200
39.65373611450195,40.45860366514823,39.11092070578444,40.390753077862556,166665600
40.2082405090332,40.276091072784766,39.41039213828489,39.87599588057501,166108800
40.02106475830078,40.16612681204002,39.424433156736974,39.76369314346366,159037200
39.728599548339844,40.38840127674619,39.688824583342225,40.355645213210316,130169600
39.69116973876953,40.13104001218324,39.40104200543269,39.5554650039899,109400800
39.543766021728516,39.82219439660401,38.9471378700168,39.19046816116915,114240000
39.616302490234375,39.878351057626205,39.52037272176273,39.548448333942154,102693200
39.62799835205078,40.0093754121684,39.49931608257127,39.890050490050605,93420800
40.40010070800781,40.451575032247945,39.492284702474436,39.588214449480425,141095200
40.173160552978516,40.33460248281685,40.11700932183085,40.27844768152478,77636800
40.306514739990234,40.60365776912856,40.243341053812145,40.36032751036392,95273600
40.29481887817383,40.50773510441506,40.16145259245889,40.33693229251941,81906000
40.70426559448242,40.75105946033409,40.35096780163774,40.62471566552028,160677200
41.27750015258789,41.45999873588689,40.91250298598988,40.91718344380719,117684400
40.837642669677734,41.0365211322517,40.73235554190391,40.95229071600376,109745600
40.793182373046875,41.0435315553513,40.53581071820715,40.914845727931436,93902400
40.94759750366211,41.18391242655621,40.734684869859905,40.751061117009336,83799600
40.94759750366211,41.04352725315094,40.82827260536791,40.87038601530353,65397600
39.90876007080078,40.11933425698644,39.70052075826751,39.96257283924499,132742000
39.9157829284668,39.9578963418206,39.707547165438044,39.79879646451484,85992800
40.02808380126953,40.208243932293136,39.88769863447187,40.0093655410203,65920800
39.59524154663086,39.913444903186715,39.592903102369796,39.897068653071464,103999600
40.304168701171875,40.3135296160415,39.60225003195517,39.81282777480597,102223600
40.297157287597656,40.839976206320266,40.23398716613362,40.36734988159022,118071600
40.48434829711914,40.58729698934097,40.262074658991835,40.36970024075489,89738400
40.94525909423828,41.03182792816311,40.48901263550257,40.58026192724971,94640000
40.793182373046875,41.08798698392758,40.694910599276334,40.793182373046875,82271200
40.78850555419922,40.959304811209066,40.57325086464644,40.839979889760095,86336000
40.779144287109375,40.78148630152458,40.47732074949381,40.51475727869783,95839600
41.010780334472656,41.05991622716522,40.825943266073914,40.84933842009661,74670800
41.43426513671875,41.49743882718429,41.09734354776063,41.22134891451,101672400
41.22368240356445,41.97239490744549,41.211983045506045,41.62377403010491,118263600
41.90454864501953,41.93964315265485,40.961638125023185,41.214325720283874,137547200
41.941986083984375,42.13852605820033,41.70567471028857,41.96772324905173,124773600
41.75481033325195,42.01685887036376,41.50913804463785,41.78990484442101,129700400
41.413211822509766,41.59571043645508,41.3196240713074,41.48340442098347,108434400
41.422569274902344,41.984106493976,41.371098510710866,41.48340452646805,130756400
40.762760162353516,41.48339714467017,40.52410679746099,41.47169778528601,204420400
40.035099029541016,40.93355401821586,39.89939433279178,40.830605381361764,166116000
40.128700256347656,40.24334828963391,39.78944018537663,40.24334828963391,156572000
39.29810333251953,39.81284317502581,39.08986752290882,39.81284317502581,202561600
39.06645584106445,39.16004357406714,38.535336352409104,38.7295342900257,184192800
39.17409133911133,39.41040631577507,38.95649819798095,39.04306705153036,129915600
39.25598907470703,39.45252553497012,39.01733561859066,39.11326540400881,188923200
37.552642822265625,39.026672506887714,37.45905510933252,38.83949351087909,346375200
36.61442947387695,38.343489490275864,36.49978143923265,37.22509903691603,290954000
38.14460754394531,38.30604944131928,36.03183221340703,36.22603017907835,272975200
37.32804489135742,38.231180670017345,37.21808088344142,38.158649622816874,206434400
36.300899505615234,37.66964260600261,36.27282389580829,37.50352025097628,217562000
36.74490737915039,37.09259809366148,35.29540922724705,36.89995995166039,282690400
38.22494888305664,38.50216084208162,37.00332640992512,37.23590527913192,243278000
38.60787582397461,38.704196688200184,37.9759220541177,38.046400822690046,130196800
39.319705963134766,39.359643097700136,38.264886694786455,38.30247226663081,162579600
40.640010833740234,40.663501375875185,39.70265109433449,39.88824179141258,204588800
40.508445739746094,41.0699245010743,40.35339670210545,40.49200271994035,160704400
40.372188568115234,40.938359663897515,40.27116813864954,40.41917323044115,135722000
40.188926696777344,40.90545052088274,40.174828078577754,40.60239654650913,149886400
40.524879455566406,40.865522652890775,40.33928883126937,40.36043138630971,123967600
41.22966384887695,41.264901443927855,40.76920562691521,40.799747265758924,135249600
42.04484939575195,42.143518220914565,41.396452722669764,41.4293423310573,152648800
41.908607482910156,42.39960381939235,41.854575302288154,42.07540715096048,155712400
41.84517288208008,42.43249005630509,41.82872986524554,42.112989370138706,151128400
41.11219787597656,42.235147908327306,40.562469918991304,41.943837330028686,195208000
41.39646530151367,41.41760785946614,40.5131379769265,40.595363815229945,153816000
41.53976058959961,41.75589282632542,40.99942820543574,41.161528279154766,113605600
41.50453186035156,41.87571676450101,41.37767292119403,41.79584248485739,95154000
41.11925506591797,41.311896844788045,40.94071191221156,41.098112505222474,126814000
41.567962646484375,41.610247764152966,41.12865052877318,41.22496782502932,95096400
42.282142639160156,42.286842180896265,41.673682825885265,41.807592880114115,128740800
42.69091033935547,42.848310909275334,42.33617206249424,42.35496305722243,128828400
42.279788970947266,43.10908053311904,42.108293360008226,42.895296221645985,126774000
41.92035675048828,42.40900513429512,41.77235165588669,42.36202047107716,117473600
41.96968460083008,42.34322105481381,41.83343016846324,41.934447003614444,90975200
41.82167434692383,42.08009170333701,41.727701466201786,41.969675808925395,157618800
41.182682037353516,41.692472927584866,40.79740210449804,41.65723533010099,133787200
41.16858673095703,41.53507208120745,41.09810795174742,41.16858673095703,78597600
40.23593521118164,41.13335419534506,40.233583647737255,41.12160713222426,148219600
39.66739273071289,40.56715924551111,39.608661029059306,39.93755712443996,165963200
38.748844146728516,39.91877912576028,38.748844146728516,39.55934124916197,164115200
40.58830642700195,40.66583270534363,39.10121927269965,39.484151124439194,150164800
39.547584533691406,41.147435786997505,39.21398884136804,40.8020930353932,163690400
39.11063003540039,39.942273284293705,38.80757590603423,39.29152475547946,166674000
39.41603469848633,40.348694771240936,39.20929788093871,39.42308221865727,153594000
39.15760803222656,39.68854503990623,38.638421669404664,39.1482125349196,150347200
39.559329986572266,39.643903791381845,38.734738078203186,39.38313485861057,121112000
40.315799713134766,40.40976902587753,38.708900806216754,38.73474290492594,138422000
40.59536361694336,40.931307318434605,40.42621598475072,40.54367941906786,107732800
39.55698776245117,40.52018578459094,39.514699061545755,40.16544749918795,140021200
39.94932174682617,40.66349797567897,39.902337081784566,39.9093846023058,116070800
40.701072692871094,40.87726781275365,40.296998264497844,40.642340986243575,113634400
40.51079559326172,40.85848640483897,40.336948395123066,40.46145936652641,89726400
40.91015625,41.11219345838344,40.65173531438207,40.73866067528926,91557200
41.048770904541016,41.30953987307731,40.84203769697408,41.06051796495608,100497200
41.30483627319336,41.3917580517207,41.07225742493238,41.11924207319854,86313600
41.87336730957031,42.03781540441986,41.44345070001389,41.46224528009664,106421600
41.77938461303711,42.00961547654327,41.5538568743234,41.77233709524598,83018000
40.59536361694336,41.20382334637826,40.562473998722545,40.82089140340053,139235200
38.932071685791016,40.22416915558696,38.86394090267961,40.078515678822626,261964400
38.819305419921875,39.21398072019038,38.54913745120856,39.19283816868281,146062000
38.27898406982422,39.075386001140814,37.87490957405361,38.92033340945452,134768000
38.445770263671875,38.86159171287886,38.15446331922963,38.20379594092452,113528400
38.579689025878906,38.93442729205529,38.37999976208661,38.55619490612709,111852000
38.13333511352539,38.605536879463116,37.73630808954247,38.5280105743629,142623200
38.824012756347656,39.293866490425344,38.020563301238745,38.08869410011174,169709600
39.72613525390625,39.74962579014744,38.82636490930883,39.0941813984154,214277600
41.481040954589844,41.758252952550066,40.830292492766674,41.16623621077268,266157600
41.55620574951172,41.69951125552429,40.980635747713265,41.31893094778877,136272800
43.186607360839844,43.28527621703222,41.856920403424276,41.875714983370386,224805200
43.49906539916992,44.08873062408348,43.40274451042906,43.503761356157284,169805600
43.70813751220703,43.74807464321056,43.149010508759716,43.45911564553858,113611200
44.01588821411133,44.025283709446526,43.51314497325852,43.82559806745985,92844800
44.6455078125,44.72303412194534,44.084032648365664,44.10517879435994,111957200
44.47570037841797,44.82237483155684,44.20685116971051,44.68795202646433,104848800
44.371925354003906,44.69737566298455,44.303535447743656,44.574741639546346,83115200
43.968658447265625,44.117234231162634,43.652643426187645,44.048840718550096,94780800
44.37900924682617,44.44504573353636,43.864895531861826,43.881405553170005,76732400
44.09836959838867,44.55116807100797,43.94979380634148,44.33655939327812,69176000
43.93800354003906,44.29175270097355,43.895555368017746,44.14553753264784,73190800
44.24930191040039,44.636067492860136,44.07950203531832,44.33655888007339,73603200
44.138465881347656,44.54409856840905,44.04884826953651,44.42618217329871,60962800
44.42145919799805,44.45447564073993,43.80829257733751,43.94743664180622,80233600
44.371925354003906,44.53465050849423,43.914412894544704,44.518144089130075,92936000
44.47334289550781,44.72568208078346,44.25401655460162,44.39079998901704,69844000
44.31297302246094,44.5134323027032,44.07006557380346,44.24222607510225,90056400
44.218650817871094,44.33656722005208,44.04885091084863,44.27053432271257,74762000
44.07007598876953,44.39080875384174,43.89791904530758,44.15261891155814,109931200
44.86482238769531,44.86953645162613,44.277597561320896,44.33419871518947,93770000
45.23979568481445,45.614768883892694,45.12659697535202,45.194986887719175,105064800
45.58882141113281,45.737397172621684,45.36478105232309,45.53222386277258,86264000
45.7468376159668,45.7704223312926,45.261022707842756,45.66429830937113,83734400
45.62420654296875,45.798720479292754,45.36007140934705,45.78457108970132,85388800
45.209136962890625,45.279887506824466,44.7539814876387,45.08414589463377,106627200
45.098297119140625,45.27281465481039,44.85775029790672,45.12659949697931,73234000
45.34592056274414,45.42374580151868,45.079428405593966,45.1360295606633,67644400
44.97330856323242,45.48742587356639,44.91199333844062,45.37894121591051,86553600
44.99689865112305,45.17849091346414,44.86011519623833,45.17377324991007,86440400
44.5346565246582,44.84595748808827,44.397873095137925,44.81529807845651,246876800
44.511077880859375,44.62427660179374,44.147893403349705,44.308261556652305,73939600
43.79179382324219,43.94272667342258,43.26352704834932,43.662085061714585,134314000
43.98280715942383,44.147889362033595,43.80121493729202,43.947433686908205,82514800
43.7375373840332,44.419093793871994,43.614903363310304,44.15967636513542,102847600
43.61019515991211,43.90026845785163,43.558311662911876,43.89319376267183,108801600
42.96165084838867,43.610190899003925,42.62205111884842,43.251724117986754,126652400
43.4946403503418,43.989890655786986,43.04891651485026,43.15504415067627,98276800
43.43098068237305,44.16677805948588,43.40032125881872,43.68331997320643,101141200
43.74698257446289,43.914425438825695,43.34606755089744,43.41681810764965,69460800
43.65501403808594,44.145546742070266,43.13618254685051,43.93329504211716,90950800
44.14317321777344,44.171475595281485,43.25644335717007,43.35077861799314,70925200
43.37435531616211,44.32476093119673,43.28473772713927,44.28702683071112,55819200
43.723392486572266,43.961585878435855,43.459260945558434,43.690376043945534,66416800
44.32948684692383,44.43796790786526,43.67622905491156,43.72811255310879,69940800
44.945003509521484,44.9685846241399,44.64313789363866,44.69030372139748,79026400
44.890769958496094,45.11009271096756,44.8506752202268,44.97566990105466,63756400
44.308258056640625,44.75633884056429,44.24458220679138,44.45447320956941,75326000
45.0511360168457,45.14075362545193,44.64550334429064,44.69738684416554,72164400
45.12189483642578,45.24216828170033,45.0204848504496,45.062936630179244,50055600
45.0228271484375,45.43317379376515,44.9072678157817,45.1666852570409,60172400
45.15018081665039,45.24923014322557,44.6195571109476,44.749265847601635,62138000
44.90254592895508,45.23271387754126,44.79170426889305,45.2279962158199,65573600
45.251583099365234,45.40959058866547,44.73510887097634,44.73510887097634,81147200
45.14783477783203,45.38130696213641,44.84832609454231,45.22801707146135,82704800
45.18791961669922,45.27046253001605,44.70446169267782,44.968593257655385,63957600
45.515724182128906,45.67137467251111,45.2916837724395,45.38601544014374,74791600
45.944942474365234,45.95201716965976,45.381298693402805,45.5298744916329,66839600
45.801082611083984,46.21378994746489,45.65958151348729,45.89541427713352,76304000
45.039337158203125,46.032194609591265,44.83180678717591,45.98502877974518,96096000
44.78700637817383,45.32706188833266,44.58890769660208,45.25631133105051,84118000
44.87661361694336,45.31290565554583,44.65257321814302,44.87897424756083,157492000
47.520301818847656,47.58161704185553,46.53216196456808,46.96137932119036,271742800
48.90936279296875,49.14283855349093,47.24910151371287,47.30334204851275,249616000
49.05086135864258,49.22773594418698,48.45891877596613,48.82446030579577,133789600
49.305545806884766,49.347993966877766,48.83388039262548,49.053203082965716,101701600
48.84333038330078,49.40697062018199,48.76078746552856,49.36452244431482,102349600
48.876338958740234,49.00840472708714,48.23251653878795,48.59334036963655,90102000
49.2607421875,49.472990206787024,48.86454132670314,49.41403202381597,93970400
49.11402893066406,49.48558670831836,48.91050127150326,49.073797180859934,98444800
49.43113708496094,49.9233899602011,49.154245519727546,49.535267986992444,103563600
49.639400482177734,49.83109437109607,49.28677602737051,49.73643188137967,82992000
49.755367279052734,49.8736972019481,49.30334610691821,49.51397322522625,115230400
50.48428726196289,50.60024829186361,50.046465040138585,50.11272951755133,114001600
51.49245834350586,51.580021345614256,50.446422082464224,50.51268656154246,141708000
50.99073791503906,51.87110932189364,50.90790551488635,51.61551983641066,121150800
50.89133834838867,51.4001592504967,50.65231317269027,51.30786204293562,104639200
50.893699645996094,51.20372346063428,50.607339648826624,50.66887351875901,76072400
50.99782943725586,51.367018204194856,50.78720232734104,50.799032430245035,75532800
51.15639114379883,51.33151711174363,50.90789759315165,51.26052204968089,73905600
51.5776481628418,51.766976764615386,51.196625660811684,51.39068485955114,82100400
51.994171142578125,52.192964560685056,51.80957673845841,51.83087525943924,91107200
52.77042007446289,52.89111892678054,51.9255461639556,52.10067216748591,109019200
53.25557327270508,54.019983684968324,52.63315662379613,52.83431896914379,195175200
53.87088394165039,54.164339850677784,53.48512722248886,53.60582244851051,173360400
54.043636322021484,54.23769549548698,53.63421584694756,54.05547003518039,109560400
53.69102478027344,54.35367315366947,53.27213940080851,54.19274617173465,133332000
52.79882049560547,53.80462498223648,52.3728319908037,53.53956346194695,137160000
52.372825622558594,53.33602933601762,52.233197177478694,52.50298926252407,150479200
51.669944763183594,52.50298843468489,51.229757303877285,52.28999240596996,158066000
52.97630310058594,53.08279929926548,51.251050959636466,51.59420698255603,142996000
52.31840515136719,53.24847681301907,52.0273108780994,53.23427779698521,197114800
53.58216094970703,54.04128166600447,52.67338793396075,52.89821408368517,166825600
52.973941802978516,53.68392137771475,52.66155266788886,53.42596299890154,127997200
51.563446044921875,52.76330953149824,51.41908340101543,52.573980941124496,148780400
51.648651123046875,52.50299339478895,51.3835896141256,51.54215129305673,126286800
51.67940902709961,51.97523383237658,50.952865183133554,51.71017596241406,108495200
52.07225799560547,52.60474257107298,51.86399620607935,52.12195814488498,106435200
51.511390686035156,52.3870315255617,51.42382407428225,52.24976836092235,384986800
52.25213623046875,52.363366669163675,51.267633819230554,51.31259977672128,110773600
52.583457946777344,52.732554822863705,51.994173560898794,52.006007276819524,98217600
52.16456604003906,52.95264380917307,52.008369665368996,52.30182919252401,95938800
53.23663330078125,53.589257782363156,52.902942040808725,52.969210122012925,120724800
53.42359161376953,53.44725543021233,53.016536415071876,53.198761885137,91717600
53.78331756591797,54.294503721470214,53.56795984146107,53.946613444314615,94403200
54.26137161254883,54.43176699813006,53.634224437244896,53.78095239271763,99152800
54.921661376953125,55.252983772290044,54.37970821676377,54.443607396987055,114619200
53.95608139038086,54.987918497825,53.657887663337085,54.61636079385546,128168000
53.080440521240234,54.05548163878989,52.202434427966345,53.94898541978365,134322000
52.957374572753906,53.201133924424155,52.112497192021806,52.588185792016155,118655600
53.69102478027344,53.78569089712608,52.59765731141301,52.92661439379682,107564000
51.20372772216797,53.567961035959435,51.130363742966665,53.35733390390222,167962400
50.751708984375,51.946842063881995,50.24762591104082,50.76827690881467,212497600
52.56451416015625,52.746743237513996,51.31731586452513,52.164558475955246,161351600
51.44038772583008,52.498257597389845,51.419089204933876,52.33969592325769,123164000
52.573974609375,52.772771591453676,51.29837839581864,51.81192974297592,116736000
52.34679412841797,52.68995019740248,51.90897195034415,52.6094867130337,91541600
51.12326431274414,52.00363928676678,50.408550519609015,51.55871759140356,130325200
51.9018669128418,52.36335286065442,51.45694527539042,51.6060421243539,132314800
52.218994140625,52.8603439191293,51.81430782182485,52.015466526416446,115168400
52.71125793457031,52.834322092333316,50.81087924741952,51.078306087036204,155071200
50.90316390991211,53.066234694184615,50.77300027621806,52.68048161214551,163702000
52.01783752441406,52.3917605334903,51.2960242350942,51.52321928773726,119423200
51.18952178955078,52.11012838089742,50.33044545379852,51.09485569116432,189033600
50.22867965698242,51.99179452917274,48.77321965060917,51.873464623507054,183742000
50.47954177856445,50.924459797370716,49.525802965453806,49.970720984260076,146640000
51.795372009277344,52.17166028299006,51.26525267501024,51.326786543689,153435600
52.59054946899414,52.62368170185567,51.3102188792331,51.84033821616022,233292800
49.10218048095703,50.56237119763977,48.61702710758743,49.592068062043005,365314800
47.70825958251953,48.37090790263362,46.898883307010784,48.349609382233005,264654800
48.224178314208984,48.449004447935366,47.731925396254766,47.78635615026074,127531600
49.68674850463867,49.71278123977247,48.30938967512039,48.74484305268231,133697600
49.51336669921875,49.900465705616156,49.100140512007044,49.867217871500884,101450400
48.55867385864258,48.92440003499794,48.031455613431376,48.81515870418388,137463200
46.112586975097656,47.46150731486212,46.02234127094718,47.259643068339216,204542000
45.651859283447266,46.82741236651,45.46662079150977,45.509370087049234,187531600
44.36231231689453,46.18620004766759,44.15569737370678,46.04845796012335,243204000
45.45711135864258,45.59010269083282,44.38604917682222,44.73990396148286,185915200
45.96059036254883,46.30257022483374,44.99402580264635,45.24100924555052,147713200
44.139076232910156,45.28850573158445,43.93246490893677,45.122266527022944,167701200
42.03019714355469,43.09650870762466,41.68109304931267,42.36030195645278,271300800
41.98270034790039,42.81152632280583,41.928079679401435,42.68328208090455,124496800
40.9163818359375,41.93994755087107,40.87126262756311,41.54572068724167,94496000
41.4697380065918,41.548108696422304,40.434300553403695,41.37949593469791,179994000
41.37948989868164,41.50535696963446,40.581538183046156,40.73115163840486,165549600
42.97064971923828,43.05376751403634,41.543358788745984,41.9708336400061,184250000
42.64054489135742,43.41237317618883,42.201195033571544,43.379125333484275,167080000
42.4101676940918,42.82576738444724,42.042064386457206,42.81626593365804,158126000
43.892093658447266,43.920590773009714,43.03477043251187,43.80659869101698,163210000
41.96133041381836,43.31499758229476,41.86158689864037,42.97301774526017,165377200
41.49349594116211,41.50774450135325,40.472306850453954,40.7905367738684,172393600
40.013946533203125,41.43886000802024,39.96882369336847,41.20137442888405,169126400
40.277549743652344,40.39391534110933,38.78851436695065,39.18511479089432,248104000
40.04719543457031,40.797647130558154,39.66009277068402,40.76677646859411,189126800
40.158817291259766,40.828524813618266,40.13981800799348,40.46754567904434,142510800
40.5981559753418,40.98288504875314,40.265677639052576,40.48891464645052,127594400
39.29911804199219,40.15406769431689,39.25162164436145,40.13506841051603,162814800
38.933387756347656,39.98070006589324,38.64602860130792,39.2919896885735,177151600
39.43924331665039,39.78597033355622,39.04026554352327,39.27537763967372,135366000
38.20905685424805,39.76696176214106,37.78158206275483,39.42260837756745,196189200
37.24485778808594,38.49878115325955,36.88150520066301,38.09267928415886,259092000
35.79620361328125,37.560723512525044,35.53497162650569,37.25199150656966,382978400
34.87001419067383,35.99094661247746,34.81301633704648,35.18349332626678,148676800
37.32560348510742,37.33985203831882,34.84388021059676,35.21910781471175,234330000
37.08336639404297,37.230609896054816,35.63945746965547,37.00974645490796,212468400
37.102378845214844,37.64622296552479,36.70340472744858,37.403986609027776,169165600
37.46098327636719,37.845708823973354,37.16174907379083,37.64859532308761,140014000
37.503726959228516,37.724590460067255,36.6274044817337,36.784145853458895,148158800
33.7680778503418,34.60640172363963,33.72295500680148,34.19317547745964,365248800
35.20960235595703,35.27847518696242,34.150418952054864,34.3237823692983,234428400
35.131248474121094,35.34498772125398,34.649152921842216,35.314113428905806,219111200
35.80094909667969,36.05506039185335,35.271357298819396,35.518340693165854,164101200
36.40892791748047,36.698660728198455,35.534982380966014,35.9292058437721,180396400
36.52528762817383,36.56565974711911,35.82707935334201,36.2165556097032,143122800
36.16667556762695,36.501531088310195,35.98143711442818,36.306794806835,108092800
35.622840881347656,35.924448615457706,35.43760239866407,35.824705095839064,129756800
36.3519172668457,36.427910763494,35.634709844065036,35.68695695839793,114843600
36.796016693115234,37.01925372022599,36.33529408375769,36.35429336518652,122278800
37.01450729370117,37.441982116151216,36.397043258635236,36.620280311678194,119284800
37.24249267578125,37.49422682619904,37.043002022319946,37.4039811406747,135004000
36.40654373168945,37.22111761208294,36.24505163700586,37.14512410332922,121576000
36.55379104614258,36.84352383088879,36.02657260988264,36.608411731342564,92522400
36.26405334472656,36.6867774572087,36.03606917947976,36.598908937659715,101766000
37.46572494506836,37.5535970765076,36.6487775687618,36.92425809596469,134142000
37.11900329589844,37.1261275746307,36.49204140125868,36.997883309964045,104768400
36.734275817871094,37.553604147254646,36.59891089197935,37.10712999950282,166348800
39.24449920654297,39.45823481777731,38.05232036425895,38.76952796047286,244439200
39.5271110534668,40.13507372055917,39.08063688443312,39.448740356323015,162958400
39.54610061645508,40.13031312607623,39.405981367304726,39.65059485362112,130672400
40.669410705566406,40.76678067534809,39.72659254412772,39.75746683302016,125982000
41.365234375,41.57897355982607,40.930638975712235,41.05175531049415,144406400
41.37948989868164,41.69534616359386,41.0493850783774,41.476856235107945,112958400
40.59579086303711,41.30824769496477,40.45329804715444,40.94251782527925,126966800
40.643489837646484,40.70311587039723,40.16886530680823,40.304814408336355,95280000
40.40974807739258,40.834288725227694,40.36681908607748,40.796127195647315,83973600
40.757972717285156,40.78420831850001,40.47415220576565,40.56955604622166,89134000
40.58863067626953,41.13719089744632,40.52662091325393,40.87722227186637,89960800
40.73651123046875,40.84622110600096,40.39783576019398,40.47654256965909,87342800
40.6458740234375,40.95115902339319,40.48607669059228,40.84383289109825,98507200
40.767513275146484,40.8891527227653,40.424070350564264,40.47654155555973,75891200
41.02987289428711,41.33754531773805,40.781830153813196,40.82953026090992,104457600
40.79850769042969,41.11094745560871,40.617245898225995,40.97500202127681,68998800
41.254058837890625,41.26121367050578,40.87483815215059,40.92253824934637,75652800
41.5545654296875,41.94571198087244,41.48778457748155,41.53787203627776,87493600
41.57843017578125,41.809779499488094,41.30176447990518,41.430558762837144,68280800
41.70721435546875,41.73822105568102,41.196815683559215,41.311300281596466,111341600
41.2969856262207,41.71675519338844,41.24213069934181,41.57603864043286,112861600
41.73107147216797,41.77400047236852,41.234982402793754,41.56650302616348,103544800
41.940956115722656,42.394112543739396,41.4925671504077,41.90279457840128,109744800
41.86463165283203,41.97672889044358,41.62851124268091,41.9624192242437,78949600
41.62374496459961,41.85509427950601,41.4854121219237,41.65951913111731,83241600
41.1419563293457,41.60465485527707,41.02747538290695,41.46870577446307,99185600
41.239749908447266,41.27791144259841,40.42644995336146,40.62202508642293,95997600
42.66838836669922,42.72085956762917,41.82170159746949,41.85509203085361,128044000
43.14778518676758,43.5675511663907,42.780486770223504,42.930745544199205,129870400
43.338584899902344,43.71780557424151,43.15016460861008,43.46737552238741,124130000
43.82036209106445,43.9086110924784,43.5413127001033,43.86090735580744,94318000
44.39039611816406,44.67898777270598,43.8227586534145,44.08749843461794,156171600
44.843536376953125,44.931781718511836,44.31166967918677,44.31405704903428,104879200
44.48816680908203,45.07488846111762,44.34267917125134,44.92224599185948,126585600
44.8769416809082,45.19415263672283,44.05887055501057,44.41662677956,124140800
46.52976608276367,46.82551249017216,45.27046466941773,45.320552133949356,204136800
45.56620788574219,47.14987492430253,45.50181076136391,46.58938884769909,169630800
45.0152702331543,45.78802127537282,44.50487154702467,45.67592404455743,175381200
44.55018615722656,46.00267911768265,44.0230940523578,45.71170377934582,199202000
44.95087432861328,45.25854305952079,44.49294682904075,45.01765519484567,119393600
45.01049041748047,45.21083297191448,44.72666997905723,45.065345337062375,83121600
45.303863525390625,45.33487023011922,44.96757179333069,45.275244191354744,94256000
45.61153030395508,45.71646906225277,44.92940835895731,45.70693049851085,111448000
46.274574279785156,46.379516683711444,45.56621669256709,45.57575525688568,91062800
46.5917854309082,46.866063737526034,46.06707340893333,46.090925278762874,93087200
46.672874450683594,46.835055514550795,46.06468818261306,46.45821854703762,76457200
46.98531723022461,47.009169100776084,46.730116044604905,46.85413922076049,74106400
47.724674224853516,47.75567728467312,46.82789643538214,46.846977201039394,103526800
47.58156967163086,48.380559891254,47.51717254330135,47.7771447875635,143072800
47.848690032958984,47.87731299886768,47.266739463025445,47.38599150967466,86781200
47.45038986206055,47.93932399383451,47.32875408147207,47.90354983462724,83603200
47.43131637573242,47.73421764754132,46.796898139641456,47.51002317734974,111042800
47.51716995239258,47.66504496639306,47.22619466458724,47.36214374594973,70146400
47.52194595336914,48.02757352365968,47.357377528133505,47.57203341989984,102785600
48.447357177734375,48.50698322510941,47.369317222193914,47.591124371572185,115627200
48.62145233154297,48.69061692830525,48.30185766916621,48.44495796431432,96783200
48.78125762939453,48.879045212583904,48.25893291448305,48.375801267998504,77758000
49.484832763671875,49.54922989372461,48.63098759521515,48.75739448502875,93292000
49.40851974487305,49.72334332507646,49.38228414324906,49.45621984620272,70162400
48.960121154785156,49.55161030134446,48.92195962551455,49.32980323611612,74172800
48.72639465332031,48.89334681703382,48.206453755716254,48.86949494823866,74596400
48.80032730102539,49.12469304422843,48.62144921409616,48.75023983540025,88818800
47.860618591308594,48.51173378273669,47.4885527676354,48.43064325999435,186139600
50.20988464355469,51.352317692477015,49.90221231353754,50.05724216362862,259309200
49.88312530517578,50.71788955888418,49.639853771521906,50.04769369747791,127985200
50.50325012207031,50.5247146205948,50.14072282120273,50.29813642228416,83569600
49.72333908081055,49.809200711588794,48.53558955444818,48.72400621236716,129772400
48.38294982910156,49.47052812168986,47.898786717614094,49.103233348565844,155054800
48.39247512817383,48.97442565064983,48.118196898961244,48.1539710543252,105358000
47.87254333496094,48.10150523340118,46.904217269389115,47.79622027595835,139634400
47.20934295654297,47.60918188331269,46.15349214662306,47.26680569139999,164834800
44.465572357177734,45.36580015551606,43.778430559260165,44.942024719152,229722400
45.169471740722656,45.418469654624175,44.39134823649402,44.630770853179754,146118800
45.71055603027344,45.90927719917939,44.537386913882365,44.597242555602286,106178800
45.50944137573242,46.08166115721115,45.212556081366245,45.46873997827308,132125600
45.2508659362793,45.7057673600336,44.71455806184704,44.75525946053676,131516400
43.83588409423828,44.137558916174555,43.163107155315394,43.93883771462418,154449200
44.6762580871582,45.011448261831,44.2213529606178,44.345853734052945,113459200
43.76165771484375,44.46316775527912,43.70659154583368,44.21177332231356,118994400
43.01465606689453,43.22534542595184,42.571722889546706,43.04817507765125,146118800
42.84946823120117,43.608437527210064,42.76566884967899,43.143957042131575,94858800
42.67228698730469,43.237324443115924,42.595673658588964,42.83748915813703,111792800
42.46878433227539,42.94044717291875,42.13837995674067,42.238937015968816,113924800
42.689048767089844,42.91171002345526,42.29878877414538,42.60524939880032,84873600
41.91571807861328,42.61483166128946,41.89656383142089,42.19344552965514,108174400
41.49195098876953,42.598082596357834,40.766500563883675,42.042623880962466,161584400
43.00986862182617,43.05535949284863,41.78402628112911,42.004294598391965,123872000
43.70420455932617,44.2907929158903,43.36901434411754,44.12080124391348,119093600
44.34585189819336,44.405707544999764,43.6108228018273,43.83348770766248,90105200
45.526206970214844,45.94998600483363,44.477538442467015,44.65470883240894,122737600
46.10801315307617,46.776000721416004,45.87816580771754,45.92365669453953,104883600
46.64192199707031,46.92683551148941,46.352222660423585,46.65389385923823,107731600
46.49348068237305,46.919652667642254,46.301941849451076,46.436017936506644,73012800
46.4838981628418,47.11597370565027,46.352218650285145,46.61558132869754,86698400
46.14632034301758,46.34982739236637,45.56212852455843,45.86140682062975,75046000
46.4216423034668,46.67782620889428,46.009835187677666,46.1846126421805,58676400
47.5134162902832,47.95395301650747,46.73768937090985,46.9388034867993,106204000
47.37455368041992,47.855795495195196,47.240477594832555,47.80790804751456,84496800
47.75524139404297,48.03057596879343,47.41286511903979,47.97311321999092,86056000
47.59242248535156,48.08802900374868,47.44158508352656,47.597211960109185,191202400
47.5445442199707,47.92283239718668,47.446380069181274,47.53496526934287,72881600
46.82387924194336,47.7073455597451,46.75683755347193,47.508624365019834,84281200
47.83662796020508,48.12154138959347,47.25004342203398,47.350600458294885,104270000
47.822269439697266,48.26041321777397,47.7815680377949,47.953948941552476,83598800
47.38652038574219,47.764808530798014,47.17822389353572,47.568480245909996,124442400
48.25563049316406,48.95953359072476,48.04014794005199,48.64349397414677,109012000
48.538143157958984,48.633914390891135,48.210135361751455,48.22210722253035,67740800
48.940372467041016,48.94755485247247,48.52856532024344,48.66982377146037,45448000
48.89728546142578,49.10079616973039,48.57885290715956,48.686596019379415,69062000
47.889312744140625,48.21971347045251,47.5038421856941,48.07845500360109,101354400
48.181400299072266,48.24604176393507,47.59960154221708,47.69297620031747,82312000
48.6578483581543,48.77755964433517,48.258013100706,48.32744769253809,71588400
48.30351257324219,48.93558813067086,48.29393727609442,48.67701126809106,80767200
48.674617767333984,48.84221286513295,48.41125143272195,48.47110708574294,70380800
49.131919860839844,49.289936021261454,48.84221686901794,48.86376402908005,67789600
48.9619255065918,49.34739606869253,48.722502887977654,48.983472665475254,67467200
48.68658447265625,49.10317743545347,48.667430227322086,48.85417955270678,56430000
49.23965835571289,49.292331625927645,48.77038839924491,48.84221591801951,74162400
48.50461959838867,49.44076276284486,48.44955342792026,49.27077112361806,83717200
49.6131591796875,49.615552090872,48.74884331314436,48.758418611181895,89111600
50.00101852416992,50.017779860965895,49.62991273666517,49.91004041383206,73420800
49.9603157043457,50.07523753448428,49.60118178852593,49.720893093799184,59966400
49.565269470214844,50.09678795373076,49.49583486785246,50.0129885793759,55638400
49.73765563964844,50.21410430811092,49.594000608507464,49.675403421281054,70475600
50.20212936401367,50.43197666906582,49.90524767605758,49.910037151014635,86693600
49.98664855957031,50.317052906207756,49.634697056404036,49.98185908479763,135742800
51.006587982177734,53.00097863500099,50.58999500539061,51.81583752155325,277125600
49.90285110473633,52.20130954173058,49.49822997674807,51.21249302793154,216071600
48.84701156616211,49.42401739375778,48.27479156133665,49.20853846350378,163448400
46.28997039794922,47.561303978461524,46.108010514374186,47.40328781920137,209572000
47.166255950927734,47.42243990688443,46.45756339111695,47.00105375926209,143299200
47.654666900634766,47.779167660416284,46.40488444167236,46.78556545258096,133457600
48.70574188232422,48.72968560566816,47.73847610399667,47.932407841865114,108038000
48.30438995361328,48.72977548121816,47.89582211277538,48.378892379334594,98478800
48.18181610107422,48.559139553712626,47.862173717775995,47.97513018657987,89927600
50.222225189208984,50.98407789993375,48.18180328537323,48.31158474007361,188874000
48.72737121582031,49.61419794208263,48.68891716975622,48.825908333667165,146189600
48.48462677001953,49.30175490823095,47.9871372796202,48.897998510671115,108909600
49.62861251831055,49.78723269268097,48.98932781591775,49.09507459883136,110481600
50.553897857666016,51.125886205011135,50.476989765853084,50.61878493455606,97654400
50.55629348754883,51.27488825272847,50.54668181087362,50.68126728740163,107537200
51.104244232177734,51.34697845950399,50.85430033146804,51.188361977889535,86141600
51.060997009277344,51.536853889289645,50.65002720346251,51.23643854407338,89014800
48.700927734375,50.96245512141073,48.30678298506462,50.33278212314745,187272000
49.62621307373047,49.79444493377358,49.28253601154714,49.474802566101914,104174400
49.06623458862305,50.121293052732874,48.91482409284731,49.95546320825073,103493200
49.39548110961914,49.44114481837701,48.86434895460486,49.05180779368974,63755200
50.23185348510742,50.30635957969884,49.66707477161969,50.109285330383344,83962000
50.166961669921875,50.57792781692434,49.79684790345952,50.508233068974185,84573600
49.43634796142578,49.74397297835489,49.08065722319765,49.611789494397975,80092000
50.275108337402344,50.344803082405896,49.82568816430708,50.082841787242316,76752400
51.25806427001953,51.42389411665541,50.832675141759566,50.95043926969008,95654800
51.253265380859375,51.53205173117485,51.07301615444194,51.44312995297315,77449200
51.47196960449219,52.01752496664898,50.72694165520818,51.63299180966499,109237600
52.08000564575195,52.09923266869462,50.88074988553813,51.39746283359591,127111600
53.735897064208984,53.764739433347756,52.32754966606249,52.40926543357923,177158400
53.615726470947266,54.41603338856972,53.56045107438245,54.02669627568618,128906800
52.572689056396484,53.06296532020904,52.15691521661223,52.87310442243304,159053200
52.84906768798828,52.90434675357643,52.28669102458082,52.32754707272448,84632400
53.04132843017578,53.07017079472141,52.66160302374134,52.863484906843915,73274800
53.5388298034668,53.5580568283564,52.73852276993989,53.12785993920919,101360000
53.103816986083984,53.77674437024011,52.96201816775611,53.35616292155293,88242400
52.327537536621094,53.48834269473416,52.26505247446734,53.20475241206062,221652400
52.56547546386719,52.8346464382801,52.308318169456676,52.62075086028852,76662000
52.315528869628906,53.471530215080406,52.19776839960509,53.12064347326149,124763200
53.12063980102539,53.2335962580172,52.1857474445808,52.52461681555622,87613600
52.84666442871094,53.09901405388438,52.59191280094367,52.8731011259611,75334000
52.589508056640625,53.103818957729175,52.21939431443392,53.002876179178735,101408000
53.82721710205078,53.97381992879909,53.062958600700476,53.08939529625113,103909600
53.976234436035156,54.84864192414011,53.882504978673644,54.091596589080204,139223200
52.62316131591797,53.73349535353158,52.375615676431906,53.60852153239703,138449200
53.07017517089844,53.10382154299348,51.70268392792921,52.49577750833809,114426000
54.557838439941406,54.67320059348173,53.80800277783008,54.2285843362646,138478800
54.569847106933594,55.25959957952468,54.27664143090137,54.3799862186076,122306000
53.93056869506836,54.81018582649594,53.913747340365,54.27184380110814,111820000
54.56264114379883,54.745292369499005,54.22857939735441,54.56264114379883,74770400
55.29804992675781,55.3821676863081,54.62752452153625,54.7789313546757,113013600
56.768890380859375,57.11256378651316,55.83159227355159,55.98540478852595,166795600
56.68716812133789,57.23032136758356,56.39877014720684,56.454045539346986,96427600
56.55499267578125,57.114963649042345,56.44924588810258,56.812146302927566,87360000
56.3266716003418,56.53576316392705,56.04548329122299,56.08633933608511,73903200
56.54537582397461,56.754463724015515,56.12239235171388,56.49971210622329,67585200
56.816951751708984,57.098140062206895,56.307444855303956,56.37954526837045,97433600
57.80231475830078,57.91767689190389,57.03565787328163,57.08372359535983,87247200
57.670135498046875,58.208477458025,57.58841973582485,57.95853350048938,82293600
58.44400405883789,58.458427076554564,57.97295482779117,58.184448414812785,75828800
58.54012680053711,58.83333242341212,58.1147377137137,58.76363402097619,69275200
59.26114273071289,59.297191111126104,58.371913897779336,58.439206652670734,73477200
59.85474395751953,59.90280967116192,59.29476940899745,59.46300124033525,96572800
58.470436096191406,60.022984167085156,58.29740023636161,59.83552529068843,142839600
58.463226318359375,58.953506199746954,57.970548101650635,58.82372472112932,124522000
59.785057067871094,59.883594183478614,57.021235828674115,59.41975464010306,139162000
61.48180389404297,61.50823692360431,59.88119007430968,59.972513844449246,151125200
61.88555908203125,61.96967684280091,61.37605584677562,61.844699369305836,103272000
61.79663848876953,62.0513901112309,61.60196993451809,61.777407799701365,79897600
61.82306671142578,61.883149774964124,61.37364656965626,61.71011025859934,75864400
62.536582946777344,62.75835567028647,62.218390178586034,62.370255243239974,94940400
62.7077522277832,62.7800654404132,61.91468299950218,62.35822120185219,69986400
63.20431900024414,63.26940088793377,62.25938472245268,62.264203150895845,81821200
63.14645004272461,63.34652881203322,62.89575939265847,63.047617104065104,87388800
63.751502990722656,63.82622908514769,62.93192148786903,62.946384128313966,102734400
63.31038284301758,63.85034108012296,63.18021171215137,63.577949069175574,89182800
64.06246185302734,64.06728028085237,63.39956388635737,63.5610658168469,100206400
64.38546752929688,64.46501204164511,63.69364434245913,64.07209319455887,86703200
64.19021606445312,64.60241598727268,63.97326912383115,64.57830913689737,76167200
63.44295120239258,64.13959286996739,62.770409030092004,64.00942911252466,106234400
63.15852737426758,63.64063511840121,62.95844854087911,63.56349611380853,121395200
63.103084564208984,63.4405585257461,62.8764933279525,63.29833761896905,65325200
64.20950317382812,64.22637870631682,63.2814445198713,63.327245332981434,84020400
63.7081184387207,64.39994174998013,63.27663002561703,64.3469096134178,105207600
64.56385803222656,64.59760910005717,63.95399212630652,64.01907401320656,65235600
64.421630859375,64.60242121725912,64.09620674390789,64.2649473538178,46617600
63.676788330078125,64.66269773145665,63.505642149829725,64.42646230113999,94487200
62.54141616821289,62.56069723689113,61.77968521879456,62.26661128399151,114430400
63.09342575073242,63.4718820212091,62.837909284948175,62.93192380768448,67181600
64.0190658569336,64.09379930384016,63.332068402488204,63.58758484552913,74424400
65.25567626953125,65.32558393574297,64.43368187672564,64.4770771543204,106075600
64.34209442138672,65.27737714430648,63.85757384735053,65.08453701422351,128042400
64.71813201904297,65.10140670875774,64.08656483345956,64.74705730032277,90420400
65.2701416015625,65.34969348345126,64.7229520666511,64.79767816395331,78756800
65.43647766113281,65.70163837389192,64.43851852305019,64.54940123697496,137310400
66.32595825195312,66.3621148543044,65.3087108196568,65.43646905221725,133587600
67.46128845214844,67.68547399562866,66.76705993947341,66.77187836542845,128186000
67.59392547607422,67.92175525140861,67.20582486891783,67.39144108135922,114158400
67.4323959350586,67.95307308973534,67.28294373773436,67.44685857632358,116028400
67.49988555908203,67.77950886281938,67.24196357196422,67.3745402255633,98369200
67.360107421875,68.13388843872387,67.14797879705345,68.03264991275654,275978000
68.45928955078125,68.51955300989285,67.58426294746009,67.62283244405702,98572000
68.52436828613281,68.6738278372129,68.19895150700309,68.62561412958978,48478800
69.88391876220703,69.9007942963268,68.62803033131719,68.65695561473434,93121200
69.85740661621094,70.86260446261116,69.45243789154644,70.17559948118166,146266000
70.27200317382812,70.55403936484663,68.75336713216096,69.77543291987965,144114400
70.78546142578125,70.79269274701018,69.78990785044671,69.88874081149524,100805600
72.40052795410156,72.46079141879511,71.15668916006118,71.4097927692221,135480400
71.6966323852539,72.45595040957373,71.47245410922795,71.6291376132339,146322800
72.2679214477539,72.306490935931,70.56849521434884,70.8191932093111,118387200
71.92803955078125,72.5330795245145,71.70867973246871,72.27756311117845,108872000
73.0851058959961,73.38642316119072,71.63155170295238,71.63155170295238,132079200
74.63749694824219,74.83033706552648,73.81068409472688,74.06137477592067,170108400
74.80623626708984,75.370308736383,74.30484750773756,74.87132551313572,140644800
76.40442657470703,76.43094632364196,75.0039042885127,75.1220256778742,121532000
75.37272644042969,76.55148346044966,75.24979396232517,76.34176775906714,161954400
75.0496826171875,76.05246721987251,74.61819429330173,75.17262239843001,121923600
75.98981475830078,76.1007048279931,75.23049658770428,75.5920773695483,108829200
76.83108520507812,76.83349074089385,75.93195182564011,76.23808752279956,137816400
76.3104019165039,76.90097930249982,76.17299948734095,76.45985409290795,110843200
76.58280944824219,77.13481745633268,76.48879491769239,76.79493065234263,101832400
76.95162200927734,77.03116654175618,76.0886451198764,76.6358420591075,104472000
76.72984313964844,77.93993070377184,76.53940855639385,77.19748815287878,146537600
74.47357940673828,75.15334557711078,73.49248860994267,74.74114561147599,161940000
76.58039093017578,76.7515370876536,75.25459488094803,75.35342783283777,162234000
78.18338775634766,79.02948893915872,77.46987057591716,78.209907499375,216229200
78.07010650634766,78.1231386457578,76.83591201430718,77.26740045058162,126743200
74.60856628417969,77.78324080814086,74.31448034488959,77.36139664518089,199588400
74.40367126464844,75.56795795185045,72.85128411079334,73.35267280813538,173788400
76.86000061035156,77.05043515977154,75.60169956180454,76.00666815397705,136616400
77.48674774169922,78.28463523931488,76.88411323556181,77.98572352193352,118826800
78.39311981201172,78.39553270453209,77.19990767879175,77.75674147890366,105425600
77.32752990722656,78.14180794117812,76.83702966688513,77.8929335802923,117684000
77.6948013305664,77.6948013305664,75.83428641741939,75.91401971596468,109348800
77.22607421875,78.26265171467769,77.00861231633205,78.19016687181822,94323200
79.05998992919922,79.0648197921596,77.67547099896561,77.67547099896561,113730400
78.49702453613281,78.82322105727773,78.12975573109031,78.33272065286425,94747600
78.516357421875,78.76523186182376,78.00894143905393,78.4656106619056,80113600
77.07866668701172,77.25988612279623,76.01792538344428,76.19914481922879,152531200
78.19499969482422,78.42454732896218,77.32031481331299,77.32031481331299,93984000
77.39277648925781,78.44385067885128,76.88777921917897,77.95576899229526,100566000
75.64098358154297,77.42902110600791,75.02484049800245,76.98684158821678,129554000
72.04802703857422,73.49778279969091,69.88547911921196,71.8257352845529,222195200
69.60758209228516,73.0990790994302,69.13641603822464,72.71731344350151,230673600
70.71183013916016,71.97553646481957,69.22583207719232,69.23308056046676,198054800
66.08951568603516,69.10500967174747,65.95420576749399,67.92104419759342,320605600
66.05084991455078,67.27106508637516,61.94562839291094,62.160678974985316,426510000
72.20026397705078,72.83574153252567,67.1043725567105,68.2061865192792,341397200
69.90721893310547,73.45428597286327,69.05669090258408,73.37455265692115,319475600
73.14983367919922,73.30930768219956,70.82781196815235,71.62759322830975,219178400
70.77705383300781,72.37902717401828,70.41219640582361,71.40527520257908,187572800
69.837158203125,70.26967078128168,67.95247846821638,68.13852782222664,226176800
64.31358337402344,67.19376061426469,63.54762585590985,63.72884532127841,286744800
68.9455337524414,69.21132371848606,65.0867678159455,66.96420578722295,285290000
66.55101776123047,67.95003374263217,65.68841155580724,67.0246098194062,255598800
59.97879409790039,65.23899079548863,59.923221175115486,61.84173134619349,418474000
67.16476440429688,67.6359379478289,61.119282212065336,64.00430027982446,370732000
58.52421569824219,62.60044010140755,57.99022079286357,58.4613905994218,322423600
61.097530364990234,62.245249799692694,57.60361793460999,59.80483021639644,324056000
59.60185623168945,60.406470866055514,57.29432830722245,57.934639110553675,300233600
59.14519500732422,61.09269941838276,58.62086718026377,59.77583883377371,271857200
55.39031982421875,60.84864774255849,55.09070239617697,59.72508515259065,401693200
54.21360778808594,55.211524041383235,51.37208822817037,55.11004159498472,336752800
59.65261459350586,59.848331019416534,56.6129597572638,57.110708614992014,287531200
59.32399368286133,62.399890444761496,59.02920978154729,60.587696143364745,303602000
62.4458122253418,62.50380009475104,59.52697025468034,59.565631292232815,252087200
59.86039733886719,61.82481325258339,59.69367489036661,61.0709416804956,204216800
61.568695068359375,61.740251079824446,60.26149806281595,60.585279571290975,167976400
61.44306182861328,63.424393901395085,60.8897400197262,61.7595949233472,197002000
58.21010208129883,60.09719995282628,57.78000823267317,59.56079010801558,176218400
59.18144226074219,59.234600264782834,57.2411861740168,58.07238003328574,165934000
58.33091735839844,59.36749098851091,57.74134949209258,58.66677725772262,129880000
63.41954803466797,63.57418477082714,60.256665999907646,60.62393470039306,201820400
62.685001373291016,65.64975569191732,62.58110401279755,65.43228649705053,202887200
64.2894058227539,64.6035165473233,63.1199373363336,63.48478743589154,168895200
64.75332641601562,65.25591244712727,63.95838246710248,64.9248861243381,161834800
66.0242691040039,66.1330036952468,64.23140190068074,64.83063671400997,131022800
69.35871124267578,69.64866527052683,67.1840781553046,67.65525160710325,194994800
68.72565460205078,69.18474234820361,67.80747910974512,68.23515430833677,131154400
69.271728515625,69.63658597716727,68.22307301485074,69.43845097329417,157125200
68.3318099975586,69.33456350529407,66.89655138464681,68.7884865443206,215250000
66.91345977783203,68.06118282102301,66.89413295001411,67.15992291899424,130015200
64.84515380859375,66.99079338426836,64.13477293897611,66.75641592219942,180991600
66.7129135131836,67.14783719048366,65.77057396314187,66.11125999851906,116862400
66.4543685913086,68.07809487584751,66.41570756383898,66.65733345514633,124814400
68.37291717529297,68.38258428105134,66.93040949872422,66.97873765367493,126161200
68.42120361328125,68.75222988872481,67.64316798553294,68.09016996400102,117087600
67.3121566772461,69.06394488685403,67.2203450064915,68.88272541689459,112004800
69.52302551269531,69.99178036647727,68.59518290617446,68.79814778505363,137280800
70.98968505859375,71.16607461666706,69.67282835408629,70.06184250590752,183064000
69.84681701660156,72.24616099497416,69.06878114170213,69.1654300495363,240616800
70.83506774902344,70.96312921364829,69.18234705743826,69.87098252239187,133568000
71.89820098876953,72.72939466051092,71.1491592367676,71.2941362490643,147751200
72.6400146484375,73.27065487426464,72.21475059268822,72.59893499011841,142333600
73.39144897460938,73.73697961793019,72.96377378346223,73.26580616038919,115215200
75.13829040527344,75.19159229593362,73.72337622769179,74.05045567520663,133838400
76.32060241699219,76.81484814613628,74.4380826460871,74.64644722875487,145946400
75.44841766357422,77.45449582037008,75.32727766040104,77.00385116379037,162301200
74.53744506835938,76.54837362731435,73.46172121123148,75.62770513487014,200622400
74.99534606933594,75.0559160635201,73.05468108965971,73.77667808210235,158929200
74.55197143554688,74.59800522378177,72.73487156458532,72.7687943111998,166348400
76.30850982666016,76.68162311206635,75.18433442581173,75.8748339325949,135178400
75.8675765991211,77.17103702628488,75.83607901036319,76.32548203793918,101729600
77.34304809570312,77.41330397310716,76.68646396339064,76.72522965116472,111504800
76.76639556884766,77.74520853424706,76.52895858103298,77.204921640759,102688800
77.26067352294922,77.34304783651851,76.40300024409417,76.50475370458611,81803200
76.73735046386719,78.5568683167511,76.68162339962899,78.37758347481825,125522000
77.0716781616211,77.21704762323688,75.85543536682479,76.59439371595593,112945200
77.1055908203125,78.36302429903517,76.47081856121721,76.74701384773941,133560800
77.03050994873047,77.8082267406315,76.67435802451047,77.34789618259597,153532400
77.97781372070312,78.09895371175787,76.85363105469186,76.9844643152945,80791200
78.33879852294922,78.36302799682535,77.27034305104888,77.71129433668344,87642800
78.77008056640625,79.03174713400516,78.08684912120862,78.65863382513984,104491200
78.09166717529297,78.89118797001616,77.71855402065043,78.59318839439219,87560400
80.31582641601562,80.37639642085425,78.31217331772173,78.34124573703636,137250400
80.79068756103516,80.82461031040765,79.30309219050388,80.01297082329648,95654400
83.3418960571289,83.7343884798814,80.43938634656227,80.47088393003234,147712400
85.48603057861328,85.95362896488109,83.85064141526838,84.28916739941727,166651600
81.3818588256836,85.05482488773967,81.28010535582771,84.63083484447448,201662400
82.08448791503906,84.265008628891,80.97484840504029,83.51878923786755,200146000
83.09960174560547,83.75133543445982,80.57746645559173,80.73979728329574,138808800
85.30193328857422,85.57329308072946,83.51875616005826,85.15172088189794,165428800
85.18323516845703,86.10632149459083,85.062095153019,86.04575148687181,114406400
85.21715545654297,85.63387739334637,84.60903023062069,85.1396240743936,96820400
84.73015594482422,86.38735014117718,83.62293464807695,85.92217671437545,264476000
86.947021484375,87.08996579558588,85.07661960868549,85.12265339969562,135445200
88.8028793334961,90.22021867227018,87.77076426941889,88.18991128978877,212155600
87.23533630371094,89.3504433677871,86.86222303304002,88.43220009652119,192623200
88.3934326171875,88.43219830369976,86.63205971274161,87.39039728120305,137522400
85.6774673461914,88.50972079929527,85.52967271907464,88.28924513838203,205256800
87.65203857421875,87.74653130218796,85.10809914104198,85.58539093044703,130646000
88.38375091552734,88.66964696675093,87.22080974313869,87.240188892032,140223200
88.21658325195312,89.00399339477583,88.16813167944413,88.46128846235408,110737200
88.21658325195312,89.75748817622227,88.10271872934692,89.12271564409322,114041600
90.57637786865234,91.04397648582848,89.61210082402599,89.6435984064739,118655600
90.29533386230469,91.7320524889195,90.18388713248098,90.95433575857336,112424400
92.39832305908203,92.42982064230873,91.18449788463136,91.27172253001288,117092000
92.795654296875,93.34320200495762,91.74900304495738,93.2899001154489,125642800
92.95799255371094,93.01614478395153,91.78051525297649,92.39105821700926,90257200
92.52915954589844,96.86839541410872,92.31595195399946,94.26146013937891,191649200
94.06036376953125,94.25175963929699,90.97856198164641,91.91133403395911,170989200
94.7072525024414,96.18273684605151,93.51038868590005,95.93318873658312,153198000
93.5418930053711,94.39714118909534,92.94346105400828,93.58065869622936,110577600
93.35292053222656,94.14759875840713,92.88047150221618,93.99254337939139,92186800
95.32020568847656,95.45830704424495,93.09607736485056,93.44011817142827,90318000
94.00462341308594,96.18514302833793,93.75507535287011,96.11003683309417,103433200
94.26871490478516,94.94952104533722,93.61940634409747,93.7066235863698,89001600
89.97793579101562,94.07973387894577,89.16872158432245,94.00220251459487,197004400
89.75503540039062,90.0990762102355,86.3921882418588,88.17779782726093,185438800
91.88225555419922,91.97432312790853,90.59333170366311,90.81622514062431,121214000
90.37287139892578,91.63030527715343,90.36802106656002,91.45343820318753,103625600
92.10516357421875,92.28929873601002,90.81865739523712,90.85499791564365,90329200
93.21966552734375,93.32384416441144,90.8719714748946,91.27900014562395,158130000
102.97869110107422,103.12890351490226,97.7115189842411,99.7079111699714,374336800
105.57349395751953,108.19011460238991,104.56076548592098,104.85876510860703,308151200
106.27854919433594,107.36880923031337,105.04049450870605,105.76249159429877,173071600
106.66377258300781,106.98358396526419,105.53474686841106,105.99992773294753,121776800
110.38517761230469,110.87943083941089,106.40694450020551,106.995683074286,202428800
107.87548828125,110.36333556331454,107.07937744727452,109.90702677912203,198045600
109.44346618652344,110.46045047783032,106.79542421098176,109.31967821090602,212403600
106.1885986328125,109.20556664025784,105.92888988244533,108.70800016951561,187902400
109.71771240234375,109.97499163666492,107.08423344754698,107.27840393895296,165598000
111.65946197509766,112.66188375277733,110.60849386446708,111.09635710424106,210082000
111.55994415283203,111.64974819993897,109.75170070282874,111.48470252378944,165565200
111.26866149902344,112.70554822258934,110.64245541048665,112.68127506102117,119561600
112.19585418701172,112.62060863769267,110.68615521459195,111.02110562369826,105633600
112.33662414550781,113.74923783578949,112.24196843606359,112.60361413274605,145538000
114.82933807373047,114.94341528440668,112.36090456064325,112.37789651709356,126907200
120.74678039550781,121.22978455348972,115.7759366742478,115.78806955381434,338054800
122.19093322753906,125.03315266970756,120.32686973134855,124.94819288976294,345937600
121.1884994506836,121.53316057768988,119.46763816827539,121.06471891526844,211495600
122.83656311035156,123.29287194891076,121.43851175938384,122.50404222890556,163022400
121.36811065673828,123.77100549354533,120.22490919644622,123.4384846629305,155552400
121.17152404785156,122.75888676117691,120.94822130817289,122.3414135230096,187630000
125.28072357177734,127.1836302061131,122.32929317534541,123.86326545477932,225702700
130.27093505859375,130.87288270975856,126.72727621370097,128.8923056104839,151948100
127.57196807861328,133.96027723036116,123.30015752319882,133.58163954392333,200119000
117.35843658447266,125.08653940539764,116.98950967695433,123.2127726268104,257599600
117.43610382080078,120.0962780604988,107.65947073062564,116.57203254505438,332607200
109.53326416015625,115.52351448044385,109.39734331128103,110.63034169954362,231366600
113.90213775634766,115.66911573534202,111.90215372713668,113.8438880955757,176940500
110.1837158203125,116.98949692716701,109.22255937183643,116.85357611251904,182274400
108.73712158203125,111.87302575822105,106.7953872680664,111.23224987919093,180860300
111.99925231933594,112.55264638404466,109.51383440164483,111.37789783991316,140150100
112.17399597167969,115.36814991421778,110.300221999526,114.88271631943319,184642000
108.86333465576172,112.6205933237319,108.77596016463926,111.8730288513231,154679000
107.12548065185547,108.93129419191115,105.54296982143195,106.52354774325607,178011000
103.72745513916016,107.64975978247199,102.99930468969426,107.18374764280628,287104900
106.8730697631836,106.97986575435861,100.0964130289504,101.49446425369291,195713800
108.55266571044922,109.57207929386054,105.97987340331184,109.39732289119372,183055400
103.99930572509766,108.84393137946276,103.65949625131259,108.36820848614498,150718700
105.06725311279297,107.03811241012444,101.94105943821374,102.10610509006938,167743300
109.00897979736328,109.16432212155291,104.53328092968297,105.27114215532431,149981400
111.61089324951172,111.96040603666982,109.49440244155606,111.65943957272272,137672400
110.76624298095703,111.95070223231198,110.26139526105185,111.21284844222973,99382200
112.43614959716797,113.84391175108092,110.30995505877512,110.4750007366762,142675200
113.38761138916016,114.29051842202628,112.45557951767428,114.21284724761975,116120400
109.7274169921875,112.00896103141628,108.95072761058432,109.60120691204848,144712000
113.10604858398438,113.25168017088336,110.24199280586862,110.5915056515741,106243800
109.86334228515625,112.73710847512729,108.97984952644627,112.32933859803765,161498200
111.7273941040039,112.1837028525209,110.80506586141273,111.28079610104412,96849000
111.62060546875,113.00894588963777,111.25167118458671,112.86331432521168,83477200
113.56233215332031,113.59145698279072,111.5720515253858,111.92156429328776,100506900
120.77589416503906,121.53316947743221,115.80505089927543,116.56232621166858,240226800
117.57203674316406,121.73705863931524,116.1642820228976,121.62055188862823,262330500
117.65941619873047,119.44580856247916,116.13515475963598,117.4749490324475,150712000
117.19338989257812,117.66911279151616,114.70797199610067,115.26136605608602,112559200
115.55264282226562,118.00894373914683,115.34876154277069,117.74680537470265,115393800
112.6011962890625,116.9118422011094,112.29051903948137,116.46524411778215,120639300
114.08662414550781,115.51380033230909,112.26138879057609,112.81478288268985,124423700
113.46526336669922,115.25165563302974,113.05749347361974,113.27108546353527,89946000
112.37789916992188,114.60118635769001,111.25168945435153,114.02837075211397,101988000
111.68856811523438,113.15457972080071,110.95070693925585,112.99923740706663,82572600
111.69828033447266,113.15458121285103,109.591492767667,110.6885775032748,111850700
113.2031021118164,113.86329203454582,111.20311826081029,112.12543904078562,92276800
107.96044921875,112.06722147724142,107.86336396260268,111.69829454102945,143937800
111.96041870117188,113.52351567412646,108.93131000553764,109.09636307884779,146129200
105.68861389160156,108.72742584588708,104.58182577242385,107.82451896896531,190272600
105.6012191772461,107.45557903361015,104.19346473885868,105.93131786786421,122866900
107.22257995605469,108.24198610997585,105.56239787070092,106.4653046968192,107624400
111.6012191772461,112.22257380146256,109.07696509047527,110.81481885128213,138235500
115.56233215332031,116.13514770518474,113.46526266207991,114.51379370413532,126387100
115.43106079101562,115.92705207680842,112.94134718075708,115.07121742885344,114457900
113.12610626220703,118.6404186508716,112.86352313794548,117.19133287792215,154515300
112.78573608398438,114.36124992222891,110.99625432436308,112.37727008295128,138023400
116.2090835571289,116.3452388928094,113.24283383562194,113.97224059958567,112295000
115.93675231933594,117.22050769938583,115.31432591809406,116.33549817445764,103162300
115.98538970947266,116.38412816982795,114.63355658842221,116.16044760960408,81581900
116.996826171875,117.66787522451466,114.90585901966058,115.65471322677983,91183000
116.11180877685547,117.35666156399112,115.69361534806072,116.26741908520137,74271000
114.7891616821289,116.53001321672764,114.75998660153422,115.35323797332128,76322100
115.38240814208984,115.79087409284412,113.60265410249275,114.36123584529591,74113000
114.11810302734375,115.50883872913519,114.06948036722605,115.38241090893905,73604300
110.72392272949219,114.39041080457727,110.6266699980908,113.96248988252185,127959300
112.00767517089844,112.66900411514756,109.49851469831438,110.782277431187,113874200
112.84408569335938,113.54431736019659,112.00769869351593,112.37726952874067,76499200
113.38868713378906,114.26397656378495,113.02885128250198,113.36923955530375,46691300
115.78116607666016,117.64844554887398,113.6026659391683,113.75827627180732,169410200
119.35038757324219,120.07979426970195,116.7147989337566,117.68734119570294,127728200
119.70050048828125,119.98253862781858,117.57063061172147,118.66960066999447,89004200
119.5643310546875,120.38126287698958,118.85437203967088,120.12839984726902,78967600
118.89330291748047,119.48655434771668,118.18334373345853,119.23369125780223,78260400
120.35211181640625,121.14959622013072,118.89329833984375,118.95164850453536,86712000
120.96480560302734,121.54833690448348,119.7102251767506,120.9550855226028,82225500
118.43620300292969,122.49170271232049,117.67762117756554,121.1106943933289,115089200
119.85611724853516,120.4688236783502,116.85096494578069,117.19135328461722,81312200
119.04891204833984,119.38930038520903,117.23998269251022,119.06835963048555,86939800
118.43620300292969,119.96309415447033,118.20279492279666,119.23368741163418,79184500
124.36870574951172,124.3881607505194,120.72167215100104,120.92590514212858,157243700
124.3006362915039,124.84525763713049,123.08495834508075,123.91162528457596,98208600
125.16619873046875,126.02204075578122,124.5243172114844,125.36070423445284,94359800
123.18220520019531,125.5552106694522,122.65703149372492,125.41905534776451,192541500
124.7090835571289,124.78688871478423,120.06033297589273,121.58722395031434,121251600
128.25885009765625,130.71938029303678,126.09007064495803,127.99625958942822,168904800
127.36414337158203,128.79376686890285,127.18907804467862,128.53119113827395,88223700
128.34637451171875,129.79546749710363,127.50026768364367,127.71422812013846,54930100
132.9368133544922,133.56895993255333,129.84412103088945,130.3109520335808,124486200
131.1667938232422,134.97915839822994,130.6513475184492,134.25948649182007,121047300
130.04835510253906,132.2560302372561,129.73713444926724,131.85728434018318,96452100
129.04661560058594,131.040329904096,128.10324856194674,130.39844854670574,99116600
125.85669708251953,129.94137159533847,123.27945861661561,129.85384635373498,143301900
127.4127426147461,128.1227090738479,124.90358206952835,125.35095799115666,97664900
123.12384796142578,127.45166544679954,122.90988747820573,124.21309795786028,155088000
127.32524871826172,128.01576034902203,124.34927136052875,124.83554255858496,109578200
128.42416381835938,128.98823991411774,126.65413039651636,128.7937196577919,105158200
125.43848419189453,126.59581174174171,124.9716681081952,125.64272457590934,100384500
125.26346588134766,126.12902803614703,123.37673122396438,124.9717001892066,91951100
127.29606628417969,127.84068762018809,124.96197060419559,125.22454635131636,88636800
125.37042236328125,127.40303206132965,125.22453212496984,127.20852658339784,90221800
123.64904022216797,126.64447259687851,123.51288487967291,125.24400916560404,111598500
124.320068359375,125.17591022451418,123.45450641479232,124.27143828252557,90757300
128.40478515625,128.8521612360096,125.02034140959604,125.12732167824589,104319500
133.11184692382812,135.83496806730975,129.92190967683482,130.1261500695179,120150900
135.25143432617188,136.0100159621577,131.31263593020583,132.53803360991805,114459400
138.99574279785156,141.10615779384105,132.79091821695442,139.14163304575837,157611700
139.22915649414062,140.3378541007655,137.48829750104505,139.65707747210416,98390600
138.15936279296875,140.33786298237393,136.5546738638665,139.49174105337266,140843800
133.32582092285156,138.09128711738055,132.94653001780165,135.68910643879175,142621100
128.3367156982422,132.98546769252428,126.63476631172155,132.1004504499765,177523800
130.45684814453125,131.66280616641993,127.33498024294086,130.0775571695549,106239800
131.28347778320312,132.56722577893618,130.9139069960329,132.00314951845078,83305400
130.26231384277344,132.0420679752551,129.9413731133275,132.0323330550851,89880900
133.61756896972656,133.62728904915303,130.89444790890877,132.55750155942113,84183100
133.2036590576172,133.84649984670483,132.32706879031318,133.77832786955716,75693800
133.34974670410156,133.39844945852406,131.41149002924152,132.49262578464683,71297200
132.47314453125,134.2945265238743,132.31731652057164,133.06728247906966,76774200
131.8692169189453,133.4276152710194,130.90495626662582,132.93086817952687,73046600
131.61605834960938,132.84328771791823,130.29142345565842,132.36602442146648,64280000
131.84976196289062,132.00560480490336,130.2134567077312,130.85629728454018,60145100
129.7264404296875,132.47309953309198,129.33683338034655,131.96663266193272,80576300
127.43756103515625,128.78167951119218,126.10319202528883,127.83690273629607,97918500
126.33694458007812,126.61939669496834,124.09675228153843,125.84019743521674,96856700
126.49278259277344,127.31095005461351,125.4506152038684,126.85317101046176,87668800
122.72344207763672,126.34670679460257,122.33384236261952,124.68116782712916,103916400
122.58709716796875,123.41499201171895,115.31134823227501,120.54170772135137,158273000
122.0903549194336,122.29489311702532,119.05149320550255,121.69102056156322,111039900
117.84373474121094,123.17149227710611,117.40543965947438,121.43778116304092,148199500
118.10670471191406,121.6033452358005,118.04825992472897,119.40211317040608,164560400
124.4668960571289,124.60325484384613,119.5969181572381,120.53195302229754,116307900
121.8663330078125,125.3727157063762,121.75919289657611,125.07077944616279,102260900
118.88589477539062,122.44098002866822,118.6716145648539,121.56438254510716,112966300
117.00609588623047,120.38586201324064,115.53536779088374,118.583971529586,178155000
118.26253509521484,118.7690169305712,114.5126538027712,117.83398211644732,153766600
113.3341293334961,117.85346835184752,113.1880285063647,117.78528895665244,154376600
117.94111633300781,118.8858931954571,115.7009310503409,115.93468789918522,129525800
116.8599853515625,118.99303047984385,116.34376148572666,118.52551679323263,111943300
118.78849792480469,120.00599237807343,118.10670400337277,119.35341713456053,103026500
117.8826675415039,118.01902630934984,116.06130081484937,117.26905308619719,88105100
120.76571655273438,120.77545858975141,117.28855243734995,118.25281346511821,92403800
122.30463409423828,123.9117284110974,121.47673927373422,122.4312508542222,115227900
121.51568603515625,122.58707964634337,119.15861117334904,120.82415009129004,111932600
117.39569091796875,119.97678079779097,117.19115272943903,119.68457913932171,121229700
116.8697280883789,118.27228410779664,116.56779183514182,116.7820720526636,185549500
120.18132781982422,120.64884902153915,117.1327239795706,117.20090338075846,111912300
119.35343170166016,121.00922138779639,118.96383194286418,120.12288918175794,95467100
116.96712493896484,119.70405755554833,116.94764829711929,119.62613612617307,88530500
117.4541244506836,118.49630686413842,115.9054750318424,116.43143354135354,98844700
118.0580062866211,118.32098926109825,115.82755546141085,117.22036947257719,94071200
118.23331451416016,119.3923715504468,117.59048134086395,118.48655542775977,80819200
116.78207397460938,117.26907177481125,115.76911765846987,116.98661215897457,85671900
118.97356414794922,120.30793336547684,117.99956854695249,118.48656634745086,118323800
119.80143737792969,120.95075227765696,119.3046976300742,120.44427792585978,75089100
122.62605285644531,122.87929380413213,119.86964340519192,120.64884289146045,88651200
122.92796325683594,123.82403727576349,122.38252818983577,123.21042282538829,80171300
124.57403564453125,124.59351228641088,121.88580577435263,122.55786509964642,83466700
126.97005462646484,126.99927330265552,125.17790646414029,125.59671739753477,88844600
129.54136657714844,129.58031984737067,126.10316457800722,126.42458478979508,106686700
127.82718658447266,129.39532007888374,127.23304868008105,129.07389975073812,91420000
130.9342041015625,131.15823376064404,128.49921542278324,128.99596262492872,91266500
128.59666442871094,131.4894331469025,128.23629073814718,131.43099577675665,87222800
131.00241088867188,131.48940869866695,130.16477406100063,130.34010100083557,89347100
130.67124938964844,131.16798178060714,129.81412853121648,130.8076081751269,84922400
131.33355712890625,131.9471790846723,129.87256379574342,130.0381412567294,94264200
129.64857482910156,132.00564275979164,128.38237738217003,131.50891027779352,94812300
130.0283660888672,130.27186490176769,127.8855795077404,128.91801209652044,68847100
128.50897216796875,130.66149395921403,127.99275572778816,129.58035833012048,84566500
130.82713317871094,131.60631798979747,128.72329851998296,128.72329851998296,78657500
131.21665954589844,131.54781441014728,130.0868213316481,131.3237996328013,66905100
130.89524841308594,131.88872793710226,130.62253087504087,131.49912083847275,66015800
130.10629272460938,131.5088483212376,129.61929507922395,130.81730512551528,107760100
130.00894165039062,133.50559750247544,129.00572727008065,132.92119413868548,151101000
128.04148864746094,130.0868708182536,127.66163089702832,128.35315956120257,109839500
129.0933837890625,130.58361088598772,128.40185516343865,128.6063859381181,75135100
124.52532196044922,128.07067238199318,123.40522566029897,127.77847076247717,137564700
124.76882934570312,127.05770985077288,124.64220517501703,125.84021547722773,84000900
126.3661880493164,126.37592265450229,123.82405163749547,124.56429033642047,78128300
127.0394287109375,128.06384958870711,126.3271932921987,127.66384429072433,78973300
123.7612075805664,126.38570115821472,123.7221806852606,126.25887677480436,88071200
122.84410095214844,123.19532812082859,119.78055295740043,120.49278076667929,126142800
119.78053283691406,121.60500079746393,119.27319817304675,120.39519702699735,112172300
121.92697143554688,123.07823863645709,121.23426088704589,121.54646856304096,105861300
124.34659576416016,124.7758841676664,122.7855571745272,123.17581868284023,81918000
123.1953125,123.83924502210618,122.12209907344122,123.73192293508849,74244600
121.80988311767578,123.89777321547987,121.74158792545293,123.4782434793631,63342900
121.65381622314453,121.87821158301546,119.86837471152245,120.16107272588073,92612000
124.2099838256836,124.61000384937135,122.05379848438088,122.18063773268084,76857100
122.37576293945312,124.88318279629019,122.16111877804317,124.7075655227382,79295400
124.00511169433594,124.82466155300955,122.87336158160026,122.94165678285485,63092900
123.80998992919922,125.19541862484827,123.24411112700588,124.70758616767343,72009500
123.7612075805664,124.28805950176616,123.34167776055286,123.8685296817526,56575900
122.22941589355469,124.53195020806949,122.03428889481324,123.36117332838509,94625600
121.57574462890625,122.73677048730885,121.51720801205188,122.51236771666937,71311100
121.25377655029297,122.29772171588232,120.92205913488071,122.03429950032661,67637100
122.01478576660156,122.19040306312083,121.02938463288338,121.253779962891,59278900
120.53178405761719,121.80988298653327,120.13176404387289,121.64402429754462,76229200
122.8245849609375,123.08801464449839,120.83425795335646,121.04890215666704,75169300
122.83434295654297,123.2441141916509,121.79039769931899,123.09776519522116,71057600
123.65386199951172,125.331988404536,123.13676876123085,123.51727161368726,74403800
124.03437805175781,124.63928371308171,123.43923097435068,124.1124318358548,56877900
123.03922271728516,125.06857651400928,122.87336400291547,123.9270603510902,71186400
124.2490234375,124.33683580636276,123.02946096276283,123.44899075181716,53522400
127.30279541015625,127.36133202248661,123.97583310546236,124.70757053406396,96906500
126.4832763671875,127.41990699875254,126.23936384604688,126.775974370004,62746300
126.98085021972656,127.70283662845416,125.33201411236685,127.19549442536886,91815000
128.5808868408203,129.32239025268845,126.49299676283543,126.63935317228925,96721700
127.2833251953125,128.30774594363172,127.06868097120527,127.527237732958,108953300
129.07846069335938,129.18578275784907,126.06370663710283,127.12716125698881,79663300
130.71755981445312,130.81513075216756,128.4150256244004,128.9126165646152,74783600
130.44439697265625,131.04931007255976,129.98584029942936,130.51269961588608,60214200
130.16148376464844,131.36152922245495,129.69316099657445,131.1761533209972,68711000
129.8687744140625,130.6297802366699,129.5760764313894,130.21025787505408,70783700
131.4980926513672,131.95664929646315,130.10292043684166,130.1614570490265,62111300
133.01039123535156,133.16649883756983,131.0786080414317,131.51764764633526,64556100
133.62503051757812,134.0640700400228,132.56156070353867,132.8542586809143,63261400
133.92745971679688,133.98599632611845,132.45421890843855,133.27377610064684,52485800
136.55197143554688,136.5909908825578,134.39577852908815,134.54212006442484,78852600
138.56182861328125,139.6643030810213,136.65931393358588,136.65931393358588,108181800
141.0497283935547,141.3619286538461,139.1862333107396,140.04479519196917,104911600
139.75213623046875,140.55216163148216,137.24470813835896,138.1325533693018,105575500
141.5765380859375,142.1033824089943,139.1764331121068,139.2740040435633,99890800
140.98141479492188,142.75710481226085,140.49358983023356,142.64978272453996,76299700
142.09365844726562,143.86934850619764,140.1326074026889,140.5228614286861,100827100
145.51820373535156,145.92798987044893,144.08399692422722,144.49378305932458,127050800
144.864501953125,146.34749406137325,143.50834910364574,145.6060054508676,106820300
142.8253936767578,146.1133292004128,142.32781756831105,144.8449961921481,93251400
138.98135375976562,140.56191704499963,138.22034787278739,140.24970186714236,121434600
142.5912628173828,143.51814236544809,139.47895135835654,139.96677643113202,96350000
141.85946655273438,142.57170158330715,141.10822697009226,141.98630578312776,74993500
143.22540283203125,144.59130668501456,142.25950410848452,142.38634335455993,77338200
144.94253540039062,145.09864294509043,143.3424702853048,143.9571344380385,71447400
145.36207580566406,146.1816181027515,144.10347916841854,144.65960672609336,72434100
143.19618225097656,145.57677109148528,142.0058878307222,145.48895126026883,104818600
141.44972229003906,143.39127100475073,139.06913408549428,141.28386358886817,118931200
142.09365844726562,142.98150347673163,141.05947187985987,141.16679397009463,56699500
142.30831909179688,142.7668758133756,140.60093147786202,140.86436116386733,70440600
141.9766082763672,143.3717807887823,141.7131785780533,142.7961507964113,62880000
143.7717742919922,144.43520909857267,141.64484970305608,142.2595139229218,64786600
143.3717803955078,144.19132291330385,142.71809660960577,143.68399557594776,56368300
143.47909545898438,144.2401013148973,142.61076750096896,143.40104166770632,46397700
142.7951202392578,143.74291989384258,142.29679858037488,143.000320280882,54126800
142.74624633789062,143.34228507821692,142.18930041536296,142.8537292225246,48908700
142.26748657226562,144.32919310328901,141.9743500451473,143.0882569205625,69023100
142.5215606689453,143.36187760745253,142.1991119113098,142.7072143393609,48493500
145.48216247558594,145.6385039280885,142.50196876649986,142.84396383015653,72282600
145.68736267089844,146.01957707570978,144.8763581583002,145.56033337689462,59375000
147.6611328125,147.72953779617734,143.117568833467,145.1401825389347,103296000
146.7523956298828,148.2082823920191,145.67756689112312,146.79147353422863,92229700
143.0100555419922,147.27026274921596,142.80485554411644,146.37132185900873,86326000
143.34231567382812,144.61256415166383,141.19267243186096,141.71054055666755,86960300
144.7981719970703,145.10107421090675,143.42044104748524,144.0653382889344,60549600
146.28341674804688,146.7524262457425,144.50506608373868,144.91545125791524,60131800
146.19544982910156,147.40707372149436,145.73620613091066,146.02934262692168,48606400
144.96429443359375,146.87943995254733,144.41711425947602,146.3811034364789,58991300
144.16307067871094,145.70690913613237,144.13375851701343,144.95454377317253,48597200
145.19882202148438,145.34538283026907,143.46932993010927,144.10444664756716,55802400
149.6153564453125,149.97689795560206,145.20858752404757,145.58966053577964,90956700
148.35487365722656,149.3026732146875,147.8272249811444,149.16587817080352,86453100
149.01930236816406,151.43276949828842,148.8531951656688,149.33198527371385,80313700
150.1332244873047,151.17874128646721,148.91183471793337,150.34819027947748,71115500
150.76834106445312,151.09078972052774,149.5860293255129,150.24069238740682,57808700
153.1036376953125,153.66058362239795,150.8562777588282,151.4230043452141,82278300
151.55982971191406,153.44564855103232,150.45568847705636,153.38702422166725,74420200
150.54359436035156,152.5368955037672,150.42633082753412,151.9310910707807,57305700
145.56033325195312,151.9213251437336,145.2965089144569,151.45231569560596,140893200
146.12709045410156,147.954284971399,145.3453979370689,147.18237311566395,102404300
144.7297821044922,147.61227358439965,143.5474852815467,146.9087519585389,109296300
145.61895751953125,146.0195769004921,143.01983678244974,145.15971382126716,83281300
145.3844451904297,145.56033305169905,143.8503875542624,145.04246503666727,68034100
142.71693420410156,145.41377207009813,142.42379770872697,145.41377207009813,129868800
139.66835021972656,141.52485650500037,138.0365754530921,140.50866688674913,123478900
140.1471405029297,141.29037444715544,139.51202378684255,140.6356964105484,75834000
142.51177978515625,143.07849157950753,140.41098020716424,141.1438141486521,76404300
143.46932983398438,143.71360778815728,142.30656438659437,143.29344195401745,64838200
143.55723571777344,144.09465008430436,142.22836333396052,142.326080458617,53477900
142.042724609375,142.61923184992318,140.52821338546616,142.14044174425882,74150700
138.66195678710938,141.43695107445913,138.4469909709511,139.9712831876772,108972300
139.56089782714844,141.14381437221513,138.7792053064143,139.2091369382953,74602000
138.2613067626953,141.075393254431,138.04634099404652,140.37187163149707,89056700
139.38499450683594,139.64881887167329,135.9260252404235,138.65216064526572,94639600
135.95533752441406,138.9550779570537,135.10525501528176,138.5153657120816,98322000
137.8802490234375,138.98439014714222,136.1703033445533,136.29733265175278,80861100
138.7498321533203,138.89639291361067,135.20291265891208,136.2777412661686,83221100
140.0103302001953,140.9190518423827,139.45338427911526,139.7855986818326,61732700
139.62924194335938,140.87994360098938,139.29702757701324,140.73338282452485,58773200
139.54132080078125,141.49554421911762,138.56420909161307,139.01368703802868,64452200
138.27108764648438,139.97126757292082,137.8118439004276,139.9517211619384,73035900
137.684814453125,138.16358964828814,136.0139468710265,138.00726310614547,78762700
140.46957397460938,140.58683751822448,138.27107262847971,138.8573456179309,69907100
141.52484130859375,141.58346561937512,140.22528108462743,140.47933964406647,67940300
143.19570922851562,143.4790650348245,139.883301471598,140.16665727790686,85589200
145.35511779785156,145.75573713641117,143.19570948817753,143.6451724796259,76378900
145.84368896484375,146.32247907181252,144.7297822080243,145.29650879090318,58418800
146.0586700439453,146.21501151275598,144.48551942420278,145.40400691653662,61421000
145.28672790527344,146.7426146643611,145.23786934278849,146.26383951681254,58883400
145.23789978027344,145.95118723150932,144.24124155296286,145.27697769272697,50720600
145.90232849121094,147.38752756365847,145.5994113354405,145.91209424092938,60893400
145.44308471679688,146.30293288736218,145.09132390307514,145.94140632392705,56094900
149.07791137695312,149.66416934171193,146.29313758834866,146.39085470391106,100077900
146.371337890625,146.50813293434493,143.05892977311782,143.85038787675046,124953200
145.55059814453125,146.2736514231289,144.41714473918745,145.57991030936387,74588300
146.58628845214844,148.10081443519022,145.2476354029817,145.25741606122364,69122000
148.02264404296875,148.49165344387518,146.39086943374969,146.9478153017873,54511500
147.5047607421875,148.9411009512701,147.1920779010685,148.11056510993245,60394600
148.033203125,148.9334561453401,146.83938576662882,148.6301118041856,65463900
147.21124267578125,148.3169952703634,146.93725326087116,148.16042562432813,55020900
147.57327270507812,148.17996131979666,146.8393694074151,146.97636409239348,56787900
144.74533081054688,146.90790623545243,144.67684091878007,146.80026646441542,65187100
144.6963653564453,146.22288178403127,144.5104408038777,145.76298280044355,41000000
146.77088928222656,147.1720784304826,144.31474986015922,145.24435777936998,63804000
146.78065490722656,148.6203105600799,146.22288125155492,147.1427090779816,59222800
147.75918579101562,148.23867461686362,146.1348097014568,146.72193826652372,59256200
150.19577026367188,151.6733569463972,147.7494257967945,147.7592057993934,88807000
154.48179626464844,155.26462968629394,149.76525065573642,150.4110893484419,137827700
157.104248046875,157.5641620110988,153.1705218782956,154.2664794451428,117305600
157.56419372558594,162.14374442137012,157.54461878472307,158.210017461011,117467900
157.94583129882812,158.3274605436487,155.64626089330295,157.66204690088375,96041900
158.46444702148438,158.66015163635032,156.2138066222637,157.29998440577035,69463600
153.44448852539062,157.00636502097973,153.0041495633598,156.14526203093936,76959800
156.80091857910156,157.73052659848017,155.38202667808307,155.94958045222978,88748200
161.75230407714844,161.9675835913138,156.48776584559891,156.55627065978888,174048100
161.23367309570312,166.6449857878265,160.99881865483053,163.88550209995378,152052500
160.24533081054688,160.6758897940943,154.41325439149716,155.33308223247562,136739200
158.36656188964844,161.41961013164072,156.29206642790317,160.49978216462458,118023100
161.7718963623047,164.27695105253582,160.75420856233345,160.7639885662799,107497000
167.50608825683594,167.89751232351225,164.72704457429052,165.45116789916563,120405400
171.32241821289062,172.18353634737676,167.03641741062992,168.4357343791699,116998900
170.81356811523438,172.95656843850207,170.18730447599066,171.15606234208923,108923700
175.59860229492188,175.77474686026093,170.9407678198788,171.4496116481563,115402700
171.96823120117188,178.22108688608395,171.76273170193855,177.23275419312068,153237000
170.5885009765625,173.92531854630914,168.51400556372403,171.48875398461132,139380400
175.45184326171875,175.6475478496639,168.6118581679586,171.35176719309973,131063300
168.56292724609375,177.25234826512832,167.0853404452438,175.4322672390144,150185800
167.46694946289062,169.74694420568176,166.0480727156741,166.2829122189755,195432700
166.1068115234375,166.91899978685493,163.86596626176092,164.66835958996737,107499100
169.2772674560547,169.48275204230814,165.49031583648394,167.8779505711604,91185900
171.87037658691406,172.08565609490324,168.45527432954148,169.32617236411534,92135300
172.49667358398438,173.05444739852442,171.50835560137864,172.07590942042998,68356600
176.45974731445312,176.54781214494253,173.26971902697096,173.28927903509933,74919600
175.44203186035156,177.43825729141835,174.69834852343934,176.29336988152778,79144300
175.53013610839844,176.75330850310786,174.31674371757737,175.48120622634931,62348900
174.37542724609375,176.69457190920295,174.26778749437727,175.6181743920382,59773000
173.75897216796875,175.38333364161016,173.45561289396153,174.26780109643352,64062300
178.10366821289062,178.9550062933326,173.89596741451703,174.0133871781769,104487900
175.84324645996094,179.01371442958575,175.27569272230144,178.71037008888723,99310400
171.16583251953125,176.3031560396219,170.89184312629723,175.7551772531539,94537600
168.30853271484375,171.5377110380755,167.95625844446747,168.993506315213,96904000
168.474853515625,170.40257420223315,167.35932100577125,169.17940193566972,86709100
168.49441528320312,168.79775959259328,164.5606894006289,165.45116232460057,106765600
171.32241821289062,171.42026304461638,167.1538521125257,168.62165897014336,76138300
171.7627716064453,173.3773533119361,171.06801799743715,172.34010543507006,74805200
168.49441528320312,172.82933029006384,168.10299122971512,172.0073621746904,84505800
169.3555450439453,170.05029852382498,167.4180294399018,167.66266389110206,80440800
166.1557159423828,168.83689986985863,165.77408681023036,167.82900716362772,90956700
162.66236877441406,167.4082840823907,162.3785993220683,166.35146124273905,94815000
160.97927856445312,166.0383181560068,160.65635923759166,163.3962685823185,91420500
158.92434692382812,162.76021377251277,158.81670715554318,160.89120276470334,122848900
158.15126037597656,158.8166737850042,151.37978119467465,156.58560899416545,162294600
156.35073852539062,159.26677642977702,153.64998009025078,155.56790544915762,115798400
156.2626953125,160.86181974023197,154.43283450239605,159.99092174206848,108275300
155.80282592773438,160.3236668366123,154.88299779290693,158.96349957568594,121954600
166.67433166503906,166.69390660020625,159.30594382680772,162.15349217595866,179935700
171.02882385253906,171.2441033483954,165.87192581665457,166.5079843021577,115541600
170.8624725341797,171.0875320298687,168.61183278338754,170.27534392743365,86213900
172.06610107421875,172.10525095182186,169.6099763158955,170.99949834473722,84914300
169.18917846679688,172.45750604377838,168.4259201826274,170.73526997176376,89418100
168.90501403808594,170.58045176088635,167.22957631528553,168.20936061040763,82465400
168.18978881835938,170.43348845120025,167.49413533637534,169.36552707422473,77251200
171.29574584960938,171.80523803495097,167.96446919200875,168.25840756625686,74829200
172.71641540527344,173.07893089654075,171.36430797248656,172.49106914991745,71285000
168.64048767089844,171.9325638827204,168.08201833200982,170.61965636290995,90865900
165.2308349609375,169.58107994004882,164.64295836093538,168.84624166520766,98670700
165.46600341796875,166.1518495458794,163.19289630795137,163.98651932384257,86185500
169.29693603515625,169.45370512365702,166.80829029407985,167.5137362420102,62527400
169.06182861328125,169.83585183660028,166.6123672162483,168.3759824121772,61177400
165.46600341796875,168.43474911832254,165.06428820364812,167.57253401447812,69589300
163.91795349121094,167.0924457737123,162.83039207397334,166.3870146722984,82772700
160.99819946289062,163.32028399061443,158.87205389872815,161.64484588368407,91162800
156.83409118652344,162.79116699621056,156.52055301215938,162.1934979328617,90009200
159.45013427734375,159.55791116992768,148.9272434071185,149.49552020889521,141147500
161.51748657226562,161.78201763247694,157.61793335879435,160.52789462372328,91974200
161.78204345703125,162.0759818545117,159.1464202451589,159.76368938483503,95056600
159.9008331298828,163.23210951924372,158.69570233786408,161.37050993245586,83474400
163.19293212890625,163.97676285442304,159.6559088746692,161.06680119053394,79724800
162.8695831298828,165.49541352335572,162.203336805619,165.06430592514928,76678400
159.8714141845703,162.20330577402447,158.82305268070243,161.16473673176029,83737200
156.0796661376953,161.68403439715155,155.82491261205914,160.05758861933697,96418800
154.2572784423828,159.58730866544224,152.65043241487155,155.60938587479396,131148300
159.6558837890625,160.10659124427465,156.1874531828048,158.21559935544633,91454900
155.31546020507812,157.1476526374479,152.82679892923494,156.96149116992498,105342000
151.60206604003906,156.06008893270172,151.37671976951566,155.71715834467904,96970100
147.57513427734375,151.0043799732345,147.06565710961667,148.38835719355112,108732100
151.95477294921875,152.42508026860065,147.33999637401098,147.84947354452075,92964300
156.3638153076172,156.76553056777536,151.3375306500096,153.8751690879972,102300200
157.37295532226562,157.74527815418617,154.44340972475143,155.4035941882953,75615400
160.66505432128906,161.1549465596943,156.53036263312293,157.2652009907308,123511700
162.03677368164062,162.9871658912754,159.71467413165345,160.2045664067095,95811400
165.40724182128906,165.99510360566663,161.57628048257416,162.1641422669517,81532000
166.76914978027344,169.1500192740017,164.2608885491977,164.59402668830268,98062700
170.5511016845703,170.61967882805246,166.76913277034842,167.60194065734933,90131400
171.18795776367188,171.73663471959298,169.25778100424003,170.36494232979024,80546200
172.05020141601562,172.17756326235886,168.5229704725063,168.68953207951532,90371900
175.3422088623047,175.39118611815218,172.77516377216674,173.11809426503288,100589400
174.17633056640625,175.97913082903224,173.12795375967593,174.94056143752658,92633200
171.08018493652344,174.43104638306448,170.87442359799343,174.2448849220912,103049300
170.78627014160156,171.3447546015878,168.4641851666293,170.51193161925582,78751300
174.83277893066406,174.88177115423625,170.91364025013027,171.04101704135246,76468400
171.5210723876953,174.6955795536943,170.8940109049415,173.9117489626708,73401800
168.3563995361328,170.12001491015783,166.69076860801428,168.87568420871693,89058800
168.66009521484375,169.85543344405016,166.41639539463952,167.69991063657648,77594700
166.6515350341797,168.30737316185164,165.77952746373003,168.30737316185164,76575500
162.39927673339844,165.61296861541499,162.1543306146452,165.29944535757966,72246700
164.27066040039062,166.435975608999,163.27127610008927,164.6233833916544,79265200
166.95529174804688,167.58235330112555,163.39868377604554,164.00614545081112,70618900
161.94854736328125,167.80766849456361,161.70360127770223,167.1707997018646,75329400
161.7330322265625,163.23210129361956,160.2633554980497,160.60627109784113,69023900
164.01596069335938,164.42748344345316,160.59652149400418,161.6840831613577,67723800
163.84934997558594,165.46600329408383,162.74220370933205,165.34841899344127,67929800
163.0557403564453,168.06243992326603,162.55605562621574,165.49540922825548,87227800
158.51931762695312,164.47640880332085,158.23518671810965,163.09492410815207,84882400
159.58731079101562,159.87144172970685,155.2566649146805,157.862880430984,96046400
153.63018798828125,159.05818667091813,153.55180344679445,158.97000966811646,95623200
153.4048614501953,156.55975368530983,152.2389155403168,152.7582001127346,88063200
160.33193969726562,161.19415486672693,155.717147988404,156.030686213781,130216800
154.46299743652344,162.84015665375182,154.07108967503086,158.56829627206238,131747600
154.76678466796875,155.0313157503038,150.17159242252777,153.5420538968097,123055300
156.2560272216797,157.46117291588328,153.15991957685017,154.95291204808,88966500
162.66384887695312,163.11454143572888,156.04049519291306,156.44221048032446,108256500
153.600830078125,160.76305283929582,151.8176149978829,160.53770657596968,130525300
154.32693481445312,156.44638259515347,151.28513392702433,153.0807759379822,116124600
149.20492553710938,152.90414437032265,148.6456356183626,152.02103374851995,131577900
151.6089324951172,153.79707304983472,150.05859659800515,152.59997843272657,115366700
143.74929809570312,152.53124880743349,143.07225122446442,150.61786524020772,142689800
139.88333129882812,143.45498708775622,136.19393338715008,140.08939498593494,182602000
144.3478546142578,145.31927170624107,140.42295884876623,141.87516608975716,113990900
142.80735778808594,144.75019240669823,141.47289233038416,142.81717961196202,86643800
146.43789672851562,146.95794432736452,143.92595034164182,146.06502676243824,78336300
138.176025390625,144.59322629502935,137.2732857787909,144.0928072475896,109742900
134.7711181640625,139.0001910759216,134.03520018713232,137.25361360845713,136095600
135.00662231445312,138.0582299092985,130.1201304167111,136.47845848613497,137426100
140.42298889160156,140.5701665253798,135.06549843768857,135.20286921997902,117726300
137.72462463378906,139.30439614103204,134.7515166065387,138.16617251433556,104132700
137.88162231445312,139.12776621000188,135.742545873108,135.8308524536192,92482700
141.08038330078125,141.62986633656274,134.56505664226245,134.81036263839988,90601500
146.83038330078125,146.8696256795322,142.5326166713653,142.6601806038178,90978500
146.04541015625,147.831245433681,144.0829617048982,146.27110250820675,103718400
145.91786193847656,148.8909701597807,144.90718720632282,147.08550619630913,74286600
148.3709259033203,148.42979696294097,144.1025944132952,145.05438313661304,72348100
142.6503448486328,145.19171132509297,141.74762059734428,144.14179449565412,88570300
143.3960723876953,145.78045445382116,142.17934925780943,144.2693611343495,71598400
145.91786193847656,146.20241037757677,141.39441763595644,141.63972369363694,67808200
145.18190002441406,147.0560263615052,144.69128805686674,145.79025407304024,53950200
139.96180725097656,145.17210490927135,139.85387199936835,144.31844471982856,69473000
134.55528259277344,138.1171163437947,134.4865897104107,137.64613290864105,91437900
129.40382385253906,132.6614796951245,128.9720829038409,130.37522601482007,122207100
130.26730346679688,131.3760914682962,129.01133784221852,130.63036655754385,84784300
132.88717651367188,134.7613181921413,129.67858439406757,131.76858160626196,91533000
127.61800384521484,129.90425779121338,126.61715107258264,129.60008071626916,108123900
129.08982849121094,130.58129318016776,127.37268647196602,127.62781429709099,134520300
133.3189239501953,134.48658311474856,130.8168142802015,130.91492771438774,81000500
132.8086700439453,135.17340842764006,131.3957051346055,132.25917204519908,73409200
135.67388916015625,135.98787315289331,133.08345758782295,134.25111690905595,72433800
139.00021362304688,139.24551965514786,137.1457006192552,137.27324957478913,89116800
139.00021362304688,140.79585557470105,138.32316657888146,140.02068012877845,70207900
134.8594512939453,140.7271675936439,134.7417091855751,139.46139501178652,67083400
136.61582946777344,138.02879459026983,134.1038981265762,134.87907356263912,66242400
134.1529998779297,135.77201413346887,131.25839092017685,134.6730476071536,98964500
136.3214874267578,136.42942270071964,133.11289468427353,133.48574974426404,71051600
138.90206909179688,138.95113328697806,134.35899711370092,135.18323666479031,73353800
140.23655700683594,141.41402301996357,138.4311081218874,138.69604284083624,74064300
143.60215759277344,143.79839942455877,140.58979232323185,140.5995991745189,66253700
144.2791748046875,144.77960864232728,142.27748437099987,142.53259722881296,64547800
142.14990234375,143.886672848055,141.08037188051733,142.93488446230452,63141600
143.12135314941406,145.66272006961017,142.32656399441228,143.02322474684678,77588800
142.75830078125,143.7002675399076,139.45156535802397,140.3052405126538,71185600
145.6823272705078,146.15331059436355,140.56033683517074,141.37475454509644,78140700
147.3504180908203,148.02746510063992,145.4174054581408,146.96774129904725,76259900
144.30865478515625,148.72416382298212,143.94559163866427,147.90974591488566,81420900
148.16482543945312,148.39050276940443,144.1516228338136,145.1426536934173,82982400
150.1665496826172,150.83378994510406,147.54668278325192,148.28260095629702,64823400
152.4331512451172,152.64902171844827,149.0871738807754,151.59910487340264,65086600
151.19679260253906,153.34567541649065,150.52956751320949,152.47238671293337,66675400
150.07821655273438,152.12897123891142,149.42079823109208,151.1183116577891,53623900
148.75357055664062,150.21558479499407,147.96858832963514,149.4011670445513,55138700
153.8461151123047,154.37598449377768,149.3030578563077,149.71517016840275,78620700
154.3956298828125,154.68017830567564,151.51082841353704,154.03256675700305,81378700
159.45870971679688,160.5576907977121,156.5052308137223,158.21256599444197,101786900
158.47750854492188,160.5184565925083,157.86915435741844,157.98689646537588,67829400
157.0056915283203,159.3606387818302,156.632836483376,157.094013092394,59907000
163.01075744628906,163.4621121282082,157.73176722636683,157.82007379818262,82507500
162.69677734375,164.05087149041262,161.3426831970874,162.8930191834261,55474100
162.4707794189453,162.96207295817032,160.1616937873522,160.36804367078585,56697000
161.9991455078125,164.88795425048374,161.34081388850365,163.47302629545368,60276900
162.04824829101562,162.93258559805665,160.40732977942574,161.16392597706255,63135500
166.2930450439453,166.39129475740782,163.99377985120265,164.76019658442047,70170500
165.5560760498047,168.01254335724568,165.26129697429445,167.0987297224726,57149200
169.10325622558594,169.1720295303759,166.4502588992338,166.8629587003345,68039400
170.1742401123047,170.370754508125,168.36628368181792,168.53332166791955,54091700
170.01705932617188,170.6852264080059,168.6709196812625,169.77141253005902,56377100
171.5105743408203,173.08270464114312,169.5650561598673,169.76157057327157,79542000
171.1175537109375,171.85449410589086,170.10549010131544,170.7245248308653,62290100
168.5333251953125,170.71466951867444,168.3269753298755,170.0170261568602,70346300
164.65211486816406,166.90223255698254,164.22959465128477,166.73519456201245,69026800
164.31802368164062,165.7722632709113,163.74812140904885,164.17064162540487,54147100
164.61280822753906,165.1827105189657,163.35509799580043,164.40647334198977,53841500
167.06927490234375,167.17736007756102,165.41853585512217,165.84104108991514,51218200
160.77090454101562,168.07153485537452,160.71195171096292,167.59989722186273,78961000
158.56988525390625,160.06340660842702,157.03705202563728,158.34387946257124,73314000
156.1428985595703,159.72933499269527,154.9736176696823,159.30682979347176,77906200
154.48233032226562,157.78382326299328,154.403721562595,157.51852057324083,87991100
155.20945739746094,155.66143904544523,151.97673759886456,153.91243529158203,74229900
153.0968780517578,157.56765189981036,152.2715085702032,156.9682732301626,76957800
151.83920288085938,154.35462378129557,151.01383320910836,153.74542449877808,73714800
153.24427795410156,153.9419063408882,150.93519246411637,152.1241293530868,87449600
151.77040100097656,153.6373103822705,150.02138227376568,151.94725947173376,84923800
154.6297149658203,155.07189112050955,152.0553417641127,152.76280561990976,68028800
160.5841827392578,161.39973173078485,156.5261087123494,156.81105233922636,104956000
151.16116333007812,157.74449248447965,150.6993462930314,157.11563747555653,122656600
152.60562133789062,154.36446088777137,150.93522603406518,152.0946717767246,87965400
149.71678161621094,152.5368165999088,148.74403004784534,151.9570788549336,90481100
148.0758514404297,148.71454195841454,145.7864220311532,148.57698038414023,162278800
151.7900390625,151.8686478234834,146.50373107588743,146.71006595451675,81474200
154.16787719726562,155.32733752502483,150.41440307013318,150.72882307884146,107689800
151.04327392578125,155.9758648340084,150.92536828428254,154.600234046477,101696800
150.08035278320312,151.7802241971407,148.28221666613402,149.72662084225365,86652500
147.81056213378906,148.8324610577634,145.97312915554878,148.55733788432917,96029900
148.14462280273438,151.0923833374164,147.03429487021683,147.0539508051786,93339400
149.11741638183594,152.02588086273627,147.33893608818533,150.08036255735442,84442700
147.23081970214844,148.01689223253555,142.317885128587,145.06913148839868,146691400
139.99900817871094,144.16518295071455,138.23034837016746,143.55598373619551,128138200
135.7935028076172,140.60818747966655,135.59698843169565,138.8198721746833,124925300
139.96949768066406,140.57871173992285,135.29238954196313,135.80333891625202,114311700
143.55599975585938,143.67390542522304,141.748027864766,142.50462422706246,87830100
143.8507080078125,144.81365391024482,140.5197392053699,141.56129385451618,79471000
142.89761352539062,144.970872598081,142.6912786611767,143.27100136570334,68402200
137.65060424804688,140.60820060654387,137.02174919053795,140.05793931227225,85925600
137.97488403320312,139.41928832461434,136.15710682488464,137.97488403320312,74899000
136.55992126464844,138.88866238055874,135.81316062854552,137.4638994009055,77033700
135.93104553222656,137.9158749380661,135.75418711633264,136.70729745020648,70433700
140.50013732910156,141.08968060374895,132.03022618093473,132.6394403890868,113224000
135.97039794921875,142.00348171103434,135.78370401470698,141.79713183786654,88598000
139.9302215576172,140.41167960335844,137.82748592791265,138.61355854500806,85250900
141.2468719482422,144.14550040873658,138.1615495711484,142.95657861316172,99136600
141.35498046875,142.42599680685538,139.03607431855443,139.22276826600364,61758300
140.8931427001953,143.34961008460004,140.16602295690015,140.52959032509128,64522000
144.70559692382812,145.27549920361895,140.1660346242772,140.38220497154572,86548600
146.84765625,147.6140730780798,143.45773335763306,144.6270145421138,75981900
149.68728637695312,149.83468340940922,146.75918158114587,147.47646582788911,74732300
146.7493896484375,149.3434189974195,145.46218795090752,148.33135548203074,88194300
142.27859497070312,146.45458955551916,141.62026350591435,145.49165853167307,109180200
153.02810668945312,154.75745443354808,145.24601935139384,145.6193922207591,164762400
150.66990661621094,151.55424402730603,149.27463469355658,150.49304812984573,97943200
148.02671813964844,152.74313850206963,146.53319676946654,152.37958612806426,80379300
142.5045928955078,149.5202635488904,142.47511648464766,146.35633217647393,93604600
136.46168518066406,140.3134243600425,136.33394407491397,139.58630459413143,97918500
136.1959686279297,140.4182534262788,132.25910018387182,139.84740569973505,140814800
136.72743225097656,136.95379796987663,133.52872680415337,134.94600177423487,83374600
137.2982940673828,139.1978259809836,135.3200229786847,138.19393528890745,89908500
132.74134826660156,136.36327480735815,132.46576869499577,136.31406095143706,74917800
144.5519256591797,144.5519256591797,137.29825219484707,139.0107949405163,118854000
147.3373260498047,147.64243100836367,142.0914460655875,143.51857315763027,93979700
145.939697265625,147.90813128864986,145.10310679865555,146.61880940644215,73374100
147.6719207763672,151.16589433590542,146.2152837355369,149.81752177217496,89868300
146.44163513183594,147.50459125268796,144.96530968920132,146.77628031248196,64218300
148.34117126464844,149.0891706966127,143.84329285652703,144.11887238503797,80389400
148.90216064453125,150.2899100074895,147.60300221173006,149.90606603666672,74829600
145.6739501953125,147.99670287508093,145.3885338782466,147.790025718782,58724100
147.8096923828125,148.04590985414606,144.6109873377189,145.79205967642807,51804100
148.6856689453125,149.43366845656658,146.98296272757275,147.09122719796105,58301400
145.7723846435547,146.5302359602774,144.79800437919693,145.96922504559745,35195900
141.94378662109375,144.32559012136235,141.11704788902577,142.8492645206864,69246000
138.94192504882812,142.52447466230237,138.13487484288268,142.01267756953146,83763800
145.69363403320312,146.3727461321645,138.33169544585772,139.16827084330671,111380900
145.96922302246094,146.7762881829984,144.29605710134743,145.87081033178356,71250400
145.47714233398438,145.66414600537883,143.351229571757,143.65634951969474,65447400
144.3157501220703,148.53803463745106,143.46932286260514,145.4377569527139,68826400
140.6544647216797,144.97517704731527,139.68008441838234,144.74881132681773,64727200
138.71556091308594,141.10720126498546,137.79039443330282,139.9458322919547,69721100
140.39852905273438,141.25480793302907,138.8730049343077,140.11311277127444,62128300
139.9163055419922,143.2724894333561,138.6761823933455,140.09345741010685,76097000
142.2095184326172,142.21935519606154,138.8336463442299,140.44776160871248,70462700
143.17401123046875,147.6029865871103,141.96342883801432,147.1404035150913,93886200
140.94972229003906,144.3452679150581,138.9320744491566,143.05594605605327,82291200
134.34564208984375,139.5619960317231,133.88305882406812,138.88288378971373,98931900
132.38705444335938,135.47749595050237,131.61936620399007,134.53265581803083,160156900
130.28079223632812,133.0661279935264,129.24737645818792,132.97755207276447,79592600
130.2118682861328,131.14687111790408,127.83990251001022,129.31622751321365,77432800
133.31219482421875,134.6507305969255,130.65481182459862,130.88117753836192,85928000
130.1429901123047,132.43621717922085,128.24345879689446,132.2295400503929,77852100
129.7788543701172,130.33001348787815,127.59389142616514,128.8536879861786,63814900
127.9777603149414,129.3359848460805,126.6884381958862,129.30645953174815,69007800
124.05070495605469,128.96194542125178,123.88338987714543,127.62340977201893,85438400
127.56437683105469,128.4206408882066,125.71405141675788,125.969942452078,75703700
127.87931060791016,127.89899915340173,125.41877555904108,126.38331154566909,77034200
123.09600067138672,128.83397917872526,122.21020400788498,128.22376953974077,112117500
124.36565399169922,126.62935597280962,123.10585750129947,124.88728777203856,89113600
123.04681396484375,125.75341088924934,122.79092293482029,125.12351256937882,80962700
127.57421112060547,128.2336347517989,122.91886860960567,124.02119442530204,87754700
128.09580993652344,131.30436630158056,127.83991897613902,128.4107665197256,70790800
128.6667022705078,129.18833615231142,126.09789493911427,128.20411901412172,63896200
131.3831329345703,131.4028064616691,128.40095662151043,129.1784814447806,69458900
131.30441284179688,132.14098840377943,129.36550386584642,131.76699610111268,71379600
132.63307189941406,132.7905502170586,129.58200833933589,129.94616380817476,57809700
133.79444885253906,135.12313266732727,132.01301865225,132.7019674841355,63646600
133.07598876953125,136.42232060237055,132.8988218980733,134.6605787592018,69672800
133.13502502441406,134.09955338686564,131.65869966602656,131.96380450388668,58280400
135.69400024414062,135.84164181281548,132.10161400912494,133.14488168206822,80223600
138.8828887939453,141.05801539977267,135.72354499448727,135.94007397852303,81760300
140.28045654296875,140.90051809732327,138.0856567013407,138.0954934654877,66435100
139.62103271484375,140.18202862963406,136.61916767862735,138.6663409653264,65799300
141.6879119873047,141.97332836189656,139.6604119793185,140.91037200424128,54105100
143.62677001953125,144.9062550377642,140.82176076743906,140.90049992434123,70555800
140.74305725097656,143.25281407268088,140.59543068062553,142.6721295386836,64015300
142.01266479492188,142.06187864867766,140.03439402480078,140.4477633640219,65874500
143.1346893310547,144.29607334830789,139.08957136310852,141.69774073810188,77663600
148.4396514892578,148.7939552787564,145.83146678995257,146.54994117081904,118339000
152.0615234375,154.8960731461596,145.4967979818679,145.69363837431163,154357300
149.3352813720703,150.68366923696223,148.40027797417193,150.16203528809376,69858300
152.2091522216797,152.77999988075524,148.2624474794368,148.2624474794368,83322600
149.52224731445312,152.14026818212696,148.78408455222657,151.45131927430748,64120100
148.4888153076172,151.89421276586904,148.04592065726195,151.35289040745275,56007100
148.85353088378906,149.17882019931434,147.08909918660703,147.32567733632254,57450700
151.65301513671875,152.05714887131725,148.76484796074135,148.7944183549585,62199000
151.01226806640625,151.5741355635304,148.7056873791277,149.9476888936107,61707600
153.11183166503906,153.27940219693946,150.6968215839401,150.92353288699502,65573800
151.51498413085938,154.09756497312395,151.16012443154224,151.3178281549916,68167900
150.37155151367188,150.81512239489066,148.69583093968438,150.17441057100683,59144100
146.3596649169922,149.1394018439348,146.29067235544917,148.05510409777494,58867200
146.7835235595703,147.80866542554767,145.0585140913541,146.74408634882758,51011300
147.26651000976562,148.19308888929672,145.13736699227027,147.94665897626774,48394200
144.61495971679688,145.0881010134071,143.6390916917033,145.00924162382364,55469600
145.8076934814453,147.03984342133134,145.34440390077674,145.60070071444446,44998500
145.30496215820312,146.95111245136155,144.73324285815977,144.9501024216552,50547000
143.23495483398438,145.12753521820275,142.93923585875515,144.7332532784917,55479000
143.82640075683594,144.61497972086136,141.84509404159934,142.31825044455022,52238100
148.8732452392578,148.95210462024477,145.2260853537234,145.9259379185379,70732300
151.63328552246094,154.0680147422593,151.26857399298945,151.59384830577196,87558000
149.43511962890625,151.83041139396585,148.9718301446463,151.50512207262017,56182000
150.6869659423828,151.27840377958802,149.6618240709013,150.6278251668401,47204800
148.43954467773438,152.33313497413033,148.08468493947933,151.3671337581158,53833600
146.37937927246094,148.78453780981002,145.5020893181875,148.06496662146847,68572400
148.32125854492188,150.9531285889032,145.59081050522525,145.69924028415588,84457100
150.4109649658203,151.2093955139033,147.95653254628945,149.11967456920323,73695900
150.8052520751953,151.0615337650689,147.77908558210245,149.03095372752588,77167900
153.62442016601562,154.22570978036399,149.47453364061312,149.98711209240733,76161100
152.7865447998047,154.50170239485772,152.07682545294745,153.85112382009055,98944600
155.1522674560547,155.5662829465371,151.94867858194203,152.85555389921097,73641400
157.0054473876953,157.1237289497417,154.3045697408097,155.07344501678244,73938300
155.57615661621094,159.82460651427928,155.5564380089166,157.0251659140942,75701800
156.6604461669922,159.24304236266408,155.428296373163,156.56188320802048,67622100
157.96157836914062,158.0502895303303,155.59585715875076,156.59142861861952,59196500
156.01971435546875,158.47416184588545,155.61556566491817,157.6560126824132,52390300
155.39871215820312,156.22672817707905,153.7525619849842,155.714149696992,45992200
158.4741668701172,158.75016719414856,157.074446643704,157.09415020907082,51305700
160.0414581298828,160.1498879032855,158.96702721945866,159.22330893800608,49501700
162.54519653320312,162.64377453412575,159.597903820846,160.12033413577524,68749800
163.7970428466797,163.91532439911353,161.87489241518372,161.92418140899423,56976200
163.2647705078125,164.45748300799937,162.75219201536794,164.22091988909426,46278300
161.4214630126953,162.69304993016723,159.48946069965245,162.38747921010668,51511700
162.30862426757812,162.60434321282244,159.686606015777,160.1104583059446,45390100
159.71617126464844,159.71617126464844,157.7940207437735,159.11488161033475,47716900
158.50372314453125,160.04144339602837,158.21785602238293,160.03159161422226,47644200
157.81373596191406,159.7457382241708,157.49829842634344,158.9177372546322,50133100
163.19577026367188,163.43234843413578,159.11489082873655,159.3218986080038,68445600
162.85076904296875,163.94491858408577,161.48061917083933,162.23961256067847,49386500
162.8704833984375,163.02820218114718,161.6876226098968,162.73248322378927,41516200
164.0927734375,165.01935243982652,163.2844759960185,163.72806193096773,49923000
165.23622131347656,165.75865162452376,163.1760554202755,163.43235220441335,47720200
164.2701873779297,165.47276665465435,163.1957564794937,163.71818673436218,52456400
162.66348266601562,164.07305473489896,162.14105238473394,162.69305305620966,58337300
162.96905517578125,163.23520373133107,161.54961626736943,162.643765839196,41949600
161.43130493164062,163.93502612600452,161.39186772429704,162.8310249745858,48714100
161.4214630126953,162.91976126426218,160.47518046288778,160.73146218660858,45498800
166.00506591796875,166.1529178634098,162.83104713478986,162.83104713478986,64902300
167.25692749023438,167.424513091262,165.4826438930684,166.08393356927388,55275900
167.16822814941406,168.01594783420873,166.23179728666088,166.8626573980738,52472900
166.13320922851562,167.91737470896658,165.1474894240389,167.66107793363267,48425700
165.0587921142578,168.47924132633688,164.7729399649435,167.07952089132834,65136000
163.4224395751953,164.6545890277647,161.96357883480147,162.53529798570008,81235400
171.0913848876953,171.8109560965244,168.32149974515366,168.5383592942621,113453200
171.0223846435547,171.36739258858663,169.65223472844943,170.0169462399646,55962800
169.31707763671875,171.06179068201072,169.14950709207488,170.57879765359286,45326900
171.08151245117188,171.54480192353225,169.44521410372417,170.5492304195713,53724500
171.268798828125,172.09679977091955,169.71135988855104,171.3673768150292,49514700
170.3409881591797,171.81173277353275,168.79126000437861,171.37741367125227,45533100
169.847412109375,170.97268634600138,169.2551561693846,170.92332917405315,37266700
169.847412109375,170.903583292935,169.58089543020992,169.76844364659667,42110300
170.4593963623047,170.69628668546216,168.21871333171157,169.492059065459,57951600
172.78892517089844,172.97647339745131,170.35082834910114,170.76540150488879,65496700
172.8975067138672,174.11161490131875,172.68034719263906,174.11161490131875,55809500
171.94989013671875,172.45331220735133,171.2095777379714,171.73273062815065,43570900
169.343994140625,171.140492823502,169.06761204505847,170.89372201948225,50747300
169.620361328125,170.19287135053577,168.3174194294986,168.88004898113246,45143500
170.7555389404297,171.65377326209193,169.47232768730396,170.18302884098296,56058300
173.1640167236328,173.49963649375093,170.873991291327,171.08128541223243,54835000
175.00985717773438,176.67803022234617,174.28929064745816,174.6742524991613,55964400
174.96051025390625,177.03339115324283,174.47683402760893,175.03947872320146,99625300
177.76380920410156,177.79342049505456,174.64462268903534,175.40468096744894,68901800
178.6127166748047,179.43199760539318,176.94454352013497,178.69168514468382,61996900
177.26040649414062,182.56103856696868,175.74028990045602,180.27101332814428,121946500
176.8951873779297,177.79342164547316,175.13816542041533,177.64536518975015,64848400
175.52316284179688,178.86937468745242,175.02962118278163,176.13514967923302,61944600
178.23765563964844,178.50415731153979,175.16782568260777,175.60212972403352,50214900
178.62255859375,179.87614324556046,178.29681937394096,179.15557682326966,48900000
181.416015625,181.51472997018058,178.63244881890137,178.92857679274874,54274900
180.94219970703125,181.77134589189876,180.08344223425368,180.4387927508673,54929100
181.57394409179688,182.00826309164242,179.668880824476,181.00143405215442,57462900
183.60736083984375,184.1107829667957,181.40616927858855,181.58385210624687,65433200
182.5314178466797,184.57468723659963,181.88981981135748,184.31803597311566,101256200
182.62025451660156,183.69618663444365,182.02801364300083,182.02801364300083,49799100
181.5838165283203,183.01508403325016,180.2315024183292,182.51166200493424,49515700
184.58457946777344,184.63393664574576,181.29759022920584,181.36669329070625,51245300
184.26870727539062,185.13734541827677,182.62027993546528,183.1533133637622,53117000
182.87689208984375,185.62098193195177,182.83740033087778,184.41673933227065,48088700
185.63088989257812,185.95662920109734,183.27176132029933,183.48892085931215,50730800
186.80548095703125,187.4470789620611,185.17679982937508,185.5025240055518,51216800
187.14108276367188,187.61489349976054,186.49948476837957,186.6376758009822,46347300
191.4645233154297,191.96793030893548,188.7895213028153,189.15475231695294,85213200
189.97401428222656,191.37567043424474,189.2830440838622,191.27695610256632,31458200
188.85862731933594,190.48730854754436,188.15779163185775,189.09553270560195,46920300
189.3324432373047,189.53973735512338,186.7561552507634,187.38788795320247,45094300
188.21701049804688,190.1813114167851,187.7827065576724,188.9375920522482,46815000
186.1737518310547,187.53593138541007,184.62402407003376,186.8153498480431,59922200
185.65060424804688,186.85484691926047,184.18972537508213,186.71665587805697,46638100
187.31878662109375,189.22385000348103,186.03557542450565,187.22993768452707,60750200
188.07882690429688,188.72044002337208,187.32864909209994,188.03935020331573,41342300
188.22691345214844,188.71057462083735,187.18060758311253,187.77284851528793,41616200
191.4842529296875,191.8099921548826,189.3324039740118,189.42123783678522,50520200
191.22763061523438,191.8198865800326,189.93455398917624,190.85254922844402,48288200
192.57992553710938,195.6694855056854,190.1615598085878,190.60575926840173,80507300
190.6354217529297,193.9322766922405,190.01355439154148,192.57009678127483,59581200
189.4607391357422,192.4515998266043,188.75990348350925,191.59284231983003,71951700
190.2602996826172,192.3924031537896,189.76675804919924,190.91177825353577,45377800
191.1190643310547,191.9284798692301,190.42810903120733,190.83281680029503,37283200
191.9876708984375,193.112945076557,190.82292002182845,191.16839008411552,47471900
190.72421264648438,194.65279947329122,190.06286872536143,193.48804855415668,47460200
193.30050659179688,194.09017617119656,191.63233355900982,192.15548645475204,48291400
193.91249084472656,193.95198260711592,192.7378594315981,193.52752900074864,38824100
193.08334350585938,194.1888718595327,192.75760424557473,193.7052107356477,35175100
190.0924835205078,192.65889079076135,189.37191700535638,192.52069974591456,50389300
188.70069885253906,189.885195713569,188.22690312046603,189.09554118067888,61235200
179.6392822265625,184.95966022717982,179.57017917093492,183.12368481919472,115956800
176.53982543945312,180.76454006954836,175.05920073091434,179.7774569305225,97576100
177.47756958007812,177.94149990785485,175.2862435821482,177.3689898212007,67823000
175.88833618164062,178.59293417746048,174.7235703168388,178.53371160261662,60378500
175.6711883544922,178.41527829006225,175.30597241092943,177.1616784798233,54686900
175.73049926757812,176.5508864753638,174.5048729038775,175.2659575562626,52036700
177.3811798095703,177.60851131506328,175.25607590732963,175.90843422608452,43675600
175.39443969726562,177.40092323969566,174.99907927707545,176.8078826094104,43622600
174.524658203125,176.47182426987777,174.4554618287455,175.0781688700227,46964900
171.9844207763672,175.4537562487029,171.47044012349116,175.08804707675128,66062900
172.46875,173.0716844916875,169.96805819399307,170.30411608587545,61172200
173.8031005859375,174.08974972921308,171.7274356199635,173.04203097276417,46311900
175.177001953125,175.62178623446252,174.20835828322907,175.00897300604348,42038900
179.02191162109375,179.44693836874362,176.26423745502308,176.45203891919172,52722800
174.33685302734375,179.00217866700072,173.9711287799832,178.57715186115848,54945800
176.541015625,177.07475372946672,173.78334110152613,175.3252679389123,51449600
178.10272216796875,178.49808262553688,176.48172016068384,178.00387451255935,43820700
181.9871826171875,182.7581460326424,177.4207046822572,177.61838490226515,53003900
185.47630310058594,185.6739984160231,182.60002327821,182.7977035116121,60813900
185.6937255859375,186.9292456956689,185.30824391498263,185.66407430986655,60794500
187.26531982421875,187.7199827815663,186.09898099052413,187.29497110047913,45766500
187.50253295898438,187.77928826308653,185.4367469097816,186.09898389331408,45280000
180.7912139892578,186.66240873519862,179.36789222272253,186.21760937163043,81755800
175.50318908691406,176.14566870650594,171.5297514902668,173.15075355684382,112488800
176.11598205566406,178.15213198996554,175.7305003611282,176.2840260730559,65551300
177.28228759765625,178.21140101532347,175.2856831308839,177.9840695669679,58953100
174.25778198242188,178.04341790139725,172.79493020499618,177.4108321261293,90370200
172.19198608398438,175.24618840249718,171.96463950783718,174.46533118918654,84267900
173.70425415039062,174.060084556446,171.56927171405846,171.98440467411754,60895800
172.9827117919922,174.45545734300367,171.80650919609533,174.43568479625586,109259500
175.90841674804688,177.30208708635865,174.1292647291417,174.43567131089117,67257600
176.99566650390625,177.54917706999674,175.07813698421282,175.46361863431386,51826900
173.4571533203125,177.61837681135137,173.36818440563272,177.18347129792434,58436200
171.9152069091797,174.25776334751873,171.846025624082,172.5280351536478,63149100
172.76522827148438,175.02870938713053,172.03381007438438,172.64662317617766,56725400
174.04031372070312,174.92000347180993,172.13266274999066,172.1820865728236,46172700
169.96804809570312,173.1705067749598,169.67152023376326,172.7949188930673,64588900
168.45578002929688,171.03554713361237,167.09177581326995,170.62041410420977,66921800
168.71275329589844,170.03722730338785,165.67830850769053,167.37838547451082,56294400
169.22674560546875,171.06520035560507,168.36681324873706,170.02736032081233,51861100
171.73728942871094,172.28092127496365,168.94994891630552,169.2365980179806,52164500
170.4029083251953,171.61867083541966,168.84122435442626,170.2645306917589,49594600
171.64834594726562,172.19197782627828,168.98950418793981,169.10810929534875,53020300
172.88388061523438,173.41761872545223,170.67970163713667,171.77684421895017,48527900
175.43399047851562,175.92819856079907,171.17390414032383,171.78673241813826,57266700
176.9166259765625,176.97592853708252,173.7635757979471,174.76187075811515,42390800
176.3235321044922,177.63812721273464,175.88862664528037,176.0368980965743,43698000
177.71722412109375,177.76664794425923,175.54271164011269,176.13575227199846,47551100
178.61668395996094,180.227791982292,176.96601576479657,177.98409824545533,56743100
176.77822875976562,179.82253713140665,176.07644667980117,179.31845034069394,51427100
176.64971923828125,177.00554962273654,174.46531311220224,174.7025383958498,52517000
175.097900390625,176.35319301979084,172.7751316803463,174.60369235668924,57549400
173.8031005859375,175.5229501994882,173.08156098457755,173.5461178040648,54764400
173.42750549316406,175.77992569036093,173.16062890788183,174.0007735918687,59302900
170.87738037109375,173.38795063159753,170.64015507731645,173.2792242572037,64244000
170.99598693847656,171.99428177951037,167.96154224302492,168.93020088937016,55980100
171.43089294433594,171.65822442721412,169.4639394511676,171.045411263789,43816600
169.1179962158203,171.05528327402416,168.6731969171006,169.88895954662036,57157000
164.95675659179688,169.39475015606334,163.75088778515044,168.39644027726376,70625300
166.2713623046875,167.00279566914165,164.89746448966903,164.97653958977486,58499100
168.3173828125,169.18719386762373,166.91383366211736,167.06210513671374,51131000
168.7918243408203,168.92030818010912,165.9550598323106,167.38827526603964,44846000
171.95477294921875,172.21175573979943,168.1493644262673,169.01917553597846,56934900
175.51304626464844,175.72060519042475,173.42748778366638,173.48679033388817,77334800
174.60369873046875,174.77174274032964,171.34193765305042,172.22162738228718,79829200
177.15382385253906,177.35150406781844,174.16881791314302,174.33684685023218,63841300
179.7138214111328,180.32663456302825,176.89682951103612,177.1043884447924,70530000
180.7714080810547,181.32491864766183,179.48646421884135,180.23767005812115,49340300
180.29698181152344,181.98716487212562,179.7039261272927,180.84061367506283,53763500
184.48350524902344,184.6517706680945,181.64301825007877,182.07849676599454,66133400
182.8999481201172,184.11729742228064,182.31601793716675,183.9094650326421,43627500
185.51278686523438,186.17589626502485,184.38450869065176,185.7701081675421,60108400
186.07691955566406,187.55160515956638,185.84928859059917,185.91857611582427,53790500
187.7594757080078,188.9966236513369,186.7103615664657,187.6209157424311,54412900
187.7396697998047,188.42257785422723,186.63119011836693,188.29390964052354,50922700
189.48155212402344,189.9368291546864,187.9277023558229,187.93759410143886,46505100
188.67991638183594,189.5508734120303,187.78917585688575,189.442003783256,38134500
189.343017578125,190.94635649331246,188.8679569924961,189.52117473642568,39617700
188.01678466796875,188.93721542830764,187.30418629136327,188.9075250877743,24048300
187.83860778808594,188.70956462396614,186.9577592070347,187.96727598481397,40552600
188.44235229492188,189.1153685705385,187.45263402635211,187.82873180101734,38415400
187.42295837402344,190.11499348364924,187.02707707633283,188.93722623545,43014200
187.99700927734375,188.36321535895866,186.2551103094808,187.88813964798328,48794400
189.2737579345703,189.59045997908729,187.28441422563267,188.3731105390764,45704800
187.48233032226562,188.09596593756666,185.52269231677565,188.02667840765253,43389500
191.4313201904297,192.40123993854135,188.22462732075607,188.25433276481266,66628400
190.34263610839844,192.75753614335477,190.1347886146608,192.45072587794942,41089700
192.27259826660156,192.9950884718347,191.59958189996593,191.63917909312914,47477700
193.69776916503906,193.97488907234165,191.67873543823174,192.2032849129047,53406400
191.1937713623047,191.5005967167582,189.4518726145205,191.12449893522992,60943700
192.7080535888672,192.71794533501543,189.748790485074,191.09480795445688,52696900
195.92465209960938,195.96423418895137,192.8466274130704,193.08415015292962,70404200
196.07310485839844,197.567574144968,194.14315707722483,195.98403383047588,66831600
195.53863525390625,196.36008808380646,194.97448862167192,195.49903806818725,128538400
193.87591552734375,194.60831249977454,192.39133809002112,194.0738561652729,55751900
194.9151153564453,194.92500710230044,193.87590816937887,194.14313632648785,40714100
192.82684326171875,195.64753172216422,192.82684326171875,194.87555255598716,52242800
192.6783447265625,195.0536776254948,191.51048442189503,194.08375795359612,46482500
191.60946655273438,193.40085423729087,190.98593919883143,193.17320815773428,37149600
191.06515502929688,191.89651492562427,190.847415756177,191.6193949601818,28919300
191.16407775878906,191.51048519395766,189.12526053943682,190.51087517820892,48087700
191.5896759033203,192.65857351066379,191.18388776405135,192.14391575114956,34049900
190.55047607421875,192.40124458871406,189.75869835988954,191.90638540499626,42672100
183.73130798339844,186.5025222946912,181.99930092657837,185.22577720716953,82488700
182.35560607910156,183.96885182302105,181.5440297827802,182.32591573673892,58414500
180.03965759277344,181.2075179249861,179.0202489631632,180.27718031693732,71983600
179.31715393066406,180.88091065327836,178.31754388665928,180.1188384374096,62379700
183.65213012695312,183.6917273170526,179.63387614033877,180.21780632812883,59144500
183.23646545410156,183.24635720149604,180.85124046635073,182.02900778818224,42841800
184.27565002441406,184.48348240733844,182.02898528742006,182.45457200324566,46792900
183.6818389892578,185.12683453552387,181.73209248260326,184.6220684732307,49128400
184.0084228515625,184.8199990991005,183.28593272766105,184.14698280822722,40477800
181.74195861816406,182.36547081733983,179.06970738606304,180.28707165025173,65603000
180.80174255371094,181.04917214343425,178.44622312883942,179.40625114511818,47317400
186.69058227539062,187.1953332109462,183.9193677995691,184.17668914088887,78005800
189.5904541015625,189.97644367310738,186.8786353534436,187.38338630026252,68903000
191.89646911621094,193.3216657993532,190.28322355100102,190.32282073770045,60133900
193.17320251464844,193.7373491711095,191.83709192633378,193.01485907067706,42355600
192.5001983642578,194.36087349468033,192.3418398208385,193.41073733606618,53631300
192.17359924316406,194.2520137003454,191.124500268323,193.21280647175473,54822100
190.4415740966797,192.75751105858055,189.966513589549,192.27255880614135,44594000
189.75869750976562,190.22386634852867,187.63080907007364,190.03581744325376,47145600
186.1066131591797,189.82796344587697,185.54248160944437,188.9768051464624,55859400
182.50404357910156,185.17629499887522,182.45456974695213,185.11689921687164,55467800
184.9387969970703,185.02786803640066,181.9300594428576,182.09830977333903,64885400
183.9391632080078,185.40394215196616,177.40701599262258,178.01074479617154,102551700
185.75033569335938,187.3042007769885,183.92925752426459,186.21550453356022,69668800
187.35366821289062,187.36355995873058,184.8496822422945,184.93875326056028,43490800
187.46255493164062,189.0856924097343,186.67077723703076,188.67990426473503,53439000
186.38375854492188,187.59120098390878,185.42373058041275,187.44274927884152,40962000
187.1468048095703,188.2765227675386,186.30446474496694,186.9485964735415,45155200
185.4621124267578,186.96840797825126,185.10535861511914,186.72066269575697,41781900
183.3711700439453,184.53063145226378,181.85496988989732,184.09459726813964,56529500
182.4891815185547,183.85674041023526,180.79461213824646,183.64864282656313,54630500
182.20181274414062,182.82613576875198,179.71445525689393,181.8946109768474,65434500
180.665771484375,183.18287207946292,180.0315441516518,181.76576116844507,49752500
179.92254638671875,180.78469520216953,178.3766181157698,180.15046783149373,53665600
180.67572021484375,181.24057170015067,179.03068760645021,180.29914247718926,41371400
182.70721435546875,183.29190480468338,180.81445159653885,181.82524161821627,52292200
180.8739013671875,183.3711632214272,180.58650833781007,183.34143499372246,45119700
179.52615356445312,181.11171437415507,179.0207434868858,180.59641504961763,40867400
180.98291015625,182.26126931281985,177.94059046680667,179.46671005654383,54318900
179.78382873535156,181.4684939502017,178.50546948959806,180.86399474191828,48953900
179.11984252929688,180.9234354771045,177.9108443188521,179.63515696026653,136682600
178.03968811035156,178.90183692569335,175.78025215753124,177.93067957222544,73563100
173.5208282470703,175.30458245485661,172.2226300679557,174.56134649455421,81510100
168.58572387695312,170.48840604509627,168.0902332564625,169.21995126633416,95132400
167.5947265625,169.6956168742887,167.1586924388991,169.51723240501005,68587700
167.47581481933594,169.1902079797121,166.97041987504164,167.62445594378354,71765100
169.1902313232422,172.13344696276567,167.41638146834518,167.47583792632756,76267000
171.19200134277344,172.8073055285168,170.49831753088682,171.3802901891083,60139500
171.66766357421875,172.46045153320196,169.4676841705973,171.58838326620315,59825400
169.5866241455078,171.62804307697533,169.21995080494636,171.21183277143888,52488700
171.43972778320312,172.7379105857579,170.49829877625797,171.35054311459356,72913500
171.0631866455078,171.0631866455078,168.75419840900892,169.6262667891251,121752700
172.15325927734375,176.107279800922,171.95506605696912,173.98658058844927,75604200
174.49197387695312,175.01719271038215,171.46947815172825,172.76766112194616,55215200
177.05862426757812,177.05862426757812,173.51090945491785,174.1352325028599,53423100
169.82443237304688,175.88924720546055,169.2992135808601,175.4532130863986,106181300
170.72625732421875,171.48931715990707,168.5262776263353,170.210942813777,71160100
169.30914306640625,170.3893089389317,167.92176032191367,169.03166954174233,54288300
168.17945861816406,169.87402832990531,168.0506261984825,168.4668365684045,57388400
171.74697875976562,172.03437182483108,168.57584140102637,168.87313883616537,60273300
169.93344116210938,170.67667701496117,168.97218824939392,170.2010103030642,65672700
168.49652099609375,169.70551918920845,167.95147834818596,169.64606274055888,46240500
167.31727600097656,167.81276664190898,166.71277681419204,167.5551169522469,49329500
168.11996459960938,169.14067408704202,167.05962251511946,167.2677201117247,47691700
167.29747009277344,170.3695030458197,167.29747009277344,168.75419869027797,53704400
168.05059814453125,168.85329051832247,167.42627513328318,168.06050251317026,42104800
166.93081665039062,167.67405271305591,166.72271902070312,167.5055876867263,37425500
168.13980102539062,168.54610700117138,166.8317135282985,167.17854792228746,42373800
166.26683044433594,167.5650134431552,165.60287483124418,167.27763553824258,49709300
173.46133422851562,173.87755961907308,166.6433941837476,166.82176353298163,91070300
174.95773315429688,176.75140669942581,172.63884078505302,172.68837774790788,101670900
171.13253784179688,175.03700600653332,170.94424900321735,173.7784557074799,73531800
167.8524169921875,172.1929047923956,166.75242714722782,170.20103782824683,73711200
166.48483276367188,169.1109267558204,166.48483276367188,168.08031301583728,50901200
165.5334930419922,167.11906901091456,165.0479219314042,166.51456987389489,43122900
163.51190185546875,164.89926951971245,162.6002009445124,164.7109957890585,68149400
164.3443603515625,165.75155219869828,163.2840180610573,164.02725414997124,48116400
165.39476013183594,165.54341638804536,163.43262154349364,163.85875133255257,49537800
167.4956512451172,167.77312477902248,164.71099641624178,165.03800691456527,48251800
168.3577880859375,169.07129572836638,166.63347542987228,168.00103426472305,50558300
167.77313232421875,169.79472746518425,167.65420428921547,168.34790327634968,44838400
171.9352569580078,174.44243845784558,171.5388704832316,171.8064245491769,68169400
168.7938232421875,173.4117990890393,168.46679764398493,171.76676673002254,65934800
167.77313232421875,171.1523820898212,167.58484346320657,168.05060587060277,50383100
171.46949768066406,171.85597979307556,169.34879824722077,170.95418315705703,94214900
181.72613525390625,185.31348231884328,181.01262758822543,184.9666328542693,163224100
180.07122802734375,182.53876191493006,178.7928536161005,180.70545548743195,78569700
180.75497436523438,183.23242749590466,179.68472791941784,181.79550770435065,77305800
181.0919189453125,181.4189445721307,179.81354466582562,181.20092748758523,45057100
182.9054412841797,182.99462597964828,180.46762042647373,180.91355902499257,48983000
181.64515686035156,183.66949389545601,180.7322193628195,183.48094965782863,50759500
184.850341796875,185.66405574980115,183.20307828852305,184.0167922414492,72044800
185.99154663085938,186.8548800445926,184.8602962551219,186.0709344816443,52393600
188.2639923095703,189.18684774302332,185.9320213621053,186.46788560358823,70400000
188.38304138183594,189.6333810173086,188.2044300863017,189.00821119957226,52845200
188.41281127929688,189.34559954047234,187.72810435814964,188.0555735439889,41282900
189.57383728027344,190.44708847543168,187.55941793463836,187.8769693298537,44361300
190.87376403808594,191.25083732912466,189.4547310855792,189.62342455766938,42309400
189.43490600585938,191.3401840301744,188.8097513226368,190.79440205142186,34648500
185.44573974609375,189.53411475837095,185.19765844405399,189.51426401453708,51005900
188.52194213867188,189.11734333076396,186.59682877814635,187.37085638453854,36327000
188.5319061279297,191.51880009814326,187.64873713728954,190.04022981736387,52280100
188.82957458496094,190.7745388343773,188.05556206266323,188.15480064928906,53068000
189.8218994140625,190.70506832278696,189.16697622567534,189.29596821795033,49889100
190.77455139160156,191.09210277636024,188.45251367186646,189.9707702687458,75158300
192.54087829589844,193.49351725389894,191.04247253185534,191.41954585254337,50080500
192.85841369628906,193.82097037667646,191.54853713018946,193.14618134943933,47471400
194.36676025390625,195.38885414673365,193.3744349100596,193.90036613096368,54156800
192.98741149902344,194.99191275531385,192.67979309240934,194.1881317208236,41181800
195.3789520263672,195.4285713258788,192.65005711175448,193.15613762673084,53103900
191.63784790039062,195.7857753291456,190.67529119421684,195.38883614317194,97010200
205.56019592285156,205.57012886730556,192.14396771907968,192.1638033246204,172373300
211.4347686767578,218.51003809526938,205.3121079690946,205.77850209290926,198134300
212.59579467773438,215.08652592836702,209.9760562824749,213.09195736730385,97862700
210.85922241210938,213.5186471242216,209.67835280423736,212.20878551515116,70122700
215.0071563720703,217.26965721764734,211.0874738193539,211.7324793139925,93728300
212.64540100097656,216.95210469802018,211.36530791117931,215.92007781385274,79943300
208.07077026367188,212.59578653831548,207.24715355520107,212.28815296354617,86172500
205.89759826660156,210.26382387597764,205.5205097773767,208.77533580800622,241805100
206.5426025390625,211.06760381745957,205.00449518251241,206.12582769938734,80727000
207.46548461914062,209.75775393646785,207.0090082596573,207.54485732874397,55549700
211.61337280273438,213.21101716086312,209.02340313251779,209.87680350658064,66213200
212.4568634033203,214.0842763709762,210.7202940415425,213.04233172557286,49772700
209.0035400390625,214.41172478378184,208.6860038316288,214.11402417940656,82542700
215.08651733398438,215.84067914098924,210.29358412725625,210.46227761796723,60402900
218.57949829101562,218.68865467979296,213.4491783018458,214.49110775455017,58046200
219.8496856689453,219.8496856689453,217.34902153194005,218.31157833867707,37369800
224.6029052734375,224.71206166235044,219.94889718329503,219.94889718329503,60412400
226.07156372070312,226.1013322692385,221.53662969916704,225.34715532852172,59085900
226.92494201660156,227.63941744293055,224.63267299949706,226.18069804264906,48076100
231.1919403076172,231.29117889263895,227.49057123987387,227.54019053238477,62627700
225.823486328125,230.60648662367137,224.03729767642758,229.61416127735984,64710600
228.77069091796875,230.8545803134063,226.92496506939614,227.1631286162611,53046500
232.60105895996094,235.409341553401,231.30111515749465,234.66509753137677,62631300
233.01785278320312,234.4567215545301,230.54695713829173,233.19646408342908,43234300
227.12342834472656,229.6836295353235,224.9006141352506,227.68904591405493,57345900
222.45948791503906,228.67145424701283,220.56415801938329,228.51267855827928,66034600
222.58848571777344,225.05938116686082,221.5663918696606,223.09458131167176,49151500
222.24119567871094,226.03187070395737,221.3778623137636,225.26777593230437,48201800
223.28314208984375,225.19833806517673,220.9710219946754,222.6480544130964,39960300
216.86276245117188,223.07472846403482,215.4635952984219,222.2808652028311,61777600
215.82086181640625,219.15507584516317,212.97287755450526,217.24979770728694,51391200
216.28724670410156,217.80550332568987,214.35220009781358,217.02155779536062,41601300
216.56509399414062,217.61695646267233,214.0941983741811,215.29491873308154,36311800
217.12078857421875,218.63904514115285,214.46134877521007,217.50779485320817,41643800
220.3756103515625,222.10226187087767,218.93674165630796,219.7405227481965,50036300
216.68417358398438,222.7572001483694,215.35446119036925,222.64804374939,62501000
218.1726531982422,223.86860618805187,216.0391597412521,217.46809553371503,105568600
207.66395568847656,211.86148819381572,194.49579244022425,197.5620745135683,119548600
205.6395721435547,208.3783997216886,199.52685967053256,203.72439154098564,69660500
208.209716796875,212.00039184379946,204.80603289763474,205.31211338628992,63516400
211.6729278564453,212.55609685346144,207.22731432081122,211.4744658055274,47161100
214.58045959472656,215.11630867247783,210.34322570654538,210.47223285968454,42201600
216.1103973388672,218.07747160820446,214.1929998012183,214.65993379251097,38028100
219.8259735107422,220.44192247615112,217.58071280084246,217.58071280084246,44155300
220.27305603027344,221.57450454206742,218.2662343099079,219.13056699635618,41960600
223.25344848632812,223.87934187315213,221.30623303799138,223.1342364732981,46414000
224.57479858398438,225.34970708383625,222.19045191126241,222.45869413327577,44340200
224.41583251953125,224.51518597934856,221.58442566604344,224.2469437652095,40687800
225.03176879882812,225.68746521443902,223.97868888483964,224.2966078109087,30299000
224.92251586914062,226.49220666639903,223.58133501497932,225.04174306182065,34765500
223.06471252441406,226.84984597984075,222.43881906323927,226.30343225653021,43695300
225.35963439941406,226.73063334528243,222.866020162344,224.187342377279,38677300
225.69740295410156,225.79675641202357,222.4288803537143,225.28014571740593,30602200
226.54185485839844,227.356510742363,223.42234738221904,224.52510403050715,35934600
225.0119171142578,228.35991942602843,224.20719049274723,226.43257756563742,38052200
228.29037475585938,231.39995310375193,227.3863249726349,228.59836441740794,51906300
227.50555419921875,228.8964117856607,225.99546942021698,228.68779072729976,52990800
221.31619262695312,227.50553099413642,219.7266282681139,227.05847075546578,50190600
219.40872192382812,220.33264539565292,216.06070449558098,220.2134333758585,43840200
220.92872619628906,224.00848612752256,220.07433805346514,220.18362078658942,36615400
219.37893676757812,223.77009004470926,218.33578603187902,222.48850009081283,48423000
219.46832275390625,219.82597396405737,215.29573540828238,219.37891374117063,67180000
218.6735382080078,220.0345925843304,215.31559161387113,217.49130185519834,51591000
221.2069091796875,221.63409569372266,216.46803428284608,220.01474349397893,44587100
221.31619262695312,222.09110108310472,218.38544755210194,221.04795042006705,37455600
221.04795837402344,222.57790161811045,220.46181236980377,222.12091208096655,36766600
214.90829467773438,215.80241517960704,212.52394807405793,215.126845002842,59357400
215.37521362304688,215.48449636527135,213.10016491936787,214.34200737227792,45519300
219.24977111816406,221.25659276615585,216.12031904206836,216.13026348358338,59894900
227.37637329101562,228.32018565098164,223.16405353373213,223.52170475455895,66781300
226.71075439453125,231.56884144729943,226.1345376792504,228.46920754640476,318679900
224.99205017089844,227.95259834339626,224.33635371548323,225.8563676699032,54146000
225.8861846923828,227.8532741806864,224.2568878942957,227.15783023434298,43556100
224.8927001953125,225.80669443859438,222.55804543582803,223.462095237407,42308700
226.03518676757812,227.00878694842402,223.93895622483703,225.81662129607273,36636700
226.30343627929688,228.02215721764472,225.81664372013879,226.9690772008412,34026000
231.47946166992188,231.47946166992188,228.1513174234294,228.53877170998481,54541900
224.7337646484375,228.15130254219565,222.27988260723768,228.02216122790813,63285000
225.30003356933594,225.8861795938886,221.56457676904253,224.41584231153624,32880600
224.19725036621094,225.3298099915582,221.86259582618194,223.6707104185886,34044200
225.31988525390625,226.51205091107013,222.66731173997377,226.41269745663615,37245100
220.24322509765625,224.2171205854488,219.8855738973866,223.0348842523572,39505400
224.29661560058594,224.5052366387564,221.79305702807565,222.83620769655573,31855700
228.04200744628906,228.25064364916537,223.36275355639287,223.7601370790405,33591100
227.5452880859375,228.0022928156644,225.6874964769055,226.2935162493635,28183500
226.06500244140625,227.91286461183438,225.85636623992795,227.80358186995707,31759200
229.79052734375,230.21771386522883,227.1081507143634,227.20748901369805,39882100
232.3238983154297,235.9401430278398,230.85354589755886,232.08545910083197,64751400
230.2673797607422,230.60515724916505,228.34003796565733,230.0885617348273,34082200
230.63497924804688,232.3238971476739,229.0156269629083,231.9066247344228,32993800
233.46636962890625,234.6386615701971,232.4828249974097,234.6386615701971,46431500
234.93670654296875,235.3043021987925,232.91995571367772,232.91995571367772,36254500
234.32078552246094,234.67843677993508,231.0820656392084,232.36364046895116,38846600
229.25405883789062,233.60547988580885,226.27363678517082,232.55239985265487,52287000
229.0653076171875,229.3136761173618,226.91940013747097,228.47914643577636,31109500
229.89981079101562,231.69799621804017,228.07182235817814,228.2407111108546,38802300
231.87680053710938,233.19812263375962,231.03235682367705,231.79733596578163,36087100
232.14505004882812,232.80074647701065,230.80386934668286,231.57877779482254,35417200
228.59835815429688,231.94636045913163,228.05194445904854,231.09197226998216,47070900
224.4357147216797,228.33013097812315,223.89923027313517,227.84332326136388,64370100
221.45529174804688,223.87937072005496,218.83252100898451,219.52794977327943,65276700
220.56114196777344,221.33605042122997,218.2761640538016,219.54780947276666,44944500
221.9917449951172,222.4884819564664,219.6968226591573,220.35251908634842,28111300
221.2665252685547,224.5946691536601,219.74651129717958,221.15724252476647,54561100
225.9954376220703,226.39283627600352,223.1044401056504,223.16404611393824,42137700
225.72691345214844,227.41767417057122,225.17989861433574,225.93576400556717,38328800
223.01174926757812,224.47376393957063,220.29658566640109,223.77757009002366,42005600
223.01174926757812,224.36436096493557,222.14648085284745,223.33001798502116,40398300
223.89691162109375,225.4185978724207,221.54973296285615,222.79294167641658,48566200
226.98008728027344,227.62654977508777,223.77758025105393,223.79747584076947,44923900
223.77757263183594,225.68713943052106,223.0515429787679,225.16996034674554,47923700
226.7811737060547,228.49183017609323,223.94665165924164,224.0262188410909,44633700
227.0397491455078,228.90953992555222,225.4285554930197,225.74680903538962,36211800
227.75584411621094,228.68078414631773,224.6627401240164,226.82094870348703,35169600
227.27845764160156,228.90954693288327,224.48372676835862,227.63650237265796,42108300
228.62110900878906,229.46649702017746,226.82094518602503,226.82094518602503,38168300
231.6048126220703,231.98275293866183,228.49182822914253,230.20248468460477,90152800
233.7829132080078,234.29015208323423,232.06231657216094,232.06231657216094,45986200
233.6536102294922,234.40949083683986,232.53970008294309,233.19611792325418,33498400
236.0405731201172,236.51796100091357,232.69882760276832,233.53426018813377,28481400
238.28829956054688,239.4817769036961,235.8715090788613,235.9809120539101,48137100
241.33168029785156,241.441083276618,237.60205398884364,238.50711361537608,38861000
241.68971252441406,242.78374225546824,239.9392801306149,241.55047375645148,44383900
241.7195587158203,243.21140922639395,240.81451427308068,242.6644095132275,40033900
241.52066040039062,243.30094393033409,240.76479490063875,241.59028737878447,36870600
245.40939331054688,245.89673657618508,240.43655859300793,240.51612576959502,44649200
246.42385864257812,246.86147053083658,244.00705305092782,245.54863486606115,36914800
245.1508026123047,249.43738355757404,244.92204129682997,246.61281718111218,45205800
246.61282348632812,247.38858448031883,244.3451969163318,245.54862958315107,32777500
246.7819061279297,247.9355922748061,244.90217516923994,246.47359279661413,33155300
249.6760711669922,250.0142354510927,246.304489938892,246.6426542229925,51694800
252.1028289794922,252.45093348613432,248.42293425963442,248.72130738305802,51356400
246.7023468017578,252.89849494785605,246.39403346062903,250.7900177691265,56774100
248.43287658691406,250.6308762664829,245.7475488049507,246.15532490458142,60882300
253.1073455810547,253.61456925624782,244.35515348919105,246.6923766885693,147495300
253.88311767578125,254.26104280923545,252.07299848460428,253.38583418491564,40858800
256.79718017578125,256.80710520536127,253.90297174117552,254.10189725758943,23234700
257.6127014160156,258.6868506395932,256.2302692406472,256.7872242633273,27237100
254.20135498046875,257.29447387899233,251.68510189149424,256.4291751646687,42355300
250.82977294921875,252.1227129740064,249.3876539575231,250.85960874260036,35557500
249.05946350097656,251.90392569582917,248.07483671879714,251.0684930674946,39480700
242.52517700195312,247.74665392379396,240.5062071395791,247.57756417344766,55740700
242.03782653808594,242.85336358935695,240.5758118291158,242.03782653808594,40244100
243.6688995361328,245.98624232017474,241.8786760145675,242.9826459215422,45045600
240.89407348632812,244.215923537777,240.0387452815234,241.6598791297847,40856000
241.38140869140625,242.38593107741448,238.74581220273618,240.6056476428208,37628900
235.5631866455078,238.85520080045117,231.73409784256125,238.70600665338932,61710900
233.1265106201172,233.39504797306242,228.4719441071402,232.26124214226888,49630700
232.01258850097656,234.8371551382162,231.20699165927476,233.47460320476435,39435300
236.57763671875,237.66172623332486,233.15632396556444,233.36518970349533,39832000
227.0198516845703,236.7168796666606,226.79110553013876,236.06047699847062,71759100
228.7305145263672,231.0279618693864,227.2386640256131,230.85888730040747,68488300
221.4303741455078,223.20070201452856,218.18809151282764,222.78298573737737,98070400
222.61392211914062,222.90233985709415,218.59586314481808,218.59586314481808,64126500
222.4448699951172,225.79655609657794,221.09225820038625,223.51900422998196,60234800
221.5696258544922,224.4041477572621,220.2070739772995,223.55875977197638,54697900
228.6111602783203,230.88871192185238,222.76310174211312,222.80289291870474,94863400
236.9655303955078,238.88505261672515,229.5560092044273,229.59580038333414,75707600
238.05953979492188,238.5568232574634,232.73860067537262,232.84800364416722,45486100
236.29916381835938,239.48177510143526,235.9212386876704,237.37329797187644,55658300
234.71780395507812,245.8470107317681,232.1717149504871,245.8470107317681,100959800
226.77120971679688,230.5704628324937,224.47376244068877,228.7404632470789,73063300
231.5352020263672,231.86341095944582,225.4186058340825,226.0153521080233,45067300
231.2069854736328,231.4058958330951,227.0298072213747,227.2883891710869,39620300
231.95291137695312,232.5297620441898,229.17806101517482,230.03338922164468,29925300
226.39328002929688,232.72866665415378,226.0252799376335,231.33627899238985,39707200
226.662109375,229.58935370973873,226.21406518332185,228.57379092662126,33115600
231.61053466796875,234.2092091135714,227.1400288616486,227.20971719471092,53718400
235.84210205078125,235.93172304376256,229.67896101319025,230.19670873650108,45243300
240.4818878173828,241.28837041996871,234.54775953627293,235.88194100703416,53614100
243.53855895996094,244.484433375407,239.94422402720738,240.2030902821229,40896200
243.40911865234375,244.11602908498713,240.7905267294893,243.0905000064508,48822500
243.807373046875,244.94242536854557,242.10480216065562,243.5982928571997,32204200
244.7632293701172,245.7091038330044,243.2299036494767,243.87709210808563,32316900
244.48443603515625,247.61080936192474,244.15586625078134,244.88269415360097,53197400
246.0277099609375,247.7800669312537,243.3593319822528,243.86711335623195,51326400
245.96795654296875,248.91511822751468,243.84721006662005,246.92379728169456,48013300
239.31695556640625,243.91690216055417,238.0922974197643,243.26972892021308,44433600
236.27023315429688,241.4078448384303,236.0312691715791,238.3710773588995,41153600
240.79052734375,241.03944246427386,229.2010399398617,235.92174819400608,56833400
236.9970703125,242.97103338088397,235.08540395372597,240.7407483660274,47184000
234.9061737060547,239.02822274747484,233.6615980851158,236.6784633674393,53798100
234.71701049804688,235.5234930679701,228.235250954078,234.39839184729655,47227600
234.3087921142578,236.82781201573715,232.1482106078643,233.42265485870865,45170400
238.03256225585938,240.32256924437755,233.74125275300776,234.08974000390756,46273600
226.4928436279297,235.13518456664028,223.24699590534985,234.5178647329352,72071200
219.88165283203125,224.8599551431671,216.50636447278404,222.8387656202518,76137400
216.03842163085938,220.78772670269151,213.97741219492326,219.18471261137486,62547500
208.77008056640625,215.899013195213,207.51555384047248,215.01287598245443,61368300
212.5635528564453,213.02154815111564,208.67051688888432,210.3332680009786,60107600
213.07135009765625,214.28605714072168,209.0588394397278,212.3843419118567,48073400
211.7670440673828,214.2163605039484,210.57225445008928,213.23066628615402,42432400
214.3059539794922,217.81066771448715,212.82241448637808,213.29037609854922,54385400
213.17092895507812,216.54621759798974,211.29908226715483,213.0614056873257,48862900
217.32281494140625,217.89033350890864,210.36314278996363,210.64192650603025,94127800
219.77212524414062,220.5188705761007,217.63146136955083,220.0409578175666,44299500
222.77903747558594,223.12752472855482,219.1249652538438,219.81197343150768,34493600
220.56866455078125,224.04352508950674,219.51326687455483,222.5400680439697,34466100
222.87863159179688,224.0136840691367,219.6028997069453,220.42929982881355,37094800
216.9544219970703,222.8387793372666,216.73537546649092,220.7080664246457,39818600
221.16607666015625,224.64092215942225,215.29167046357225,216.06828445549021,65299300
222.22146606445312,222.70932997882656,217.95007407622174,218.85612876373423,36412700
222.91842651367188,224.21278818927524,220.06088576879955,220.3595869543347,35905900
202.30824279785156,206.58958563447752,200.37665915579902,204.64803566499702,103419000
187.56253051757812,199.01262630823254,186.52703508606032,193.0486144227304,125910900
180.6725616455078,193.30748067285785,173.86223225537526,176.43103817745248,160466300
171.67176818847656,189.51400113284038,168.4757067407598,185.88979780340043,120859500
197.9871063232422,199.73946342084193,171.1440912269536,171.2038284291051,184395900
189.59365844726562,193.9347385570105,182.205859833413,188.24952597387417,121880000
197.29013061523438,198.67409816298056,185.25259829067514,185.29243322025624,87435900
201.64117431640625,212.01595519155484,200.28707539108044,210.52246440005902,101352900
201.26280212402344,202.62685207462172,198.93296032454862,200.98401841430368,51343900
193.42697143554688,199.82906121923162,191.5352073519423,197.49921927320653,59732400
196.1251983642578,197.9671763411939,193.5763099497932,196.34424488667963,52164700
192.32179260253906,192.9590147372882,188.98632373298676,192.43131586910098,46742500
198.8732452392578,200.715208155226,195.1196006832811,195.26894368988752,52976400
203.71214294433594,207.09738254349836,201.9199510184256,205.10606155750318,52929200
207.4657745361328,207.92378505310097,202.0593452871763,204.00088023313933,47311000
208.37181091308594,208.8397725246136,205.3051750047529,205.47443545258193,38222300
209.2281036376953,210.5822025692478,206.55974070372147,209.08871177088434,38743100
210.29345703125,211.31898611202763,207.46576971677675,207.78438836336602,36827600
211.57785034179688,212.65316547487808,205.7731479657814,208.39173986928208,52286500
212.39430236816406,213.62891164873253,207.99346964638974,208.1726964341785,57365700
204.45889282226562,206.0917754590827,201.2827333487594,205.19567188008233,101010600
198.0269012451172,203.21429874212313,197.34985944880984,202.21863831750238,69018500
197.6485595703125,199.77927242381972,196.16503515467957,197.3498735756035,51216500
195.3983612060547,198.5745204381265,192.4113798882551,198.30568786560423,68536700
196.63299560546875,199.18188402861682,193.83517686729027,196.86199326420865,50478900
197.66847229003906,199.6697443694255,196.6827629534363,198.1364339272832,36453900
210.15049743652344,210.6290521628615,206.1227607044075,210.32995926202443,63775800
212.28399658203125,212.75257189298435,208.36592688565332,209.79158118866218,51909300
211.68582153320312,213.29093762104833,209.94113079478424,211.78550901932945,49325800
210.80850219726562,212.31393091132972,208.90429308394448,210.31001909194578,45029500
210.6190643310547,211.92510277199543,209.1335944967917,211.71573318604425,54737900
208.14659118652344,208.84446444770495,203.64029993754312,207.27923550566183,46140500
206.232421875,207.83753801206538,204.40797196423648,207.03996203611737,42496600
201.4768829345703,206.41186226922272,200.10108001028593,204.5475404614086,59211800
200.74908447265625,202.13486667390606,199.09411717835945,200.1010626250374,46742400
194.67759704589844,197.1002176461426,192.8730906309023,193.082445017036,78432900
199.60260009765625,200.1309909415137,196.83102019804124,197.6983910952664,56288500
199.81195068359375,202.11494001836002,199.2935240345892,199.98143310081724,45339700
199.3433837890625,203.19167383577107,197.90775006205254,202.9623758748587,51396800
200.24066162109375,201.3472946799051,196.18300200128658,198.7651407343476,70819900
201.08807373046875,201.51677709467234,199.51286535414474,199.67238359256916,35423300
202.65330505371094,203.1517881077627,200.35031577799097,200.73913195165156,46381600
202.20468139648438,205.6143037964219,201.48686455307688,202.29440469878628,43604000
200.02133178710938,204.12882762641604,199.54277706238673,202.88261988754903,55126100
203.30133056640625,205.07592905349443,201.4370087789868,202.3841235560851,46607700
200.83883666992188,205.37503589356555,199.4131823149893,203.76991971327615,72862600
202.05511474609375,203.73002568042446,199.96149509379936,199.9914028593682,54672600
198.1769256591797,203.8795731269679,197.80805305990708,202.88260699920767,60989900
198.5956573486328,199.07419684911244,196.7612432530472,198.47602627663701,43904600
195.85400390625,199.76210952406473,195.1062792678608,199.12405177447246,51447300
197.81802368164062,198.08720880439395,195.96366601516638,196.701426450214,43020700
195.04644775390625,197.78810453675544,194.61775963167673,196.6017124403596,38856200
195.9835968017578,196.97059871241268,194.4781834746436,195.34553910938874,45394700
200.3901824951172,201.08805571006383,196.26274352386682,197.63856158511533,96813500
200.88868713378906,201.68626312768808,198.35639970659372,201.01829760639046,55814300
199.69232177734375,202.8227948624406,199.59261907789957,201.97536755465325,54064000
200.94850158691406,203.05210084338043,200.01135094007643,200.83883469818846,39525700
200.3901824951172,202.0252062612044,198.85486142223453,200.81887060840756,50799100
200.46995544433594,202.60346239871808,199.39323017588663,201.2774955925489,73188600
204.54754638671875,206.7608124915243,198.6554726965608,201.39712965217615,91912800
207.18951416015625,209.55231908550664,205.51460310500556,206.04299395149746,78788900
211.7954864501953,212.69274987948137,207.5085290616707,208.2761972389462,67941800
212.90213012695312,213.9987837940836,211.16740350258758,211.5063683517463,34955800
209.3130340576172,215.57398008038285,208.16652910348648,212.03474730839852,50229000
209.37286376953125,210.78855393169587,207.8175989494771,209.46260228799343,42848900
210.4994354248047,210.6888614301138,206.59132988433592,208.8943192909964,48749400
211.7655792236328,212.83232507172787,209.39279496736208,209.87133445003573,44443600
210.5193634033203,211.48642172848318,209.22330444266433,209.93115706069412,39765800
207.98707580566406,210.27013683517245,206.91035052542594,209.29309904361602,38840100
208.47560119628906,211.2471659954246,208.2861751856472,208.5852680860029,42296300
209.5224151611328,211.7556096589697,208.0070223143888,209.66198981724762,47490500
209.38282775878906,211.15742622671814,208.95412441878605,209.93116216460888,48068100
210.539306640625,211.1474566075158,209.06380098140497,210.23024956462245,48974600
211.83535766601562,215.12534891613055,210.98794558852114,211.45652088357517,51377400
213.74954223632812,214.29787667610697,211.5861274580158,212.49337032996837,46404100
213.50030517578125,214.49727137359017,211.76559372759175,214.3477325289176,46989300
213.11146545410156,215.0356179140754,212.88216751340357,213.25104009789538,46022600
213.2311248779297,214.58699944946258,212.7525701732737,214.04862920984866,40268800
213.40061950683594,214.1981955143971,212.41361748607306,213.38067592321022,37858000
210.62904357910156,214.1582970701604,210.18041185237743,213.53020352524888,51411700
208.415771484375,211.74563469104578,207.0898047125579,211.25711581327238,45512500
206.94027709960938,209.20337937318874,206.5315173151756,207.85748415888986,80698400
201.76602172851562,212.93203997684435,200.88868661623732,210.23025491744008,104434500
202.7330780029297,207.24933356384108,201.06813110178,203.8895472057539,75109300
202.3043670654297,204.71702329589334,201.54667827641916,202.78290655256814,44155100
212.60304260253906,214.72658548105818,204.96627784328447,205.00616501036765,108483100
219.36245727539062,220.1799768073744,215.92292715514498,218.2159523061407,90224800
228.65419006347656,230.29917810781973,218.58482597462978,220.16003429974123,113854000
226.747802734375,229.12327986736793,224.3324083989562,227.48640043221798,61806100
229.21310424804688,230.36092560837628,226.63802588155738,227.57622481823222,55626200
232.88612365722656,234.55294488479396,229.99163136972763,230.6304284784954,69878500
232.337158203125,234.67270293292236,230.41083714463488,233.6147219132583,51916300
231.1494140625,233.834298979768,228.9036945156081,233.5548328767578,56038700
230.4507598876953,232.67651332576617,229.672244959047,231.25921652669462,37476200
230.1213836669922,232.42698672077375,228.9136940815642,230.84001516813981,39402600
225.5800323486328,230.0315543310328,225.3404986724704,229.54248102593337,42263900
224.47215270996094,226.08908123987146,223.35428822884654,225.83955683035407,30621200
227.3267059326172,228.65417758009713,224.98118568943215,225.73973438952316,42477800
226.72784423828125,228.86377239669042,225.79960559269966,226.04912998143794,30983100
228.87376403808594,229.0534295301293,224.26255788237486,226.43840339540802,54575100
230.05152893066406,230.46073738560713,227.82576024347395,228.17510050695543,31259500
232.11758422851562,232.9659733126178,228.90370861616245,230.3809040856524,38074700
231.69837951660156,232.9360260407387,230.92984008944924,232.0676707602769,39418400
229.28298950195312,230.4108447009183,226.53822101083426,228.81388239599917,44075600
238.01634216308594,238.395624134605,233.9141603097862,236.75874463665696,66427800
239.32383728027344,239.44360411673358,236.28962732845326,237.99636566705198,47549400
239.2340087890625,240.86091270031892,238.03629475202086,239.54341659874092,54870400
237.42745971679688,239.69313028194867,235.89038089866295,238.84475646782593,48999500
233.9041748046875,238.3257397896772,232.9160527142261,236.54912730927947,66313900
226.35855102539062,231.97784546194652,225.52015268533836,231.7482872752143,83440800
229.59239196777344,230.01159113632517,226.21881717306923,226.44839058875493,50208600
233.6247100830078,234.06386022938602,228.58431421011397,228.78393068206054,55824200
236.24969482421875,237.7368657054393,234.58287368836292,236.54912714503797,42699500
237.6969451904297,240.76111223381088,235.87043992435724,236.72878926810645,63421100
238.5353546142578,239.6432435766681,237.27774187166392,238.5153883976145,46508000
237.42745971679688,240.74113579799257,236.199788714976,239.5134800259323,44249600
245.032958984375,245.83144010441063,239.7530294205925,240.77107799962133,163741300
255.5928192138672,256.15178189089505,247.64797087114997,247.82763635806887,105517400
253.9459686279297,256.8504363399061,253.0975947938589,255.39322235208516,60275200
251.8300018310547,255.2534845023776,250.56241362070242,254.73446948849343,42303700
256.3813171386719,256.6807646844572,251.2311452680336,252.72829161839874,55202100
254.97401428222656,257.10994249251326,253.2972024297037,253.61660096533106,46076300
253.9459686279297,254.5148915782133,252.52867184357527,254.0757261912774,40127700
254.14559936523438,255.4331385813304,252.6284867333586,254.37515755125318,37704300
254.9640350341797,258.29769267334166,254.44502000530687,254.55481135314994,48713900
256.6408386230469,257.68882891050583,253.66649683440303,256.09186667190835,42630200
257.5291442871094,258.7468246365968,253.46689477740222,254.18552630266564,49155600
256.20166015625,258.57713717661323,254.56478079871025,257.49917477533796,44664100
255.99209594726562,256.9103287268919,254.94407514023973,256.32145476920215,31955800
257.569091796875,258.0282082133661,255.62278908467795,256.03201279963565,36496900
253.55670166015625,257.50917476461467,252.65841993311406,257.3195337882977,38322000
244.80340576171875,255.8922708493858,243.53581752909898,254.45500785015722,61999100
247.18885803222656,249.2149949644775,245.09284695690994,248.90558714178317,38142900
247.29864501953125,248.37659224814226,244.23447809703134,246.13087266264282,35478000
248.86566162109375,251.3409547309234,246.99922390992754,249.01538540478128,33893600
246.97926330566406,248.56623493239263,244.66368465033412,247.77774448085987,39777000
251.81002807617188,252.89796599708643,246.79958926324147,247.5481624372989,49147000
261.7411193847656,263.87706298772724,255.14370850365398,255.4032084113237,90483000
262.27008056640625,264.7853058703715,261.3318664386604,261.3817895915523,46695900
257.9583435058594,262.349966966352,254.94406918261987,262.15033525743416,45015300
259.0861511230469,260.12418111371363,257.51916110368444,259.4454820834593,32754900
262.3200378417969,263.62754335723145,258.68694768993146,260.69313376057823,38253700
268.2986145019531,268.60802232244004,264.1465248140549,264.37609822840903,44888200
268.4882507324219,269.3765722048576,267.63986169210665,268.4782600095115,41534800
269.1869201660156,270.8936584399069,266.6018207191691,268.76770579477784,51086700
270.8836669921875,273.6184749716116,267.969239224885,271.4725408872279,69886500
269.85565185546875,276.79244258078194,268.647962249571,276.4630533049319,86167100
268.53814697265625,270.33474092754267,265.74348587775046,269.90556627002525,50194600
269.5262756347656,270.9734988318123,267.11086611942017,267.8195068636227,49274800
269.6260986328125,271.18312844251227,266.4221834255846,268.0989800730272,43683100
269.25677490234375,272.8798740142925,267.38037702601645,267.38037702601645,51204000
267.9592590332031,271.7719991063764,266.26248096015127,269.28671541495146,48227400
269.1781311035156,273.4741297822401,267.20997142836535,268.7085692371889,41312400
274.99267578125,275.65206242273547,269.5477586519058,269.55775905965567,46208300
273.21435546875,275.4722525277038,271.4460210796085,274.74292397164845,48398000
272.6948547363281,276.4413491841305,271.83564282199285,273.85374352181776,49602800
272.15533447265625,275.70200347225597,269.3479639093673,270.7965900477885,47431300
267.2099609375,270.2371271729127,265.48159771217263,268.5687054184609,45018300
267.19000244140625,270.4569347049811,265.0719890725528,269.7376065335732,45677300
268.3089294433594,271.9555110777923,265.2517925781922,265.2817633125939,40424500
266.0010986328125,275.17250947675234,265.67142054546326,270.5768036466949,45823600
271.2361755371094,273.0744516711978,265.4216397990326,265.70137680880595,59030800
275.6620788574219,276.7410558404627,270.64675212306133,270.64675212306133,65585800
276.7110900878906,280.1179060838009,274.9926967216935,275.012667049666,46914200
277.29052734375,279.26868736786383,276.3714044558947,276.70108254872224,33431400
278.5893249511719,278.73917862681736,275.73198274965245,277.0008150112318,20135600
282.8353576660156,283.1550658399818,275.88187257202503,277.75011957449965,46587700
285.9224548339844,287.1313151163589,282.36578537497866,282.7354345985028,53669500
283.8843688964844,288.35019153510143,283.0351573834178,285.9324708384744,43538700
280.4375915527344,284.46382276925783,278.32954829392816,283.83440686502166,43989100
278.5193786621094,280.8771882481053,277.79005013345267,280.27774306596746,47265800
277.6302185058594,279.4085531850005,275.8918244790692,277.86998437615557,38211800
276.9208679199219,279.7682096639769,276.6611317163261,277.8999627322321,32193300
278.5193786621094,279.48847306800184,276.1815698919154,277.490342786908,33038300
277.77008056640625,279.3286197507982,273.5540244422053,278.83908758708685,33248000
278.0198669433594,278.9589906850317,276.5612402656973,277.64021728323,39532900
273.8537292480469,279.8880911943856,272.5849275039148,279.8880911943856,50409100
274.353271484375,275.2424541197232,271.53593087885605,272.5649667835892,37648600
271.58587646484375,275.90184538512057,271.38608172110213,274.75292651919426,50138700
271.935546875,273.374203136776,266.7004552212896,273.35420232069225,51630700
273.4141845703125,274.34330788170604,269.64768928264715,271.8955859651445,144632000
270.7166748046875,273.62395794129594,270.25711338978425,272.6048920133635,36571800
272.1053771972656,272.2452609569047,269.30800689497966,270.5868091030317,29642000
273.55401611328125,275.17249671786806,271.9455359163183,272.085389177814,17910600
273.1444091796875,275.1125687682936,272.6049054553,273.9037084592662,21521800
273.50408935546875,274.10350406329195,272.0954038139857,272.4350823114352,23715200
272.82470703125,273.82377221524894,272.02546707967076,272.5549704076282,22139600
271.6058349609375,273.42414083736213,271.49595243002375,272.80472532736104,27293600
270.75665283203125,277.58025431004916,268.7485221479618,272.0054842546519,37838100
267.0101623535156,271.25618925068443,265.89121426121545,270.38700744645297,45647200
262.1147155761719,267.2998660934885,261.8749496989937,266.7503924619391,52352100
260.08660888671875,263.4334831315393,259.56710600115036,262.95395138764474,48309800
258.7978515625,259.0476178563403,255.46096229095477,256.7797203952787,50419300
259.1275329589844,259.9667440583015,255.98048371428257,258.8377955175017,39997000
260.0067138671875,261.05572011368304,256.5599267903311,258.9177364764393,45263800
260.8059387207031,261.56523797230057,258.148452318208,258.4781303943212,45730800
259.71697998046875,261.57525710051715,256.4700180914029,259.247418118488,40019400
257.9685974121094,260.7959687899761,256.8096782083212,260.40631875644857,39388600
255.29112243652344,258.6579671912775,254.69167723491495,257.6589020182799,72142800
246.46937561035156,254.55180921698133,243.19244305608962,252.49373739571587,80267500
247.41848754882812,251.3248360900433,244.9507953165175,248.46750904444812,54641700
248.1178436279297,250.76536025794266,247.9180183962477,248.96703988447874,39708300
247.80812072753906,249.17685039145397,244.45126111041233,247.08880782235642,41689000
255.17123413085938,256.32015295784896,249.5664780183616,251.24490015634893,55969200
258.0285339355469,261.70511669708895,257.96859246831417,258.92771692213245,49648300
256.2002868652344,258.61800761819165,254.27208306792676,257.409147241713,41288000
258.0385437011719,259.4072580677027,254.17216647920577,257.75880668092503,67253000
259.2374267578125,261.6551472598355,251.94423313215475,254.93144331105526,92443400
269.7575988769531,270.2371306501278,258.9676766447768,259.7869174093499,73913400
269.22808837890625,271.6258386480508,267.3598109321867,268.9483513556569,64394700
276.23150634765625,278.68922850453845,272.03545112075,272.03545112075,90545700
275.6520690917969,279.2387093202658,272.97458180817284,277.86999494352693,52977400
277.8599853515625,280.6473855638201,276.67109542368036,276.8609202349588,50453400
274.6199951171875,278.20001220703125,271.70001220703125,277.9100036621094,44623400
273.67999267578125,275.3699951171875,272.94000244140625,274.8900146484375,34376900
275.5,280.17999267578125,274.45001220703125,274.70001220703125,51931300
261.7300109863281,275.7200012207031,260.17999267578125,275.5899963378906,81077200
255.77999877929688,262.2300109863281,255.4499969482422,262.010009765625,56290700
263.8800048828125,266.2900085449219,255.5399932861328,258.04998779296875,58469100
264.3500061035156,266.82000732421875,262.45001220703125,263.6000061035156,34203300
260.5799865722656,264.4800109863281,260.04998779296875,262.6000061035156,30845300
264.5799865722656,264.75,258.1600036621094,258.9700012207031,42070500
266.17999267578125,269.42999267578125,263.3800048828125,263.489990234375,37308200
272.1400146484375,274.8900146484375,267.7099914550781,267.8599853515625,47014600
274.2300109863281,274.94000244140625,271.04998779296875,271.7799987792969,33714300
272.95001220703125,276.1099853515625,270.79998779296875,274.95001220703125,32345100
264.17999267578125,272.80999755859375,262.8900146484375,272.80999755859375,72366500
264.7200012207031,266.5299987792969,260.20001220703125,262.4100036621094,41827900
263.75,265.55999755859375,260.1300048828125,263.4800109863281,38568900
262.5199890136719,266.1499938964844,261.4200134277344,264.6499938964844,39803100
260.2900085449219,261.55999755859375,257.25,260.7900085449219,49658600
257.4599914550781,258.7699890136719,254.3699951171875,258.6300048828125,41120000
259.8800048828125,261.1499938964844,253.67999267578125,255.69000244140625,38218500
260.8299865722656,262.4800109863281,256.95001220703125,257.6499938964844,30590800
260.80999755859375,262.1300048828125,259.54998779296875,261.0899963378906,26218900
255.75999450683594,258.95001220703125,254.17999267578125,258.6600036621094,40794000
250.1199951171875,256.3299865722656,249.52000427246094,255.47999572753906,36930000
252.82000732421875,253.88999938964844,249.8800048828125,252.11000061035156,32074200
254.22999572753906,255.1300048828125,252.17999267578125,252.9600067138672,32361600
249.94000244140625,254.94000244140625,249.0,252.6300048828125,35757900
248.9600067138672,251.8300018310547,247.3000030517578,249.39999389648438,34864100
247.99000549316406,249.1999969482422,246.0,247.97999572753906,88331100
251.49000549316406,254.60000610351562,250.27999877929688,253.97000122070312,40546100
251.63999938964844,254.8300018310547,249.5500030517578,250.35000610351562,45152300
252.6199951171875,255.0,251.60000610351562,254.10000610351562,28476700
252.88999938964844,257.0,250.77000427246094,252.1199951171875,41796700
248.8000030517578,255.49000549316406,248.07000732421875,253.89999389648438,47900000
246.6300048828125,250.8699951171875,245.50999450683594,250.07000732421875,39446200
253.7899932861328,255.47999572753906,247.10000610351562,247.91000366210938,49598100
255.6300048828125,256.17999267578125,253.3300018310547,254.0800018310547,40059400
255.9199981689453,256.1300048828125,250.64999389648438,254.1999969482422,31289400
258.8599853515625,262.1600036621094,256.4599914550781,256.510009765625,29329900
253.5,256.20001220703125,245.6999969482422,256.1600036621094,62148000
258.8999938964844,259.75,256.5299987792969,258.45001220703125,41032800
260.489990234375,261.1199951171875,256.07000732421875,259.0,28121600
260.4800109863281,262.19000244140625,259.0199890136719,259.9800109863281,31291500
259.20001220703125,260.17999267578125,256.6600036621094,259.7300109863281,36234700
258.8299865722656,261.92999267578125,257.19000244140625,259.25,48370700
