Close,High,Low,Open,Volume
GOOGL,GOOGL,GOOGL,GOOGL,GOOGL
26.260459899902344,26.570398279090803,26.177642564071707,26.41170808856967,26480000
25.76009178161621,26.183095962111732,25.67529382896273,26.141440429219443,41182000
25.12434959411621,25.846876415134567,25.07029576570784,25.811667839004635,54456000
25.050457000732422,25.36485790431801,24.976072931454695,25.33808069873763,46918000
25.137737274169922,25.166994516697418,24.54810906238955,24.8699500804736,73054000
24.830774307250977,25.221545610890498,24.728124245531504,25.200717842806696,42000000
24.649276733398438,24.80895629523444,24.34429652631825,24.757382501912144,57138000
24.88433074951172,25.22154383043746,24.659192240158898,24.922514988303167,60958000
25.08913803100586,25.204683901204348,24.70382433468335,24.815897018606716,52800000
24.993928909301758,25.278575094300507,24.894748243166987,25.23592829696807,51068000
25.313783645629883,25.33312263498767,24.94830266324565,24.951278328926936,49658000
25.28799819946289,25.569174986555918,25.259732210383905,25.428338778488634,46796000
25.80621337890625,25.87861493705752,25.270638965153605,25.33262663942792,46356000
26.6447811126709,26.721149592800394,25.88159004863909,25.935641982816453,56068000
26.87537384033203,27.04695604247036,26.567915529254652,26.6809813562442,45966000
26.61602020263672,26.853061388067903,26.385425977502006,26.853061388067903,30932000
25.845884323120117,26.420634231646282,25.829519108082973,26.3521995975943,39148000
25.411474227905273,26.06903955847943,25.407507304437367,26.034822242462525,35822000
25.451148986816406,25.548345239425768,24.96764397707178,25.434783771142534,79018000
26.657176971435547,26.932402365543986,25.696615942893214,25.737280215844997,121108000
26.391876220703125,26.60511399914664,25.872171325842753,26.497006331056205,75378000
26.446422576904297,26.652220220255426,26.12458153912829,26.27979854116529,47062000
26.089372634887695,26.617506938356748,26.03631006584765,26.438486504897366,33896000
26.27434539794922,26.31699219302557,26.06656144991909,26.18012291883447,33176000
26.475183486938477,26.789584406297493,26.21582765179482,26.33286040937498,42938000
26.2470703125,26.475184505245064,26.16127920279256,26.33533956720351,30314000
26.78660774230957,26.828263275653615,26.241612622678073,26.38939139694253,47430000
26.679494857788086,26.875376137177962,26.580314199757126,26.7652859661892,38306000
27.076711654663086,27.192255630025567,26.629904034551185,26.761813224322232,48590000
27.332103729248047,27.400538368610793,27.105972041937573,27.15109887525243,47382000
27.027122497558594,27.42334761855795,26.940340129075707,27.332102697328448,39174000
26.91008949279785,27.1530820140818,26.75636126764103,26.968110244837927,31164000
27.098529815673828,27.11886195286686,26.81586619419472,26.901161666272937,30834000
26.867937088012695,27.154567648570318,26.68445410594335,27.154567648570318,38234000
26.53072166442871,26.743959391760264,26.381951640914796,26.729082956922916,32906000
26.711729049682617,26.748920140345838,26.33236289949478,26.359637627123586,28406000
27.142169952392578,27.253251372623044,26.679988387179915,26.70131367413935,40836000
27.735267639160156,27.77692317187372,27.03108672294946,27.06332152210655,54032000
27.90089988708496,28.237617351493522,27.623194430262107,27.678735143283944,68328000
28.515323638916016,28.563426138423793,27.92668850208504,28.117611613038402,50406000
28.7022762298584,28.80443065609995,28.291172813218694,28.581274660996446,50526000
28.679462432861328,28.84310889220248,28.39134311724047,28.612019063325558,37964000
28.833194732666016,28.920968353841317,28.67450644227373,28.74343670388251,35918000
28.41019058227539,28.900140632343085,28.368535047860103,28.86146076348798,37592000
28.469697952270508,28.536643805751243,28.219267227431153,28.312000921050046,23478000
27.763042449951172,28.254481337449633,27.76155367113615,28.191004878570133,40080000
27.556747436523438,27.977767277800666,27.542862256639477,27.760562581738434,40524000
27.82849884033203,27.861723007930234,27.54881086246796,27.695100865810453,35602000
27.4233455657959,27.986690312830884,27.290940746609365,27.732292666182627,35428000
27.851806640625,27.956441108422055,27.340035660068505,27.618236750928325,36856000
27.651958465576172,27.802215392654798,27.493270170559015,27.685678262189203,28892000
28.07595443725586,28.093310910720167,27.448141943417497,27.65790840369397,35324000
27.952472686767578,28.11562352549206,27.875608580105705,27.994623849019984,24660000
28.015945434570312,28.12256429742911,27.99263952462513,28.103225310629632,44320000
28.036773681640625,28.24852452420976,27.922220970522,28.068015330127523,30234000
28.640291213989258,28.855511490485483,28.171662634965077,28.19397918240136,79156000
28.11760711669922,28.765749792129892,28.11760711669922,28.641774453777348,53070000
27.95098304748535,28.127029692344163,27.686669049151302,28.001069946713034,49842000
27.64897918701172,27.972307066080834,27.618233168344812,27.861223760713244,34552000
27.827007293701172,27.8775898211191,27.61129141926604,27.782873617622773,24788000
27.507648468017578,27.89197087893446,27.506159689475478,27.668319264325994,34932000
27.24928855895996,27.696094343744875,27.07770632978289,27.514100121564447,38902000
26.843637466430664,27.175394849194866,26.80049315411126,27.146137606491664,47760000
26.97455596923828,27.05340448591427,26.56543694970901,26.721149575441377,33718000
27.019683837890625,27.28251097577977,26.956704904607637,27.026130798260336,27318000
27.217050552368164,27.34896163497774,27.076214364887697,27.076214364887697,28386000
27.17638397216797,27.243331711591534,26.875372634365846,27.235397865331503,32366000
27.20217514038086,27.26713848033599,27.025634743344284,27.25325330182428,26104000
27.20713233947754,27.436735297330877,27.091092733983057,27.12828571557167,29326000
26.767765045166016,27.104482506404334,26.567421220305313,27.104482506404334,47206000
26.83024787902832,26.936866749688544,26.400301101916753,26.677510922318778,46962000
26.953231811523438,27.03802976523538,26.68445336019386,26.696849759396873,31722000
26.418651580810547,26.768758621521986,26.233186067673152,26.645278894626806,49234000
27.00331687927246,27.066297700203453,26.44889913211863,26.46873564094278,38508000
26.923477172851562,27.163989640722676,26.888268599216065,27.091588085878954,29128000
27.233909606933594,27.324163257933787,26.84413149919235,26.93041822698677,31806000
27.644514083862305,27.828494562551885,27.278539425555945,27.2949046382024,78184000
28.447877883911133,28.995353028947168,28.184553248660876,28.76475882163892,92168000
28.07396697998047,28.54011356789585,27.88453267944171,28.403741831693786,48062000
27.987186431884766,28.15876864299682,27.81808425736251,27.984706395294968,37178000
27.839406967163086,28.060082925372953,27.720887326741288,27.7957670261414,33622000
27.213579177856445,27.825522048940716,27.11192037979657,27.6990666687902,47240000
27.332103729248047,27.335079395096056,26.96959839223445,27.29986892565613,36572000
27.4154109954834,27.606332186816516,27.145143770469065,27.32366856282467,35260000
26.929428100585938,27.404006069251963,26.896202043307127,27.28250887301028,28528000
26.534692764282227,26.97356657819945,26.393856564951527,26.909594493245102,39034000
26.879840850830078,27.036546643625876,26.45386283195528,26.575358154661167,31844000
27.222509384155273,27.413430603454387,27.176886921476683,27.218542460232854,28226000
27.065305709838867,27.44169619780149,27.056380604685234,27.199694941551265,21858000
26.715696334838867,26.925462790901502,26.530724570125198,26.91802268095449,35282000
26.753385543823242,26.96910144425895,26.728093331209017,26.801983669631728,24238000
27.23490333557129,27.25920428937405,26.902650313455325,26.975547499722595,31736000
27.10051155090332,27.304328545912252,26.902647778252366,27.29391466314115,33440000
27.10944175720215,27.192257200243283,26.890252672404074,26.968109933796644,26706000
27.238872528076172,27.443183282389327,27.131758023465434,27.17539607500563,47126000
27.399045944213867,27.575586330090744,27.03158247415614,27.320197430731294,30840000
27.612285614013672,27.651958633866258,27.239863936616246,27.284495138093554,34170000
27.49872398376465,27.68320011988938,27.45409278255471,27.49574831812216,24266000
27.135229110717773,27.439711778050214,26.925958284692953,27.402518795356663,37474000
27.485336303710938,27.53691009769003,27.104980755436255,27.20911960143813,34844000
27.481861114501953,27.560213998268125,27.31424772660707,27.46252212682138,23544000
27.04249382019043,27.469960552190802,27.028608642586157,27.43326320064512,43446000
27.23539924621582,27.302840726272397,26.95620691732995,27.21159581451539,33210000
27.470458984375,27.710475843210236,27.103491106611553,27.14713105141262,31842000
27.536911010742188,27.67080462791866,27.38119836559819,27.52748838387326,26710000
27.358381271362305,27.57013211891472,27.230934638014197,27.382680331868404,26866000
27.25126838684082,27.439711442929994,27.144649513335406,27.3737568462272,24396000
26.951250076293945,27.268131052395443,26.924966604967132,27.255237131237852,27336000
26.885787963867188,27.018690300299024,26.721643977927535,26.948271262882823,30016000
27.40350914001465,27.511616789886563,27.032080629583827,27.061337872408057,30316000
27.27655792236328,27.514094708012614,27.233413613187267,27.49723386582882,25872000
27.14911460876465,27.217547352001468,27.05786779825938,27.13324502250304,25468000
26.927444458007812,26.97951387571335,26.73949892529643,26.914054908924438,27150000
27.020179748535156,27.110433411224438,26.856533267749956,27.00084075893816,32526000
27.105974197387695,27.19325220510969,26.86843734853259,27.04745780896052,24440000
27.581043243408203,27.634103919778923,27.17539551704082,27.17539551704082,41192000
27.647493362426758,27.666834242783356,27.386650642382726,27.597903980808226,59290000
27.754610061645508,28.048680755230453,27.716425818599344,27.741222403085306,34752000
27.938587188720703,28.013468778679943,27.62914446634922,27.760062395682265,31396000
27.699562072753906,27.901394672044887,27.612284082318848,27.893460825199956,28924000
27.66881561279297,27.926188919344042,27.64451655196632,27.78535273565518,26684000
27.42632293701172,27.770478632563524,27.366319669195835,27.756097824784703,43676000
26.840662002563477,27.319206906545624,26.790575100916495,27.113407381290678,37756000
26.78066062927246,27.071258129999237,26.755864045325954,27.031089480051104,34510000
26.942325592041016,27.06679657852781,26.76677644047124,26.96017769544045,30760000
27.14266586303711,27.17539439967458,26.95570970169703,27.01373044889129,28124000
27.057373046875,27.204160576486395,26.882815159190336,26.89025337771514,25614000
27.276063919067383,27.32416641545881,26.77123741316802,27.14713038726974,33578000
26.86297607421875,27.189279642021923,26.83818138427437,27.05637919589752,27662000
27.009267807006836,27.219034249992017,27.007780920138345,27.207629108859532,29766000
27.577571868896484,27.73526890233056,27.373756748347304,27.45855470449898,43436000
28.352170944213867,28.407711658944137,27.706010723053176,27.74617937211934,41792000
28.969566345214844,29.243800503479164,28.473169338099332,28.489534552723068,74832000
28.95865249633789,29.19321360120417,28.772689507380562,28.947742985460234,41466000
29.84235191345215,29.97723676183634,29.155031860535352,29.23338474239481,112642000
34.694252014160156,34.861869196010716,33.62211572223263,33.72129448676394,257162000
34.358036041259766,34.60400426207421,33.80907577288942,34.166621068706,102436000
34.48250198364258,34.990797837634226,33.92709111290519,33.96329094268302,75604000
34.47011184692383,35.37413924789195,34.29753834919901,34.41655364128525,83100000
33.4599494934082,34.518204240185895,33.30423499609984,34.308931552924484,76232000
32.47013473510742,33.611700728883896,32.39128810731583,33.56112008747575,82622000
32.64370346069336,33.08009533437121,32.31045538646763,32.31144664446251,58382000
32.71263122558594,32.93281155330132,32.402692871636454,32.8167700585017,34364000
32.8004035949707,32.89462606711345,32.37442373787852,32.841563499983586,36756000
32.955623626708984,33.12869272868121,32.317397262340016,32.60254283352619,39606000
32.60551834106445,32.977444405791424,32.59064190382379,32.96256796855076,34922000
32.963558197021484,33.06025881949313,32.6134511700776,32.6134511700776,31348000
32.792964935302734,33.12621298609857,32.75478258804701,32.94471063325484,26188000
33.38854217529297,33.716826346972184,33.006200399573686,33.014629874783736,36448000
33.23283004760742,33.46094422406888,32.76569029062574,33.42325750568146,40660000
32.94718933105469,33.16587896835945,32.6734508334547,33.11529833514387,27544000
32.88520812988281,33.30573232064785,32.74090063558093,33.081087525365255,34458000
34.23207092285156,34.911457160933935,33.93552211583512,34.69226808978544,109880000
34.29008483886719,34.514725771455474,33.74657674335611,34.43984419945063,58498000
34.04412841796875,34.41704573605791,33.82940377183487,34.177524505881294,36354000
34.185951232910156,34.32926745628415,33.865105253744765,33.921637223376614,27598000
34.421016693115234,34.452256456188096,33.87304393246874,34.120003396537776,24680000
34.15421676635742,34.50283311077302,33.985112698441256,34.27025826597835,27710000
34.417545318603516,34.723019292602416,34.0585131383137,34.22265716063154,50194000
33.69550704956055,34.52267021396411,33.48722937149362,34.17256697658716,57798000
31.937538146972656,33.36871038970972,31.891418166114956,33.276966056992876,91880000
30.65216064453125,31.126738628969118,29.41141404338392,29.7838375995172,129788000
30.372472763061523,32.08481790465654,30.332799744475725,32.05853821868506,71430000
32.71660232543945,32.852480354105346,31.260139606216338,31.891421572414288,87740000
33.12422561645508,33.42276071308658,32.28813741784781,33.32407380131135,58974000
32.71411895751953,33.07662047453683,32.41955266056175,33.015128431118065,38836000
32.125484466552734,32.94818700633582,32.052589167728634,32.44881240251621,38936000
31.219968795776367,31.957869555490344,30.996812790137227,31.43072650988023,51458000
31.981172561645508,31.988610779205192,31.27352225988817,31.638505682963128,37630000
31.591400146484375,32.295579238753994,31.430727439330145,32.130939607871,34572000
31.190214157104492,31.46494395422963,31.068223215776317,31.226911511157642,40478000
31.930095672607422,31.987618896192036,31.38559621400263,31.787275088083895,39092000
31.90679359436035,32.59857438096081,31.782318832244048,32.32682213966818,40978000
32.287147521972656,32.47657994008775,31.82199027741857,31.931089185101307,27850000
32.49641799926758,32.49691362825871,32.105151069903656,32.244006639395664,34892000
32.356075286865234,32.52716185313171,32.20879025948382,32.51278104732943,29942000
32.98091506958008,33.168364974643964,32.39922069065663,32.56633845746613,35546000
33.00322723388672,33.129680714647485,32.83858762437274,33.00471412069936,26252000
33.30821228027344,33.81998142157819,32.977446107114126,33.10092583938064,47752000
32.77511978149414,33.21746302370192,32.730982313024505,32.980419923065185,72544000
33.07563018798828,33.17580399475718,32.630313218380195,33.00273489263698,39094000
32.392276763916016,32.67097535684172,31.987124685911564,32.604027613716674,54362000
32.39674758911133,32.743381467920265,32.2697946666451,32.377406705795956,29160000
32.47707748413086,32.56931744550371,31.845301850421077,32.18251495613069,38692000
31.745126724243164,32.659074123106286,31.72082766241659,32.659074123106286,48480000
30.956642150878906,31.879020878776494,30.638769952852407,31.690575939784342,47646000
30.875316619873047,31.47386805727541,30.648193696937074,31.018630953456583,42130000
31.6568546295166,31.703468341363635,31.199633156674903,31.33253359545991,52954000
31.83686637878418,31.92811507582418,31.297326960503806,31.635531300710397,42506000
32.58022689819336,32.58072252721793,31.415354920198986,31.639006571679946,48788000
33.30870056152344,33.375648301219435,32.524679913967475,32.808834194265174,37960000
33.30671691894531,33.66178017493195,32.88222399753931,33.19315357976883,42774000
33.22539520263672,33.65881331694059,32.635766930041534,33.5923611947688,44354000
33.07662582397461,33.31912463406211,32.45625337075894,33.198123043544626,39308000
33.28688430786133,33.428214232948385,32.846523642870494,33.10092129145445,32124000
33.544254302978516,33.62111840780781,33.08852159244433,33.18522220552426,26684000
33.87849807739258,34.140829596415884,33.37961909839299,33.4366504859315,42446000
33.74162673950195,34.21917850798546,33.6667451451537,33.90626636458576,31292000
34.36695861816406,34.423490588881315,33.93899623911965,33.98164303164574,47156000
34.481014251708984,34.52564734412958,34.17256655376191,34.484983066996705,36316000
34.71062088012695,34.72500168821004,34.32679215609925,34.41555893306463,30172000
33.72129440307617,34.61391841535207,33.40788284910291,34.60846271312809,52434000
33.31465530395508,33.96428490972052,33.26010584875353,33.880478210998824,31952000
33.77781677246094,34.12048547264328,33.309685873928714,33.49515321283011,88632000
35.67167663574219,37.316582332827984,35.602746367746974,37.19558075035788,126726000
36.256343841552734,36.44627568678156,35.70589297080628,35.70589297080628,48776000
36.340641021728516,36.496355526337496,35.91020053312721,36.03070268274443,38778000
36.543968200683594,36.56628285661725,36.06542136179441,36.34957569104113,39604000
36.937217712402344,37.03342270931934,36.45668835683246,36.52958743975667,36520000
36.5672721862793,37.00961538322019,36.52462539271881,36.9724242919587,39984000
37.08053207397461,37.102351099818335,36.27270600477491,36.4254467525358,39914000
37.134090423583984,37.27690724184374,36.754226743735636,36.965977609592414,36306000
37.4559326171875,37.683551207665666,37.15293679227403,37.18764974343319,41840000
37.72172927856445,38.00340164348714,37.56304099528392,37.62948932561928,45486000
37.76784896850586,37.838266113345526,37.44203914538811,37.65825443623794,33544000
37.42914962768555,37.85215574227227,37.14847227321365,37.61511265746209,35538000
37.60221481323242,37.718256306786806,37.11375545340267,37.36517553658122,29798000
37.9488525390625,38.13878058173137,37.676105276193994,37.80652757672948,41866000
37.51642990112305,37.97613148399133,37.48320384024646,37.69743285926435,35452000
36.70017623901367,37.45691846497849,36.67041958272683,37.39294827495968,48188000
37.21343231201172,37.27740250220077,36.4155263941077,36.70711892593055,50704000
36.99325180053711,37.438076922730126,36.897542438477124,37.315092832793695,38864000
37.689002990722656,37.74305681978294,37.06317489340695,37.171282551527526,36266000
37.68552780151367,37.848676738229166,37.55113669300593,37.67759017178339,28078000
38.53153610229492,38.64658634351289,37.891826645041604,38.149693700541384,55478000
38.51665496826172,38.8241151515043,38.35846232466683,38.55484109549322,34648000
38.16605758666992,38.48145165914476,37.594778970833715,38.3311928411181,47880000
38.147708892822266,38.33317627208229,38.01232652134756,38.268211045561536,23612000
38.282100677490234,38.382770117150365,38.03563685804571,38.14275325821324,14434000
37.829837799072266,38.433843034029096,37.744044803940064,38.27713726293274,33586000
38.868255615234375,38.928260775611164,37.98356919271066,38.03266294813621,40398000
38.57368850708008,39.32745689791467,38.50326757910973,38.94065444844514,46876000
38.09514236450195,38.90246896222293,37.810000595568624,38.70807647638323,41950000
38.641136169433594,38.80032011305285,37.961753596162154,38.17003129964269,49800000
38.332679748535156,38.72989418233541,38.021746367453446,38.683278578277296,36626000
38.439300537109375,38.61336089691655,37.81347246475396,37.91165997198597,31082000
37.81495666503906,38.48640904040247,37.29227621033942,38.23895399053182,46550000
37.690486907958984,37.989517645749316,37.440553705301625,37.86653356028792,32458000
37.21343231201172,37.56155681578896,37.125656796729835,37.1430151615623,43184000
37.814456939697266,37.89429859326692,36.51122913020849,37.25508108609259,53864000
37.692970275878906,38.41995962886247,37.58932706644658,38.07481268341187,49386000
38.51120376586914,38.75469379632032,37.542215067530634,38.01431112545281,53120000
38.17597579956055,38.75915326493866,38.149692330947715,38.73782986935756,36510000
37.53229904174805,38.3897145632784,37.519405120109674,38.04704573208433,67794000
37.72816848754883,38.003393836134,37.39839369809622,37.83974551353172,34848000
38.04207992553711,38.20126383905244,37.74801305103078,37.90025437574304,36338000
38.11051940917969,38.27863223215675,37.571971187686074,38.218627070064294,30594000
37.97810745239258,38.14472957363239,37.906203423914775,38.11100788955858,10412000
38.79138946533203,38.820151079785774,38.071838341300904,38.184406654224105,31156000
39.37258529663086,39.60714642250896,38.987765366064636,39.02693896958323,38430000
39.19108200073242,39.49655967554057,39.037353797182746,39.37258434147097,28566000
38.581626892089844,39.09339599773387,38.5474095736843,39.068103784825745,32752000
37.660736083984375,37.797605354813236,37.07061220664022,37.797605354813236,67382000
37.76437759399414,38.14473310359051,37.472788854840516,37.891826124773026,45216000
37.655277252197266,37.97265381949493,37.09342319132927,37.21095157135138,48206000
36.74628829956055,37.455922991439444,36.4626334310664,37.01853991923657,63132000
36.245933532714844,37.198559010291135,36.14724660454443,37.08350875731099,47506000
36.35304260253906,36.452720779028354,35.68308085744033,36.29750188930507,50896000
36.961509704589844,37.110281623679796,36.519662174684946,36.73389116544408,46816000
35.68357467651367,37.34137408020718,35.54521852942674,37.15987173001436,51728000
36.26972961425781,36.691245014449656,34.96104595276157,35.9250783196776,55558000
35.233299255371094,35.91119484385276,34.787978510562624,35.208502672773584,76676000
35.659271240234375,35.97020461123329,35.201556040131216,35.71233380217857,48724000
35.633487701416016,36.049547377625125,34.10710194024875,35.005673403288476,82440000
36.03567123413086,36.58116208240251,35.26404868491561,35.71333452906147,51938000
36.96746826171875,37.1212002837436,36.72150383664905,36.7958860273071,47146000
36.38031768798828,37.31459724254527,36.32477697420802,36.88713048466049,45340000
36.38874053955078,36.669917243588436,36.0505362451587,36.45916146035399,30940000
35.58489227294922,36.49288453769845,35.380084007391744,36.49288453769845,42428000
37.10830307006836,37.25012863220827,36.230555463886446,36.606945962310576,62104000
37.755455017089844,37.94191367537337,36.904982129138716,37.141033955305296,75808000
38.222591400146484,38.56079573905824,37.75693853330035,38.2468885694867,111522000
38.72542953491211,40.1853630613777,38.71005368917007,39.696899985498746,135846000
37.16185760498047,39.247119933438036,36.51123299740429,38.99173103754169,131114000
36.2022819519043,36.95654967895893,35.83382916090233,36.92431488361528,104922000
34.899559020996094,36.038147532189555,34.72004294416008,35.97765052349355,109556000
34.91939163208008,34.93724562533521,33.82096811188599,34.10214485923391,89410000
34.7636833190918,35.752512478189,34.14281522756152,34.36349122891852,84300000
35.052791595458984,35.86458275616313,34.980391923325904,35.29776853790344,60314000
35.02848815917969,35.324045693461194,34.2762066670152,34.531595556774036,65004000
35.054771423339844,35.50653530579859,34.79144490524922,35.3185897869384,46538000
35.587867736816406,35.847721097299775,35.217924205934025,35.637952748698396,43444000
36.298500061035156,36.38726685000631,35.536797624908374,36.05203620740171,49154000
35.5814208984375,36.49834209810593,35.48422464827459,36.39718081601734,47276000
35.809532165527344,35.90474589195882,35.36371581647202,35.501576333189426,34918000
36.153690338134766,36.44131405319691,35.8759867696209,36.176500621712016,37516000
35.57050704956055,36.245428835425884,35.49017354088412,36.00739829970938,41332000
35.74952697753906,35.76539845421387,34.81326875766319,35.239244814592205,37092000
36.157161712646484,36.17649880893466,35.3691722013329,35.8501971322816,36146000
35.94590377807617,36.50627091802941,35.80110068075436,36.379321812196686,42474000
35.56703186035156,36.230546505410295,35.5481866127833,35.75448172800261,45068000
36.80431365966797,36.81224750656304,35.63745551829939,35.769364708569626,60112000
36.67091751098633,36.851424842259085,36.36197037920954,36.83903033340874,36292000
36.27964401245117,36.746288106206386,36.182447774695305,36.6709108915388,40534000
36.21171188354492,36.44875116757251,35.983593920971344,36.43883480475191,48516000
35.34785079956055,36.062445647425086,34.967990906401326,35.960289324527984,61690000
35.38404846191406,35.81647526866855,34.911456792475256,35.12915519101109,52530000
35.973182678222656,36.01434258412561,35.34090765342415,35.46537862909297,39544000
36.308414459228516,36.52512161690802,35.86805377106496,36.09120788912516,44616000
36.938201904296875,36.93968879105776,36.533049854230754,36.69422005557142,35380000
37.204505920410156,37.40385848574644,36.87820045363228,36.94316568297675,32824000
37.22087097167969,37.341872547672736,36.83753788813147,36.99523492674588,29832000
37.55759048461914,37.63891904501995,37.019042261615226,37.14549576339584,29306000
37.613128662109375,37.95331553476409,37.55758794820657,37.571968755668735,44564000
37.460880279541016,37.79462012915067,37.28285113778565,37.769331705317015,56222000
37.795623779296875,37.85413826943706,37.25558490087775,37.38650284361155,28774000
37.69097900390625,37.9364515228525,37.58337077678476,37.611141130032486,22096000
37.567501068115234,37.955794186354,37.49162822203553,37.85462913043871,24678000
37.432621002197266,37.56750397041105,37.217400737777155,37.252113683651366,31116000
37.35525894165039,37.60420087850884,37.29376690086252,37.49857137707793,21676000
37.9805908203125,38.04456479477911,37.107807079475975,37.37509487734354,40062000
38.10208511352539,38.54691020969638,38.06439839574429,38.09563815367206,40396000
37.83231735229492,38.13878253356185,37.60172123944539,38.10208707180649,32554000
38.16804504394531,38.18639088382231,37.45047262019789,37.54767265572686,31674000
37.94240951538086,38.30541047044651,37.7772742536606,38.160107935876745,26924000
37.61758804321289,37.83082576493934,37.47030301865532,37.59576902046318,24478000
38.08869934082031,38.10605770627769,37.505022410602244,37.581390895074165,25312000
37.694454193115234,38.15266504605509,37.56452752396481,37.952321232202195,25498000
37.66222381591797,38.042083722175875,37.47874271499384,37.97960041671229,23434000
37.56650924682617,38.04654289699704,37.55659288467436,37.95876739073146,31774000
37.902732849121094,37.93248572041304,37.270457850177024,37.610648487904214,27388000
38.27912139892578,38.46954506244542,37.91612049696891,38.19977536822236,35426000
38.451698303222656,38.66096723532075,38.3440862798703,38.45021141628466,26992000
38.68031311035156,38.72643309537596,38.42888919855408,38.45715897116297,31712000
39.061161041259766,39.10430724842004,38.56179022953772,38.68973061373029,33540000
38.494346618652344,39.22332229040227,38.19779778990652,39.20100763516768,43952000
38.42839050292969,38.66345107068384,38.24738754743505,38.638654486784844,34262000
38.68031311035156,38.76362419076479,38.261275779640975,38.5469170125673,77628000
36.58610916137695,37.38698867392273,36.21914327138043,36.890591762133084,140798000
36.806297302246094,36.93870212553624,36.45371214131184,36.46611043271434,49442000
35.97119903564453,36.97390939873623,35.72076642178343,36.91589054247626,55864000
35.77730178833008,36.059466003152295,35.16337262850262,35.96871671908137,66262000
34.96401596069336,36.16410000054075,34.87177980057911,35.86804685935612,62590000
35.10386657714844,35.31363112782292,34.90054520288574,34.91740793762874,58278000
35.42768859863281,35.47727797598857,35.02848786826442,35.30420889246359,33476000
35.13163375854492,35.376111231101774,35.07658868212303,35.33296881537294,38620000
35.27693557739258,35.45942540137822,34.91393466180809,35.04882140569697,34172000
35.44257354736328,35.58340786689551,35.18172889536913,35.45695435674814,29668000
35.96177673339844,36.001945382557324,35.30570014741897,35.31809843914861,39952000
36.15766143798828,36.4135459970618,35.87846718145269,36.03715548540521,38074000
36.66596221923828,36.696706352834255,36.28064659066157,36.446773118112404,32634000
36.22807312011719,36.73637275837127,36.0966595656053,36.72248758116569,29834000
36.1050910949707,36.467100764219005,35.91664993409312,36.29997921587671,27094000
35.94441604614258,36.26476636015358,35.87895519564869,36.033182805724564,25244000
36.215675354003906,36.33369936195989,35.70489756365002,35.91912655555551,22538000
35.71432113647461,36.49090365851421,35.60572163675657,36.25336873687271,33404000
35.79316711425781,35.98111262986324,35.45793657214052,35.63051002417591,32536000
35.472320556640625,35.72969576269237,35.224369867887525,35.62059685429264,30598000
35.78969955444336,36.08674401536685,35.45744651708119,35.52935434039879,34798000
35.56852722167969,35.878465597231845,35.55315515600746,35.703909605619906,24816000
36.3510627746582,36.40908163708497,35.687544157240886,35.697464304438995,37884000
36.60247802734375,36.69124479417943,36.32973455046976,36.44874981704337,32216000
36.544464111328125,36.75125491478101,36.349575971169294,36.49834412863441,27202000
37.07358932495117,37.08896139043082,36.548426902857365,36.57322348596186,34802000
37.13557434082031,37.3651753988846,36.97291724217647,37.131109896821435,42484000
37.116233825683594,37.260541304222976,36.91192119246867,37.116729454640875,20788000
36.90845489501953,37.05871371711532,36.54793209110395,36.99920418639029,33916000
36.49140167236328,36.770595931210124,36.39470104545775,36.770595931210124,24608000
36.203773498535156,36.622315129272636,36.116001771606534,36.622315129272636,29992000
36.25485610961914,36.53355094153868,36.24047530192825,36.36296376522541,24314000
36.84199905395508,36.885637102022976,36.48693577174352,36.67190373879671,32314000
36.82167053222656,36.8915920551613,36.523139188296824,36.551405174869274,19180000
36.35899353027344,36.67884825680012,36.22609307985645,36.495862795917674,29050000
36.294029235839844,36.647109993122605,36.19187292359751,36.19187292359751,23354000
36.361968994140625,36.498342637148184,36.02723781595203,36.16658523294777,26584000
36.30940246582031,36.55536684597205,36.265760634052604,36.4447810548374,23234000
35.91566467285156,36.2201473816517,35.4837334125387,36.09964142029589,45002000
34.923858642578125,35.77383212371017,34.76863974427127,35.77383212371017,82262000
35.017086029052734,35.5000935219661,34.98138182339865,35.22437245687685,45654000
35.15346145629883,35.47579814839239,34.94419250183941,35.211480320498914,30318000
35.23230743408203,35.41777484125465,35.00468885938305,35.40984099345797,29058000
35.45050048828125,35.4509961172374,34.725493694530094,35.23627149298011,42500000
33.979156494140625,34.96104276413913,33.964775688923886,34.225620265315094,95436000
33.77781677246094,33.88642002337717,33.35729272661218,33.84476450020742,58146000
34.2796745300293,34.35306922722237,33.961802357542524,34.28513023152692,38246000
34.47456741333008,34.688300791810555,34.35009643657887,34.42845121722623,43124000
34.888145446777344,34.90004810804574,34.460183104318745,34.59655672969045,42250000
35.221397399902344,35.334461344259886,34.89806947790894,34.96600848369225,30984000
34.955589294433594,35.11576446110713,34.669951904071915,34.96154062514924,28440000
35.15791702270508,35.357765191656206,34.66350259556553,34.705158124325365,28902000
35.0731201171875,35.21742760096614,34.74632280139746,35.214453827114475,21174000
35.59481430053711,35.600765632497165,35.11527617470045,35.236773392267665,29946000
36.061946868896484,36.14773607742154,35.64886095249556,35.67613567815189,28822000
36.32527160644531,36.478504194121754,36.07682528820751,36.29601436340188,26468000
36.17501449584961,36.47454087970051,36.15220421179245,36.47454087970051,20436000
36.48843002319336,36.50528897771368,36.23006351842713,36.39619005209698,21408000
36.47999572753906,36.74629226191535,36.43089819075422,36.74629226191535,32342000
37.351287841796875,37.447492820416564,36.52362916168582,36.593055044872514,38698000
37.36170196533203,37.51939519058423,37.11771634368943,37.18615096601097,30436000
37.543701171875,37.72024345265381,37.39344235996958,37.39344235996958,22502000
37.411293029785156,37.59676039889288,37.2679768195528,37.539729022096616,19062000
37.65279769897461,37.66122717428025,37.324509740146084,37.55560145992534,20920000
37.565521240234375,37.67958022370046,37.394434656748906,37.5734550873279,21466000
37.571964263916016,37.65180592231987,37.3289736696409,37.56551730443537,23792000
37.78620147705078,37.90918557947103,37.486678852418294,37.637433314518745,32172000
37.97810745239258,38.1333263249172,37.64337253970932,38.12687936545779,73464000
39.24265670776367,39.86748965197744,39.17620459857705,39.558546365718506,101810000
39.71872329711914,40.04353807350582,38.9302381893422,39.01107110759106,60594000
39.678062438964844,39.78716134985954,39.40085450088941,39.539706284418166,39928000
39.618553161621094,39.649301075841734,39.32597315639033,39.497059741976315,29206000
39.53573989868164,39.68202990935872,39.370604635245485,39.58483365491569,21520000
40.015769958496094,40.03015076539793,39.56350663425749,39.67756561496506,36146000
39.93147277832031,40.04900117694204,39.75592173222037,39.969655130847045,24426000
40.04304504394531,40.3331468962697,39.87344534998043,39.894768746040526,32154000
40.0931282043457,40.21164784135088,39.99394944662197,40.02171980145878,18370000
40.0787467956543,40.36041915480617,39.96964789374153,40.191315100155975,25646000
40.02172088623047,40.02866347512785,39.8526168244554,39.92452464166716,17946000
39.96766662597656,40.235453816280426,39.87195726934371,40.02965429641467,18596000
39.73112487792969,39.88336621033289,39.523339048868735,39.84567570725377,21158000
39.940887451171875,39.951303226097735,39.48862413730073,39.67210900347558,21322000
39.8084831237793,40.06883209899758,39.752942412631626,39.93791416794562,17292000
39.65475845336914,39.733113244948676,39.517397320434,39.66170104354531,22416000
39.52085494995117,39.63739206106753,39.39092829152487,39.5982146769493,17056000
39.503013610839844,39.72170709799282,39.47326073325614,39.69591925292536,18350000
39.354736328125,39.59574444443538,39.21389823877548,39.51639840253241,25672000
39.24067687988281,39.4102765832393,39.03884615787921,39.27538982695256,24054000
39.33588409423828,39.64235301906857,39.14694732438809,39.299684266172946,24978000
39.464820861816406,39.59871255910778,39.192073611039746,39.32745597856009,15474000
39.271419525146484,39.5729283869087,39.14992233499226,39.319026386657725,23348000
39.168766021728516,39.25405959584302,39.03735247474071,39.156367732056175,21428000
39.245635986328125,39.31952632306583,38.99421588662354,39.27439760127334,26070000
39.51689529418945,39.52830232852005,39.337874848610355,39.43755303317884,26998000
40.069828033447266,40.21214923065979,39.4454868057042,39.59227244752184,39790000
40.068336486816406,40.19776374760975,39.85658563376365,40.065358929616714,22906000
39.812950134277344,40.089666259653086,39.72220083522674,39.9309779477178,23554000
39.100833892822266,39.758896784574546,39.07951049554909,39.61111610723417,37752000
39.61360168457031,39.68054565655493,38.8538780264699,38.904462456527234,37274000
39.11273956298828,39.463342247594774,38.89503734566469,39.37507109428884,36180000
39.19902420043945,39.49012113147056,39.05372544115536,39.05372544115536,25842000
39.73310470581055,39.85311122922831,39.109754827653475,39.17670256976002,31144000
39.57143783569336,39.623509141180904,39.35572196315992,39.623509141180904,42612000
39.443504333496094,39.869979863443554,39.35275503822702,39.727159253624826,22990000
39.661197662353516,39.8084826978531,39.58582044325571,39.67210906625243,20984000
39.92155075073242,39.96519258740044,39.4752387210365,39.73459646229607,26970000
40.46307373046875,40.61729757663681,40.054452234070325,40.168011803845225,35186000
40.413978576660156,40.51513985173427,40.303392784561225,40.422903681301484,28234000
39.803531646728516,40.171988350043016,39.69443271671961,40.15909442739527,29454000
40.20420837402344,40.341077628158295,39.76285648404533,39.76285648404533,27346000
40.170982360839844,40.18040687743677,39.809967758800916,39.87443357104302,29406000
39.80303192138672,40.36191228220349,39.71476077164047,40.03065049371682,27000000
39.873443603515625,40.07329178970308,39.7464944906586,39.85063332153985,33204000
39.69095230102539,39.84765427874115,39.48515279168527,39.79856053054376,29784000
39.810462951660156,39.9944434366282,39.655743490603086,39.92005747967014,25174000
39.73310470581055,40.093623688437845,39.707316866861795,39.96964835001755,24276000
39.82484436035156,40.01675869450655,39.697399622135485,39.87443373793204,21998000
39.70731735229492,39.966675064939814,39.514411753622035,39.966179435986824,23262000
40.37480163574219,40.533985551315936,39.78319090953712,39.86699760521317,29922000
40.146690368652344,40.65697258095822,40.037591454310316,40.374804560718644,34432000
40.25579071044922,40.39116931675428,40.09611114868338,40.26521144516778,18158000
39.87443542480469,39.99741950780033,39.60367446068782,39.97312233863162,27380000
39.90021896362305,40.17247056869305,39.78715503880597,40.041552653071136,22238000
40.01130676269531,40.34108164064635,39.86204298695418,39.96915559860903,21128000
40.73780059814453,41.10079771896165,40.33314416254673,40.37678220965238,45786000
41.003108978271484,41.1498983905107,40.80673396788785,40.80673396788785,30002000
40.744747161865234,41.083942776470344,40.69118896392038,41.038814054720824,27878000
40.86524963378906,40.8766566674164,40.58010784395228,40.66391454440971,32316000
41.444461822509766,41.55356073443632,41.11220879686245,41.16428010789189,28952000
41.087913513183594,41.581333001019736,40.926743282825875,41.581333001019736,37814000
40.76805114746094,41.046254116175696,40.48290937326526,41.01699309022727,35898000
40.53250503540039,40.99022034531124,40.39662700995681,40.81318619243059,59470000
40.64209747314453,41.60612995611763,40.51514456045022,41.156844146689444,87098000
40.163055419921875,40.79433923652316,40.06883672174189,40.784419089286764,44854000
39.94386291503906,40.3643908598248,39.58582205559819,40.21115448717782,47118000
39.09785461425781,40.00733748424458,38.92825493452232,40.00733748424458,47014000
38.788909912109375,39.17620800207094,38.6123676331153,38.90346073678692,43504000
38.73485565185547,39.10083034211921,38.233994217349625,38.248870652847216,39412000
39.77277755737305,39.920058805970264,39.32001862451289,39.42167930961891,39852000
40.266204833984375,40.467539944256316,39.653270613565205,39.77278531427704,35382000
39.949317932128906,40.25280933150319,39.277373687692986,39.76285928752729,61970000
38.69468688964844,40.17098393698969,38.096629213823995,40.16801016326997,118192000
38.27119445800781,38.545920491149815,37.96323857967161,38.52211894770034,71852000
37.3522834777832,38.27267784194953,36.87473171458264,38.27168658399166,73766000
38.44029235839844,38.69221187384428,37.94736851564315,37.95976302390478,58878000
38.67931365966797,38.85386963164312,38.0024093829705,38.20523133813976,35968000
38.985774993896484,39.1216529782296,38.672862910245144,38.80427645114358,30674000
38.4804573059082,39.240177027686165,38.44971317756701,39.035868182676,36126000
38.9183464050293,39.00512688636865,38.49682715722096,38.58608956713679,32616000
38.92825698852539,39.363161938984966,38.86577368920534,39.126122661419124,27884000
38.630714416503906,39.15240358493448,38.31581601216383,39.15240358493448,26260000
38.691715240478516,38.82412006339192,38.590550177046076,38.809739256102695,12270000
38.96744155883789,39.65922242289533,38.58609094934531,38.59848924238869,51508000
39.148433685302734,39.495563093787545,38.945112329313915,39.095866753406405,31240000
38.47599792480469,39.25109359617068,38.34061931970273,39.13158268627295,45582000
37.90322494506836,38.610877097627665,37.35922113621521,38.60839895306005,57342000
37.9096794128418,38.209205806714394,37.638918418784954,37.78273028415342,34376000
38.592041015625,38.680312167748255,38.03415189782094,38.1844107297002,33770000
38.490867614746094,38.94213964178725,38.349042073936005,38.68972453266154,34682000
39.24911117553711,39.27539086346188,38.359460882219835,38.67783252909305,40588000
39.432586669921875,39.62251849051618,39.07256332010588,39.322496510051494,32250000
40.1407356262207,40.165532207710385,39.57540837578578,39.63739604608283,38090000
40.063873291015625,40.234959873944966,39.89675552333381,39.91113633053669,32572000
40.43281936645508,40.877148826659145,40.26421472187155,40.28652937481459,42564000
40.55927658081055,40.87516625794876,40.305870201888204,40.46158471019402,35994000
40.44819641113281,40.81268422036397,40.2671896872104,40.53299436488209,35394000
40.16007995605469,40.62424218801325,40.07478258380665,40.580108506608354,51978000
40.2919921875,40.47646834125885,39.895269520282746,40.132312619227626,25272000
40.425880432128906,40.48985440647992,40.21760275231205,40.33513114188209,25438000
40.2771110534668,40.451667039307594,39.92502152449157,40.451667039307594,29192000
40.15214538574219,40.22107564952607,39.97113865211529,40.123383770654364,22632000
40.05890655517578,40.21610793373387,39.92551049728887,40.06932232882609,15310000
40.16453552246094,40.46554875699755,39.95973105278439,40.10254785470101,19520000
39.898738861083984,40.33314821026562,39.79311313528553,40.33314821026562,24296000
39.8149299621582,39.95725114232601,39.579873198421986,39.787655235629515,21148000
39.29770278930664,39.835259656691534,39.15736035016041,39.83129084182486,34718000
40.06932830810547,40.23941984674428,39.51788622033972,39.702854194904596,39180000
40.05742645263672,40.33810757528948,39.87592787720034,40.1625565476015,30306000
40.31777572631836,40.35347993020166,39.96568619388392,40.04403719083414,26810000
40.92228317260742,41.10824620622748,40.24240123206535,40.415470344409016,40342000
41.01997375488281,41.18114019886735,40.74425269352273,40.97980510527993,28178000
40.961944580078125,41.13055299904202,40.81962341108531,41.01451151316652,23948000
41.152870178222656,41.154852694030204,40.73681048196341,40.99219937898795,26508000
41.13650894165039,41.178660105260526,40.713998480740365,41.07947755844788,26990000
41.20642852783203,41.390405238780495,41.13601138212753,41.20940230155456,25804000
41.03385543823242,41.168738399991994,40.82260021577669,41.15981329531637,28818000
41.11122131347656,41.15039870759237,40.86624436813626,41.1499030785601,20554000
40.88062286376953,41.308589050350946,40.86029450774119,41.11022772926218,21410000
41.06906509399414,41.12212766134273,40.892027182126576,41.114685659918514,26124000
41.87540054321289,41.93044562655304,41.09534864255038,41.23965612545367,49148000
42.12831115722656,42.2269942903419,41.768779631954004,42.00185388462575,33768000
42.570655822753906,42.58751477519403,42.13872461845083,42.32766519877117,33108000
42.49774932861328,42.69710186632082,42.17739902072821,42.60040126258836,69866000
41.905147552490234,42.99464203365003,41.7499324704852,42.5979232559827,75050000
40.853851318359375,41.51835745440374,40.71499573238062,41.50992797712627,70338000
40.673336029052734,40.81615663281486,40.336618550613004,40.639118710966834,40404000
40.42786407470703,40.86227339981706,40.279587780187946,40.86227339981706,45020000
40.57762145996094,40.89004172708558,40.26966942011146,40.415959408106055,33784000
40.67036056518555,40.967900639756444,40.63167880428613,40.81913249418466,30562000
40.74425506591797,40.782437418314714,40.380758465752464,40.70954211672651,27018000
41.12163162231445,41.255031495086214,40.82706908524538,40.93666363173222,33332000
41.15386199951172,41.37057292412029,40.91731834970197,41.18609679896117,26044000
41.16278839111328,41.258002122135224,40.98624989062791,41.24560383092649,23884000
41.40032958984375,41.514384795626334,41.18510931581262,41.30610711108008,28302000
41.60414505004883,41.74200557655793,41.46975392643804,41.54165796360543,25914000
41.65719985961914,41.754891728416695,41.4489222027776,41.64430594037271,27266000
41.5228157043457,41.74349166835377,41.468266249563726,41.59670225604755,27144000
41.763328552246094,41.78911260951294,41.51983851944751,41.581330563872754,20102000
41.98052215576172,41.99986303205479,41.64479602142258,41.72066885655192,29224000
42.115413665771484,42.260712393785354,41.980526928682885,42.05193911208206,25206000
42.21906280517578,42.33956497001687,41.988466684456796,42.0524406595054,24488000
42.20120620727539,42.28154350116454,41.77969079569566,42.205175022443974,27734000
42.04301834106445,42.07029307110475,41.802505844371204,42.03508449324998,26924000
42.135257720947266,42.184847106668066,41.80498719091664,41.90119218825459,20206000
41.90019226074219,42.09359727432697,41.727123168204734,42.02020257062519,27662000
42.486351013183594,42.548338683886556,42.103017956057506,42.22005070861212,36374000
42.1441764831543,42.47345570558734,42.08814014521589,42.46452681776513,25018000
42.10599136352539,42.19227998617091,41.88928422414319,42.09904877473447,20100000
42.016239166259766,42.09905461428357,41.71373899122688,41.99590702602129,20958000
42.208641052246094,42.316748693394544,41.92945062866984,42.01573546327583,20774000
42.332122802734375,42.495275530197596,42.21360316494218,42.30633496352121,20576000
42.540401458740234,42.682726423260924,42.284021297759324,42.33460571946281,26954000
42.71744155883789,42.857284602286036,42.529000390475204,42.781411749266475,26732000
42.8746452331543,43.00109873372764,42.6881865708931,42.68868219990831,23332000
42.94059753417969,43.023412972764405,42.653965087417475,42.83348114251216,21234000
43.06357955932617,43.137469896037594,42.711985652997825,43.04126490464497,26658000
43.14342498779297,43.277816123435485,43.020440886692334,43.16970846008566,22090000
43.260948181152344,43.362608871455045,43.062586873676324,43.325909627095676,37366000
43.03977584838867,43.16027800433553,42.8791050459838,43.11763121306919,30844000
42.15856170654297,43.31549976676178,42.03706450117131,43.14639569391614,50760000
42.14170455932617,42.41693000021979,42.00284898291216,42.12583308053658,27334000
41.63835906982422,41.73952413545238,41.30858796954817,41.72464769885976,65754000
41.414703369140625,41.8540727315643,41.11518081411612,41.754890196164865,42114000
41.58182144165039,41.724146394759245,40.87714683132068,41.06509234598481,38692000
41.68696212768555,41.92350579956987,41.27238549049056,41.64034651723007,30384000
42.145172119140625,42.230465707265346,41.72415231402535,41.7920913204996,29146000
42.125823974609375,42.25079056128433,41.991436655242296,42.24979930346693,18988000
42.04252243041992,42.12980232264976,41.91557329938347,41.994419931403485,28820000
42.486351013183594,42.5979280637635,42.02912762348738,42.08962840731375,39388000
42.2790641784668,42.300387573764205,42.02813594100939,42.05243689345709,26970000
42.09756088256836,42.67677329553745,42.02863062525979,42.385184573282025,37104000
41.908626556396484,42.329646342464315,41.8540771020873,42.12682059020596,30672000
41.75985336303711,41.94730326120509,41.52182282729505,41.90366521245205,22232000
41.740020751953125,41.9899577562754,41.694895812116435,41.73208690447786,20924000
41.6497688293457,41.88532125214234,41.387932934582466,41.74002249621818,19486000
41.728118896484375,41.84019157800632,41.53620455004589,41.5793469707938,22716000
41.664642333984375,41.8406889941235,41.54910024475379,41.707289127586236,21474000
42.40602111816406,42.43131333318704,41.70679825461488,41.7241566214848,20982000
42.349483489990234,42.51808814517669,42.21360548114079,42.27757567030453,18724000
42.474449157714844,42.657434616117435,42.326668489768906,42.518087207486694,21606000
42.6514892578125,42.84240857293472,42.52354509231196,42.634626521743776,23776000
42.5954475402832,42.76852042174209,42.534950537888896,42.678262980271256,23458000
43.58625793457031,43.63733798513272,42.95051352925195,43.06605939579338,33930000
44.077693939208984,44.24679419965189,43.60361164510902,43.75138851215543,40760000
44.09257888793945,44.28350199098391,43.894713195392065,44.20415594899179,26466000
44.20663070678711,44.30283569444593,43.995379263853415,44.135222301207726,46846000
45.84708023071289,46.41141251059914,45.782610624123535,46.06924310036823,76918000
46.25867462158203,46.40744655938138,45.66260317922378,45.82872969915744,46556000
46.47042465209961,46.76300844888873,46.168420120902084,46.28099222194127,35026000
47.03376770019531,47.120548172946634,46.37719550414564,46.418851039088835,36496000
47.344696044921875,47.56388511814019,46.98020823231259,47.12501134273626,38752000
47.124515533447266,47.52917199142288,47.01640788415368,47.44387462481954,32310000
47.54157257080078,47.6556277731692,46.98169720087836,46.98417912925206,37534000
47.44337844848633,47.71563008444086,47.328827623964095,47.67248766438514,33758000
47.350643157958984,47.44337495113767,47.10269249301576,47.41907778362263,22920000
47.402713775634766,47.506856391130086,47.041699157798405,47.174599602995826,20622000
47.36552429199219,47.506358588677905,47.212787333116125,47.49991541203768,24298000
47.56785202026367,47.740425493350756,47.250475431059215,47.37296389248894,26754000
47.83514404296875,47.89911423370627,47.6238925898093,47.782580885888294,22030000
46.72234344482422,47.65562796915042,46.61770519282144,47.59165777842609,48982000
47.13542938232422,47.31791922016584,46.67771033389201,46.77341969716023,36010000
47.341224670410156,47.584714706053184,47.20981110392905,47.250475381367266,27206000
47.80836486816406,47.84555974302487,47.43594319112979,47.457762216999214,27748000
48.129703521728516,48.32607851042586,47.829681553696936,48.10044628167771,30908000
48.479820251464844,48.505108681809546,48.183271409626435,48.36328311330245,22660000
49.18647003173828,49.38086629772243,48.4902248662543,48.54874313265583,39082000
49.25639724731445,49.41111671969681,48.96331784181177,49.19341453452653,32728000
49.40020751953125,49.47211534031888,49.16168134034805,49.21821331226264,30324000
48.94993209838867,49.57030448989573,48.68164925397249,49.402195455543115,34482000
49.00944137573242,49.24995386101215,48.66230812047207,49.14184620402956,26128000
49.39772415161133,49.41557814353062,48.94893404322692,49.02431125895228,34710000
49.78255081176758,49.957106805966305,49.36450477446576,49.485506352515124,27578000
49.425498962402344,50.01710970920637,49.33227152977824,49.75428258005045,31042000
49.66452407836914,49.78403497945871,49.38532984527418,49.54500939385229,27482000
49.80238723754883,49.8678443164769,49.4225273345688,49.79990530911829,33758000
48.10837936401367,49.862879232765955,47.27774313975297,49.86238360385275,72958000
47.696292877197266,48.003257481100995,46.45604373663614,47.543060281458054,84042000
48.127227783203125,48.49468935371341,47.7062042356973,48.203596258561944,40108000
47.999786376953125,48.58346332407486,47.58223595357626,48.37518563311959,30110000
47.61546325683594,47.64025984216058,46.63308489716238,47.01244919537756,48552000
47.5380973815918,47.60405386865865,47.04616482162544,47.502888807700664,51184000
48.36129379272461,48.56362012415284,48.013169314281434,48.08507334645963,29376000
48.05234909057617,48.637512873246415,48.013171700930485,48.365756857459786,25946000
48.528411865234375,48.57601872883594,48.0751572948245,48.1416094089704,23232000
48.43072509765625,48.623135088158875,48.26658109423568,48.44311960624691,20190000
48.900333404541016,48.92661687041805,48.32359917567992,48.37517484961626,31280000
48.206077575683594,49.29210282004451,48.118797690918115,49.09423713824361,30358000
47.01591491699219,47.9645752944747,46.96632553365375,47.68588046305057,48872000
47.6566162109375,47.76720200383688,46.42430101204504,47.14336026379813,54912000
46.506622314453125,47.19295115976187,46.09899207409233,47.17757909465586,64134000
46.10296630859375,46.862686165904364,46.099493121927225,46.812601149464896,45754000
45.59614944458008,46.32909391918535,45.390349910724595,46.278509494741044,33896000
46.23089599609375,46.43074416996938,45.55498300319201,45.831199648342476,41882000
46.00428009033203,46.42331741972434,45.61549504962675,45.87088399296742,40298000
46.6548957824707,46.84581886255221,46.10841001006058,46.167919534397264,33266000
47.16021728515625,47.2658467841332,46.71142717202017,46.71142717202017,29030000
47.28568649291992,47.35312987294375,46.86863548745565,47.136422708071954,29224000
47.98638916015625,48.08408102934724,47.45974368524639,47.649176092919355,32042000
48.04540252685547,48.533865650869195,47.84456308891189,48.14210313710338,30492000
48.44510269165039,48.47634245069902,48.10987211753097,48.30079520834739,21592000
48.397987365722656,48.7644576679254,48.14210285013473,48.41584135754705,33210000
48.942989349365234,49.13639059596176,48.20360168122749,48.269058760287045,28266000
49.231605529785156,49.37194420920344,48.94596431395678,49.09473625346251,28242000
49.20283508300781,49.52467229278483,48.82743589851954,49.441361232310015,28368000
49.284664154052734,49.34764308459168,48.80512609631996,49.04464731069936,29266000
49.50633239746094,49.897103692369484,49.10762725537784,49.297559092292246,79690000
48.0543327331543,48.43617514191292,47.79497500253441,48.13714817516883,118672000
47.86985397338867,48.298311967463555,47.617938258242155,48.24029311170584,44432000
47.235103607177734,48.07863387958749,46.468936858231274,48.06177114366829,74358000
47.52371597290039,47.69529817946804,46.87805142208544,47.010955652473044,36276000
46.88747787475586,47.665547275688176,46.70051981236371,47.606533375916996,45670000
46.940040588378906,47.333290023203226,46.86069833421592,47.002028261461085,28052000
46.993595123291016,47.06599856612127,46.24379177357356,47.02979495299263,40788000
46.62960433959961,47.11062926480969,46.586957548998946,47.06599995839331,22478000
46.90185546875,46.98863593588124,46.604811041169754,46.81060677422712,25092000
46.89987564086914,47.05906335758708,46.78829857720358,46.98765116143613,28916000
46.822513580322266,47.234112649723684,46.737715621479595,46.82747365367446,30102000
46.61870193481445,46.80119177938233,46.31322421079705,46.537869005155024,28018000
45.800960540771484,46.43124931832855,45.711202503418164,46.36678349475481,54148000
46.123294830322266,46.28545253059152,45.68342977220273,45.80690949370734,32334000
46.56166458129883,46.66629904028285,46.34148425966757,46.56860716996804,23012000
46.51951599121094,46.76697105224863,46.44810758478902,46.66580599029485,22130000
46.826480865478516,47.1056713162166,46.616712522265445,46.676717679241115,26906000
46.002784729003906,46.80366436155835,46.001793471102964,46.76101757125523,33914000
45.92939376831055,46.16941061984023,45.79401516868831,45.96906678814283,26748000
45.666072845458984,46.032047577115684,45.553504525158544,45.90906726416016,26024000
46.63456344604492,46.71192317895294,45.928893766235085,45.96807115334627,35502000
46.74267578125,46.88400571291574,46.3786835784454,46.46595968241181,22690000
46.46050262451172,46.92763857425652,46.15552057307429,46.798706948541536,25892000
46.14363098144531,46.65093567787069,46.123794469629324,46.575558446341056,23746000
46.02609634399414,46.35934061711738,45.92592254041235,46.2120593607125,20988000
46.40397262573242,46.52497420342654,45.588712105293304,45.620451278430565,23172000
46.794742584228516,46.90532838288006,46.31966895942855,46.40000625624222,22406000
47.3704833984375,47.46767964301148,46.92466703864264,46.92714518345369,33866000
47.209320068359375,47.52372291390351,47.12452210232832,47.48107611637074,20858000
46.68812942504883,47.17956641348492,46.39653687018973,46.95492161145415,29148000
46.714900970458984,46.837881267362846,46.25172626171987,46.806641510047506,27830000
47.10517883300781,47.135431119717744,46.492244652362224,46.825492734615516,22332000
46.684654235839844,47.14534707117215,46.615228340858096,47.09575768667482,19998000
46.77787780761719,47.24352685685665,46.6643144657636,46.97177465285487,26748000
46.94449996948242,47.0159083688702,46.4907497974481,46.957889517295996,25696000
47.13245391845703,47.25196861231679,46.84979026044455,46.88748076600759,21908000
46.62117385864258,47.012936379145025,46.53339835113722,46.912266952261305,28548000
46.381160736083984,46.70151488008592,46.18081690762232,46.619195067805805,39886000
46.1064338684082,46.45901905237937,45.89071796093438,46.367278500176035,29474000
46.459014892578125,46.51257308874732,45.95319715307209,46.287932095702274,24854000
46.98863983154297,47.11063266470182,46.49075591911363,46.50216295273148,40080000
46.9891357421875,47.24948473358056,46.58398741638677,47.0179011408994,27414000
46.776397705078125,47.11063706328396,46.65639116010081,46.75210053203218,21496000
46.33106994628906,46.6023265197389,45.846571867137655,46.587450085254346,37468000
46.487281799316406,46.817056675358884,46.37273097015795,46.4505863376786,33454000
47.60157012939453,47.87580427556471,46.71142810290496,46.75060549047988,46692000
47.845069885253906,47.91300511600982,47.38586389491431,47.420576845581806,28018000
48.28690719604492,48.39055039686221,47.90406977893534,47.90406977893534,40622000
47.97697448730469,48.4862654467882,47.70323594067365,48.38262223379601,30782000
48.20558166503906,48.22343565844154,47.74092382529935,47.981432514979794,21666000
47.94275665283203,48.32063403738987,47.88473400928468,48.18971609694457,21156000
48.855712890625,48.921173757707976,48.11582954153934,48.24079616041293,35618000
49.274742126464844,49.30549003881309,48.52444312392938,48.598333455929044,31060000
49.20878982543945,49.61294686586422,49.16862117919108,49.342185900547776,25910000
48.985137939453125,49.46467599871771,48.65338055030203,49.3570639761873,23268000
49.87031936645508,49.96553308942474,48.99207624878739,49.0466256987507,36300000
49.87031936645508,50.16240371148333,49.64468334919112,49.780561345167136,30614000
49.98041534423828,50.32208910626672,49.94024669548672,50.04190738984053,26552000
50.05380630493164,50.18521987248722,49.665516933576164,50.06769148351542,21420000
50.13562774658203,50.312170026590096,49.89015898984371,49.95908925000116,20260000
50.22191619873047,50.398950323668224,49.85395520422401,50.138109503109504,25596000
49.68138122558594,49.953137230765876,49.456244609722525,49.825688703861445,34284000
49.8415641784668,50.01909394476749,49.70270860757402,49.93975168768478,32120000
48.87306594848633,49.87726701857971,48.752064375047425,49.84701473350631,32786000
49.01935577392578,49.05754190601021,48.45353286580902,48.920672638766945,28902000
49.16664123535156,49.31392249587297,48.48527245064435,48.90926602189364,30574000
49.164649963378906,49.91296641964943,49.11753873057671,49.51426131724332,47396000
51.25983810424805,52.74506415043374,50.92163374493934,51.126937649734316,103682000
51.233062744140625,51.56531577185104,50.697488327772334,51.03618831577811,46804000
51.22859573364258,51.623332045146604,50.89435642328823,51.226613217782514,30326000
51.70267868041992,51.96352328927829,51.27620319307173,51.39125343255267,43262000
51.72102737426758,51.84748465391126,51.01139258492195,51.57325048084959,26694000
52.06914520263672,52.102371258383826,51.457202372449544,51.71011311584816,27770000
51.70664596557617,52.19808670378432,51.672924276958234,52.025017599763366,18294000
52.18816375732422,52.23874817925111,51.722514668837015,52.05228575215725,26104000
52.48074722290039,52.69894125279004,51.923353811073085,52.07212195189413,24276000
51.956581115722656,52.11328310713722,51.36794414797307,51.970466293869634,35892000
51.779537200927734,51.90252127409666,51.63423847620062,51.76565202439017,19442000
51.63324737548828,52.007155885305686,51.537042397267165,51.61341086845614,18814000
51.65507507324219,51.68780550451338,51.04461904670121,51.46068256847816,21012000
51.39570999145508,51.55538952612461,51.11552452481637,51.32578847788494,18106000
51.99376678466797,52.15691950259694,51.474559545217346,51.51175063158058,23768000
51.36992263793945,52.11923035360443,51.26281003638333,52.05972461388224,26712000
51.308937072753906,51.50928090980651,51.21074577853023,51.37538541015037,17526000
52.08452224731445,52.08898669157897,51.531097629318225,51.57572693825396,22206000
52.16486358642578,52.338923958249026,51.93327619739667,52.127173080315636,14538000
52.39297103881836,52.56901768746949,52.1648568657483,52.287345319683965,16492000
53.1611213684082,53.21220141941328,52.30618788455397,52.49463282792565,35430000
52.728694915771484,53.55734487691001,52.29478124200022,53.25930919978897,36424000
51.443824768066406,52.5045579530095,51.06049164078053,52.37611814403881,55866000
51.38381576538086,51.77905152720008,51.08131938032623,51.5707738390926,45092000
50.8333740234375,51.436883753486626,50.428221855276455,51.09818371428343,37762000
50.178768157958984,51.144291173897486,50.04735460285429,50.968740158844284,38778000
50.56210708618164,51.40910678152146,49.70519102739374,50.13513594379078,38998000
51.21272659301758,51.552913441340976,50.34935987748786,50.40936503140444,28710000
51.80036926269531,52.01608514583892,51.343645285821324,51.378853859003144,30866000
52.03890609741211,52.38801810167434,51.864346311853325,52.159408268508535,31170000
52.16733932495117,52.36718753032225,51.778058690010525,52.12469253060521,23254000
52.00864791870117,52.68952105083513,51.81524668528287,52.06964433259001,33882000
52.13857650756836,52.34139848224902,51.900046545329204,52.17279382474139,27680000
52.44009017944336,52.9166507349254,52.24817580839837,52.34190266328053,30962000
53.16062927246094,53.32179949965731,52.570013542356556,52.752999012399336,63760000
53.80976867675781,53.87919457309289,53.07980172378246,53.38130685211156,30292000
53.54643630981445,53.803811510787355,53.17401465506314,53.70711089541895,26350000
53.23798751831055,53.618343011955645,52.99201935540864,53.60297094763105,28728000
53.10360336303711,53.434369520971565,53.011862810591076,53.32874378923334,25640000
53.004913330078125,53.146738878655704,52.94441254719107,53.06144529792869,17788000
52.855648040771484,53.00491559685436,52.498102813475725,52.99400419260771,18376000
52.575462341308594,52.97565814262383,52.48520868414274,52.89284270344113,22324000
52.36471176147461,52.80556809957497,52.2372632182235,52.67712829828397,19884000
52.23824691772461,52.46884301517318,52.20353397421298,52.34189390273837,23606000
53.22063446044922,53.357999362017694,52.21941091232708,52.21941091232708,31766000
54.12862777709961,54.355750700510285,53.23154311672444,53.256335915730126,31318000
54.33888626098633,54.751476560448786,54.26450408287468,54.40484274679612,26052000
55.0594367980957,55.22258954087465,54.638416989259554,54.720241175148296,30250000
55.25382995605469,55.4993025166289,55.04505664237201,55.09464602680576,24644000
55.183406829833984,55.46359230752594,54.95578828833966,55.46359230752594,26808000
55.0519905090332,55.18290843057705,54.74651661990654,54.89627600748767,20734000
55.14671325683594,55.28556503634139,54.87049658472819,55.15960717685105,22424000
56.069087982177734,56.10131899756164,54.9463673433554,55.05001054507235,38586000
56.07156753540039,56.97311661601301,55.87122371564505,56.54812802368967,36462000
56.48813247680664,56.49904009850727,55.714028061115734,56.35225445885429,27830000
56.33290100097656,56.562006406673895,55.762118110626936,56.500514372014514,27498000
56.70631790161133,56.720203078701616,56.16082718016707,56.43506131941373,30552000
57.73085403442383,57.86574078088286,56.62300979947485,56.722192343467434,29550000
58.32643127441406,58.44247277294646,57.884088088915895,58.05120585591647,39138000
58.08443069458008,58.86597325427586,57.89152509119523,58.763321307092504,37128000
58.62248611450195,58.764315457472286,58.11170828169678,58.551573334730485,29984000
58.891265869140625,58.891265869140625,57.922772751632536,58.88977898213961,42170000
58.83770751953125,59.408986114209235,58.71769720777798,58.913084740245644,31494000
58.38594436645508,58.90961613703098,58.244115018829305,58.4033027319393,37338000
58.6264533996582,58.82977478286543,58.12460068518997,58.70530002463101,36022000
58.595211029052734,58.8858123025016,57.98872383699025,58.31750745953423,73514000
55.501277923583984,56.10131810025755,55.10306844525168,55.90890813522095,117842000
52.68406295776367,55.292505129117984,52.40388126656308,54.57939722930204,83550000
53.777034759521484,53.92332476135925,51.07833873275728,51.275213158237804,76630000
52.33793258666992,53.881177582348684,52.29875519358381,53.803817837642576,51942000
49.97248077392578,52.7604354198397,49.823213214703266,52.55910033343243,66792000
51.88467788696289,52.15494325576477,49.441370595626765,50.87353415422336,98360000
52.295772552490234,52.841758900887086,51.84599118550171,52.4004070092241,56240000
52.27495193481445,52.6260502237265,51.9169110564332,52.06964802475591,31586000
53.19533920288086,53.33270409658668,52.05972837561951,52.28387374049977,41304000
54.12069320678711,54.256571212523454,52.9240821910196,53.728435037863214,37396000
54.32599639892578,54.96124517382604,54.13011323977028,54.22086252426643,39948000
54.7271842956543,55.35697742181171,54.05325370420619,54.190122977680886,33754000
55.231021881103516,56.34432195580259,54.92157911573324,55.00042953171927,41486000
55.04008865356445,55.811711017343065,54.80453627380838,55.49979016418754,28010000
55.942142486572266,55.9872712108776,54.967698009947114,55.47450705289825,25292000
56.716243743896484,56.741036543518234,56.00412704241539,56.12909364877986,30912000
55.417476654052734,56.74351877326241,55.381772449677165,56.71624404513445,42964000
54.74354553222656,55.92032007840852,54.69792496509287,55.64013458167167,49292000
53.13136291503906,55.10802561292782,52.927050299337004,55.02223640954564,55338000
53.76266098022461,53.89903463681053,52.07510839217437,52.46538032442038,50162000
54.2892951965332,54.60766301593922,53.174012787298004,53.46461403558384,28648000
54.59377670288086,54.82834160824872,54.27640014796475,54.65328622571274,23382000
55.294986724853516,55.35251373694703,54.04878630713491,54.19309379120403,30748000
56.00611114501953,56.108263680275236,55.40210212118872,55.40210212118872,33862000
57.56621551513672,57.57414936212211,56.249597958853435,56.507960640273545,42662000
57.81863021850586,58.42511738881455,57.484886534640694,57.77498838527019,44306000
56.52829360961914,58.41718483569654,56.26348396423701,58.11121150101052,43140000
56.973609924316406,57.51265369061829,56.64929077575586,56.82037734611677,41870000
57.05890655517578,57.648534772424746,56.31753642186147,57.00733465855208,33382000
56.25605010986328,57.36637261327079,56.10430439491228,57.293972942349725,58656000
54.5526237487793,55.50970975837877,53.99969099855427,55.42987187779874,63656000
54.340877532958984,54.82438065206572,53.67735893275285,54.46980917576911,54598000
54.251617431640625,54.980593142219256,53.914899935480875,54.180704646740715,44898000
52.22584915161133,53.75173546748775,52.05178503253973,53.557838624870314,69312000
50.90675354003906,52.901766014173454,50.82344247471146,52.13758183628975,49880000
52.2724609375,52.529340486721786,50.11479530706683,52.099391859798786,65984000
49.93429946899414,52.79069280837103,49.47211972271785,52.758953633267176,60816000
49.847007751464844,50.82938965844152,48.79669063254584,49.68485007804938,77698000
51.431915283203125,51.97294539534583,49.790482890945164,50.146045610588935,69338000
50.216453552246094,51.55042925909805,49.30498823465452,50.959809872882175,65068000
50.51648712158203,50.829898715117885,49.45377143224254,50.391024871730004,51322000
51.06346130371094,51.2137201179156,49.41706887438984,49.50236245886498,50724000
51.208763122558594,51.90649525559335,50.78030509168495,51.89062756065063,35836000
50.08356475830078,51.37538582535566,49.90007987275958,50.73567254614326,40134000
50.586402893066406,51.80135970518827,50.542265432473954,50.58392096488634,33220000
51.40018081665039,51.63375070876464,50.3543241899875,51.09073807094484,36620000
50.83287048339844,51.36894056626015,50.542272971069025,51.177026197797105,34060000
51.439353942871094,51.804337399767896,50.881964286050106,51.15074275127111,32896000
51.37736511230469,52.21742217739098,51.085280740933705,51.915421443053674,25410000
51.87624740600586,52.140561438040635,51.272238331440306,51.8489726768016,29776000
53.525604248046875,53.80529408010115,52.42123329225185,52.625050281668095,54584000
53.328739166259766,53.65652773825757,53.08723543662884,53.508255223465056,31126000
54.02597427368164,54.425670654393286,53.012848144162085,53.012848144162085,39884000
53.42444610595703,54.28880029452689,53.165584023727696,53.76909739769455,42434000
53.25038528442383,53.954072501464275,52.89680886618381,53.70512676619585,69590000
50.71285629272461,52.788202259057215,50.22786633995534,52.525870774400595,128220000
50.730220794677734,51.37885918160674,50.43366817604129,51.06544760978405,57860000
51.737884521484375,52.16981568812195,50.60425248870009,51.23751872622358,50926000
51.14974594116211,52.15394698774903,50.95833100583306,51.84847307083429,40746000
50.51152420043945,51.49291119658889,50.4976390221724,51.297031813913144,34492000
51.61093521118164,51.65953333511568,50.11628846472264,50.3984564742984,35326000
50.881961822509766,51.77111261726517,50.7386455999112,51.27620250432645,34698000
50.894351959228516,51.112054125446285,49.981399702318726,50.84823576896369,39282000
52.119232177734375,52.162874009608664,50.48523810460643,50.56259783900899,36892000
52.53876495361328,52.81349473022608,52.08303224033629,52.26254829014382,34400000
52.4956169128418,52.824896106355325,52.15096565660139,52.794643826374006,26030000
54.00117874145508,54.25161135803758,52.670180384918446,52.76886730132735,47160000
54.820404052734375,55.015791572078946,54.245656093888606,54.301196801902826,36414000
54.71676254272461,54.99595676164047,54.41128863921936,54.56948129284038,30504000
54.87644577026367,55.449211230043865,54.78718337501046,54.825365721168026,39338000
53.79885482788086,54.50551583478358,53.496850300827376,54.39542566367748,35738000
53.76016616821289,54.27045209276609,53.63817713351851,53.809759328488724,25628000
53.61983108520508,54.10283853372992,53.379814247827525,53.62975123129193,25738000
53.04359436035156,53.24642011587584,52.79762996645522,52.863087042623874,35482000
53.75621032714844,54.21690317018759,53.45817460274617,53.50776398807306,25180000
53.32477569580078,54.142518181494395,53.17352560858533,54.04333940904359,22226000
53.852909088134766,53.954074154766744,52.91069566583666,53.061450116078554,23740000
53.827613830566406,53.910429269372564,53.1755060953026,53.89952164864626,20604000
53.759681701660156,54.03193337706982,53.686290770718976,53.88217017414293,22224000
52.965736389160156,53.62379922191984,52.71828133706166,53.35898580610255,36076000
53.431888580322266,53.50726580445433,52.89036283283215,53.234022894047186,28686000
54.54915237426758,55.04505375948819,53.45817084015315,53.65652836749955,79368000
56.284812927246094,56.44151871914858,55.14473374129431,55.187384321755374,63202000
57.179412841796875,57.418438425591134,56.38398509535584,56.45837105864911,44754000
57.0792350769043,57.579105234789964,56.902696589933235,57.259746162219145,32964000
56.87740707397461,57.26222701862071,56.35026594935218,57.16602203245919,34934000
56.25605010986328,56.82385557667041,55.84445101917018,56.759885382484924,36108000
56.171241760253906,56.47225120597935,55.701124481501935,56.09685580358714,27284000
56.57738494873047,56.9165843277191,56.1062801650855,56.182648642397005,24796000
56.938899993896484,56.96667034977643,56.5833372860979,56.5833372860979,26092000
56.74251937866211,57.30834603666052,56.700368217230384,57.141720123312105,34302000
57.5300178527832,57.82160660348666,57.05841362577938,57.13825529447141,35422000
57.48835754394531,57.718454229804756,57.21164525280323,57.52058855939883,44438000
58.69389343261719,58.72116815848394,57.07824521357775,57.162051906971335,33038000
58.45140075683594,58.65570961097429,57.604401118221695,58.025916529943856,47282000
58.71819305419922,59.582055430097064,58.61703177653395,58.680010706447035,51686000
57.99269485473633,59.028631360922,57.69713728019817,58.789609543834956,44966000
57.98525619506836,58.26841547546482,57.50720499767632,58.09435511024316,34220000
56.497047424316406,57.3256973663748,55.535988891199544,57.27660361898003,57682000
56.166778564453125,56.87343570992126,55.98726251998206,56.73805712487524,34688000
55.38920211791992,56.840706249089145,55.377299457156255,56.334389155415465,34538000
55.877174377441406,56.235215221429016,54.8501630802286,55.163570834243025,29726000
55.99668502807617,56.600198405698514,55.88907679382652,56.151408280296124,31562000
56.63739013671875,56.681031969084565,54.876446930042064,55.31036062491598,23216000
55.356483459472656,57.02419943740615,55.264742906533236,56.99990226522795,16448000
56.59672546386719,56.73805916810667,55.695672023074046,55.76906672616169,28594000
57.280582427978516,57.33612314449367,56.39589221238666,56.62053700692371,21820000
57.88557434082031,57.91780914101105,57.387194819139,57.5245597123931,21584000
57.87863540649414,58.19402948902671,57.65151247076187,58.019969123860406,21334000
58.092864990234375,58.53818194817805,57.29495909360109,57.30735360137686,33252000
59.57065200805664,59.606851842127064,58.17419271086194,58.261472599257694,44148000
59.72735595703125,60.02588729269595,59.27459698855449,59.6470186605164,32612000
59.33509826660156,59.94009857353567,59.18087063251283,59.69710416604418,26784000
60.15680694580078,60.43847933719523,58.6155445322406,58.65224377865796,40162000
60.14836883544922,60.57880931643546,59.7342916759033,59.93116229582172,38948000
59.46353530883789,60.325411378483885,59.3955963063549,59.8379394825147,38338000
59.40303421020508,60.04225180149662,59.33906023978065,59.47047758336647,37938000
60.05366134643555,60.256982745158574,59.111943518550284,59.29295026134349,65446000
62.39183044433594,63.227423020220215,61.69707215887038,63.02906172072626,107600000
63.27404022216797,63.38809541844173,61.940559956385655,62.117597865204,51104000
63.74811935424805,63.84234182040767,62.63234132902849,62.839627727838064,54686000
62.1309928894043,64.04269071871154,61.71443373490334,63.927644254373654,48362000
60.99785614013672,62.13099268163809,60.70676301036518,61.7422038865088,43896000
60.85801315307617,61.551780257659935,60.311035469464436,61.080671646133155,39382000
61.14414596557617,61.78435104457093,60.744945203814524,61.44763736763537,36994000
61.54780578613281,61.71046288718155,60.40376172708883,60.425580751599156,34704000
61.40052795410156,61.815100793177606,60.967109863223676,61.74864867459752,21264000
61.376224517822266,61.61376321311959,61.022152480370046,61.571612050334366,22114000
62.277278900146484,62.78508294379242,62.07693507500244,62.087347066897074,42506000
62.54953384399414,63.06477234944003,62.092806044632866,62.32092023809937,34344000
62.704750061035156,63.076676123256064,62.48853852663434,62.61896084125917,27326000
62.11214065551758,62.54308056962345,61.84683539663848,62.44290677016618,26602000
61.92022705078125,62.77962496101555,61.840389171065105,62.04717994879449,27500000
62.391334533691406,62.51282794421975,61.46895771112205,62.11164468649074,28080000
61.105960845947266,62.085860958793766,60.809412028021946,61.70401855503376,37052000
60.70130920410156,61.67526184665502,60.48162447843334,61.59046009962794,32176000
60.294166564941406,60.844617378706886,59.70652466244601,60.60113114205357,33092000
60.59666061401367,60.79303937970134,59.939592889575216,60.532690434450096,22218000
60.37152099609375,61.13273133493097,60.25349699700814,60.649723935691846,23082000
60.58675003051758,60.82378930614082,60.16374396189955,60.21333334109884,22296000
60.55748748779297,61.25224575840759,60.46772946516041,60.4940129326713,24666000
61.330604553222656,61.36283557012292,60.57038537845587,60.7975083008106,24454000
62.29860305786133,62.37794909590035,61.525493733098216,61.697075946101634,28580000
61.78236770629883,62.31298202386681,61.639051483139156,62.280251594971496,27330000
62.714168548583984,62.83913893962649,62.12652660202709,62.23562551505126,36926000
62.20785140991211,62.95418160769552,61.84931493225059,62.65217709910716,30104000
61.08513641357422,62.11413033569713,60.7851143929751,62.09727138257301,42308000
60.06903076171875,60.89024638459833,59.83347835374634,60.62493731993848,41458000
59.46353530883789,60.24556971398544,58.28527013841559,59.96538422822053,53988000
58.714229583740234,59.45808166722043,57.70358155416032,59.437253899685246,46854000
58.396846771240234,58.940354968562986,57.98425649638422,58.11963507921533,32658000
58.27138900756836,58.84663645485562,58.05071303312725,58.724643619292685,27670000
59.01176834106445,59.05887957731326,57.81962176153576,58.0750106684798,29254000
58.09981155395508,59.04648565950591,57.83003803658529,58.615545695752786,35716000
58.62248611450195,58.906144800442625,57.98178160132907,58.50148832279991,40068000
58.41619110107422,58.913087540013805,58.19501950151941,58.913087540013805,24176000
57.51613235473633,58.60661828158501,57.44819334906225,58.40577882192011,34096000
57.87714385986328,58.58231793606274,57.5954714892381,57.656467902342634,32314000
58.23221206665039,58.3313908288517,57.456125199601075,57.96888931276128,25962000
59.09012222290039,59.21062817046431,58.33040242500614,58.54959151062882,29244000
58.12559127807617,59.338565624059825,58.12261750425086,59.25624581376571,91222000
58.49454116821289,58.773731604603434,57.10304207996326,57.49530023539939,31150000
59.20517349243164,59.352454758574964,58.223287034526976,58.72712607615012,33152000
59.21360397338867,59.867202437262,58.78415467619943,59.19525813307723,37650000
59.873146057128906,60.34425083124083,59.411462016465464,59.50816262940116,36274000
59.85926055908203,59.92719955893277,59.400550294566635,59.71098426888042,35612000
59.93116760253906,60.70824572698339,59.66635796192312,60.15283860556352,33164000
59.88703155517578,60.72411480282126,59.49130399681429,59.83892906292464,40180000
60.07994079589844,60.21135436103565,59.61478353847458,60.103246708296815,26246000
58.371063232421875,59.80074471048589,57.715482313943795,59.75760228989109,46576000
57.912845611572266,58.61553772980196,57.24288392054998,58.317997678146384,31852000
57.322235107421875,58.31106033375174,56.3046444828215,57.52456145272138,46190000
56.78913497924805,57.601421645972316,56.73954560012242,57.09361762617503,33690000
54.160362243652344,56.38497567691351,54.1281274459752,56.35422776603063,58980000
54.089942932128906,55.34556779109662,53.35352912030459,53.50973925718462,67696000
55.56773376464844,55.83006526222908,54.30268810088236,55.5231006729808,49370000
54.6701545715332,55.63021818118948,54.460881853987075,55.44177701468576,30074000
56.189598083496094,56.35275083299871,55.13184252161627,55.21763174302878,38378000
55.91734313964844,56.87988484039314,55.243412612041226,56.5327553995562,35652000
54.44550704956055,56.15339147492875,53.87175031932943,56.0368543512586,46152000
54.8060302734375,55.58806851316027,54.40187320171599,54.73313497653647,41286000
55.11299514770508,55.62476424922726,54.54915473377439,55.16952712111262,27116000
55.288543701171875,55.44178008457866,53.50825942535096,54.117224793175346,37686000
52.4227294921875,55.37334518760278,52.320573164870176,55.2930078869748,49286000
54.7271842956543,55.432850277026816,53.33667631790497,53.57222873103137,72956000
53.743309020996094,55.39217950296379,51.68432639569695,51.98682652307984,106438000
51.31240463256836,54.98703577121266,49.94718891468537,54.37757102202303,81290000
52.045345306396484,52.11427556975001,50.28291511551271,50.582437710545854,59768000
54.08201217651367,54.94587456200168,52.97218539969845,52.97218539969845,70916000
53.85389709472656,54.54419095847466,53.449240636057006,54.122675548098016,40132000
53.13534164428711,54.44997677724087,52.945409798528566,54.00366474790069,43438000
52.353797912597656,53.2275767002685,51.276205887840575,53.186912421965125,45358000
53.040122985839844,53.54842264477756,52.248664069488854,52.31858558730312,28660000
54.95778274536133,55.04158945737491,53.586615496582894,53.73042737552057,43388000
54.2828483581543,54.95677886980131,53.77355745838438,54.91115830633009,33694000
53.409576416015625,53.97143054513672,52.77680572036268,53.75670589634518,34860000
52.037906646728516,53.26476998164376,51.59110279461373,53.21666748640021,34002000
51.96897888183594,52.89631588540383,51.59358341935655,52.308178293181584,25750000
52.29676818847656,52.85267472897026,51.628788964411534,52.565546647513486,34666000
53.113521575927734,53.50131532395517,51.63771624229382,52.14205090644146,41584000
52.97565841674805,53.18244920128964,52.312635487457975,52.824903973568865,35366000
50.94989776611328,52.96226867525788,50.724265514564266,52.7336550830274,45684000
51.100162506103516,51.442335707248695,49.69973809340685,49.951653843352126,54458000
51.743839263916016,52.303215207880605,51.546964840550686,51.83706669619646,29698000
51.08280944824219,51.72252277305887,51.004454658245834,51.251414125277314,14178000
52.36421203613281,52.41677519212862,51.56233731257599,51.77210565786005,31558000
52.18270492553711,52.90077288477134,51.84648690239975,52.13609310498648,33048000
54.14202117919922,54.19508375066261,51.720037329094545,52.439592282131,46042000
54.280372619628906,54.556589291132255,53.656527087727646,53.73239993732191,31004000
55.02770233154297,55.02770233154297,53.71505340891803,54.332452073378455,59668000
55.360450744628906,56.28481018843585,55.13084587897713,56.14397588258745,57532000
52.68803787231445,55.25532043785084,52.60423116972486,55.193332761663406,45630000
53.462135314941406,53.528587431634996,51.696727612647116,51.82169421560711,47436000
51.90004348754883,53.80678483588291,51.542498271462186,53.17203169584198,42682000
52.22734451293945,52.54571236714273,51.22661659854662,51.71954044563596,33652000
52.647369384765625,53.081283083389565,52.07460390793039,52.90970087647782,33852000
53.24641799926758,54.13903818940161,53.159138117751525,53.412544503125076,28960000
53.23699951171875,53.97490409793119,52.81300591382666,53.34262902700036,24986000
52.15444564819336,53.14674409029984,52.038404143978894,52.56654035265501,36358000
50.86212921142578,52.683573360961546,50.4148259287533,51.92137162429705,49932000
51.74284362792969,52.55017019559987,51.10163977241483,51.27619952675167,43640000
51.348602294921875,53.34460607430533,50.553673969353085,51.935252952231664,58264000
50.75947570800781,51.94269722042624,49.979919413197926,50.879482241119874,53674000
49.156227111816406,51.45820060231656,48.6573519293644,51.179010137280834,104656000
48.829925537109375,50.19117248549868,48.482296651220004,48.81256717172268,36360000
51.96302795410156,51.99278082622474,49.22565021595134,49.49046364150032,46318000
52.21345901489258,52.23527804094149,49.93726961475843,50.8894031809876,45996000
51.905006408691406,52.775311987505624,51.672923407636674,52.54075084153076,34398000
51.81970977783203,52.713820629058745,51.22859468884806,52.457932318095075,33110000
52.301727294921875,52.6047230648871,50.843776043780714,50.93898977352967,31868000
50.85320281982422,52.87598594636795,50.699474586222124,52.10287655026425,41960000
53.461639404296875,53.55734876361941,51.41802873823579,51.700692372040024,46022000
53.35502243041992,53.69124047708747,52.696463948265446,53.60545126402301,47446000
53.82364273071289,54.219370258026224,52.97961696054515,53.854882485892645,35414000
53.63917541503906,54.13458118632317,53.27815698611534,53.95357823458152,26998000
53.499332427978516,53.54793055338616,52.79763149181819,53.306426813330056,26598000
52.78721618652344,53.228568134505245,52.388511032973454,53.056490286355086,30864000
52.144527435302734,52.48868312031389,51.997741804598526,52.23527672360006,28490000
53.88017654418945,53.96745642029301,52.28982059636427,52.46685849321779,37518000
54.028953552246094,54.6661886897786,53.95457136636317,54.05325450748139,38280000
54.50550842285156,54.5838594106655,53.7190058540289,53.953570755399724,24896000
54.911163330078125,55.44177767329486,54.51344944130372,54.97513352063556,44892000
53.489410400390625,54.498075902626475,53.10558170056644,54.35079086117299,39632000
53.77604293823242,54.19954087399449,52.94094594559311,53.89753635595871,25194000
53.755714416503906,53.95407574019982,53.06244293330347,53.681824076200236,29114000
54.6240348815918,54.71577542869572,54.14251429554499,54.263016457589686,23260000
53.55040740966797,54.22036915695017,53.29005842382145,54.05672457402515,29334000
53.06442642211914,53.79191523753481,52.864082578707574,53.60892597667247,19704000
54.44948196411133,54.52535482106467,53.390731369867474,53.42643557606418,29452000
55.833038330078125,55.92130947092157,54.80950019306475,55.15613401300113,40232000
55.47251892089844,56.25505273717581,55.25581177728074,55.65451311988307,33116000
56.60316467285156,56.64878901448457,55.41746525354707,55.491851204359456,78408000
57.12139129638672,57.16602438858918,55.71948013382828,56.01850709621822,82296000
55.68427276611328,57.22702204444144,55.45962798014585,56.99246089522924,48256000
54.84223175048828,55.14373685655709,54.23128012441886,55.13530738050181,38298000
54.66717529296875,54.80206204094916,54.263513873819036,54.29524926151284,21766000
54.6542854309082,55.21515207697365,54.54915533036909,54.73511835990443,18498000
55.916847229003906,56.178683086895354,55.0951360411319,55.0951360411319,35036000
55.96891784667969,56.67409195109993,55.83849553947913,56.187611297106514,28042000
55.9971809387207,56.340840976368156,55.39664511522368,55.78890327451835,21106000
55.52260971069336,56.498049231575386,55.378302215103496,56.498049231575386,27826000
55.86378479003906,56.01899988835893,55.37433038810258,55.37433038810258,21980000
55.57020950317383,56.08297359732325,55.13183515305827,55.981312910608274,24090000
54.75792694091797,55.498805261978845,54.44897982598099,55.48045563907056,33272000
55.370365142822266,55.40458246006071,54.57394989558548,55.03017826981313,29436000
55.408546447753906,55.80873844416602,55.24886690902951,55.63666061499263,26208000
55.64063262939453,55.86031734873191,54.88140844418567,55.261763980299094,35026000
55.68427276611328,55.82510706806781,54.97364672917715,55.24391208286884,22092000
55.86577224731445,56.23472452755319,55.46211080344531,55.49136804808821,27422000
56.955265045166016,57.02865975225924,56.08644635618862,56.08644635618862,34086000
57.19825744628906,57.79829765213025,56.44597212936097,57.254789415718996,35490000
57.98029708862305,58.34230678742909,57.178426102198614,57.32620299909426,40094000
57.76953887939453,58.255520128917794,57.67581203241563,58.10774323810325,23602000
57.0708122253418,57.70209600970842,56.61755761884441,57.54935904423013,30086000
57.02717208862305,57.19974555782496,56.04677257369768,56.23025744721806,23694000
58.479671478271484,58.51190249750034,57.10651806966734,57.12784146729309,30032000
59.37178421020508,59.79131705583813,58.63041416531715,58.63041416531715,42220000
59.461551666259766,59.861248068720826,59.404524065314185,59.80223795182649,25888000
59.13772964477539,59.741243079387836,59.07326382392869,59.45957068686386,27302000
59.02714157104492,59.593460108295844,58.86398883406654,59.40898775828328,51886000
58.94036102294922,59.257737607989256,58.58975837909338,58.99689299412043,24442000
59.630157470703125,59.677268706394294,58.985484173693706,59.0975568546802,29788000
60.81883239746094,60.99537468269679,59.48783401935632,59.57759204890789,41508000
61.29985427856445,61.3152263429642,60.33036621206726,60.49996589969895,28150000
59.88753128051758,61.17588288459507,59.805707096855926,60.9388435932107,34422000
59.378238677978516,59.97629637539744,59.01226397560031,59.48634632853268,27576000
59.00433349609375,59.88753302286627,58.60364582572859,59.76554018730215,30752000
58.41768264770508,59.107480926935835,57.7343275454508,59.107480926935835,29428000
58.13302993774414,58.3799893705028,57.69465556823336,58.293208898811386,22402000
58.36213684082031,58.713235095709805,57.8409432687041,58.525285785823435,30890000
59.457584381103516,59.518081382666765,58.831756331098426,58.89027081678806,27706000
59.78289794921875,59.79628749892426,59.07375879410385,59.51064629415848,18288000
60.04423141479492,60.52971698544157,59.76008091254782,60.137954468715684,22180000
60.47269821166992,60.52724767027451,59.95646465439694,60.06804171665994,21022000
60.07596969604492,60.51930791115467,60.00555254911908,60.465254086840815,20012000
59.91876983642578,60.19994278464062,59.741236305443195,60.059108496061306,21750000
59.64155960083008,59.862731184859946,59.42782623456685,59.601890367217,19668000
59.82801818847656,59.951497900092924,59.540893902709925,59.76057859967975,15510000
59.983741760253906,60.139951923667695,59.73331289650362,59.94952444001766,16998000
60.635353088378906,60.65122078299202,60.16722204644514,60.282764136523824,24312000
60.82379150390625,60.961156397142275,60.23019825206835,60.70278993353485,23796000
61.09059524536133,61.29242598131905,60.74990892809697,60.9958771320126,22622000
61.498714447021484,61.7446826240801,61.13968232787188,61.342999928729455,30366000
61.56467056274414,61.78633778477125,61.46251424224108,61.739722177019004,24750000
62.174129486083984,62.20289109947269,61.162985872849006,61.32663423190125,19084000
63.008731842041016,63.199159301729445,62.08536372430836,62.316951088907196,31868000
62.48605728149414,63.177841883509664,62.47415840170821,63.0087378037284,23396000
62.847564697265625,63.11832566441089,62.38439375673757,62.994350322114855,31344000
63.34743118286133,63.42132151606078,62.73152328568411,63.14708736238461,27228000
64.27873992919922,64.3169298473822,63.06427858710066,63.50067047663686,72368000
59.45659255981445,59.55676257846437,58.66513363960765,59.04350662741325,133178000
58.18510055541992,59.470973972298495,58.10377200341703,59.38418971821205,74340000
57.847389221191406,58.48561553382337,57.44174152090412,58.149393720291656,45098000
58.98994827270508,59.08168881529715,58.19650683878489,58.38792177079416,41588000
59.18384552001953,59.281537394226156,58.077983794922574,58.119639328597295,31774000
58.4598274230957,59.2488043837092,57.77250736398423,58.80447871053947,36604000
58.059146881103516,58.7281174006234,57.90293672585774,58.381975400689264,25520000
57.919795989990234,58.22229615516196,57.258759314418775,57.653499442905506,29556000
57.9034309387207,58.33188896062332,56.84864920756702,57.962940468651176,31650000
56.36365509033203,57.12635243643955,55.81370365034524,56.79261252207175,45626000
55.78196334838867,56.774261749590714,55.716006859862674,56.64780825816616,40392000
58.06013488769531,58.43206092531707,55.61038084252998,55.66740844227234,59302000
58.7395133972168,59.2185557963173,57.94359384914411,58.11170286316471,35308000
57.959957122802734,58.82828011356767,57.842924374026744,58.30956848230212,25362000
56.76384735107422,57.17742890795264,56.440519449165286,57.17742890795264,30602000
57.248836517333984,57.42537879315505,56.69689882020132,57.250819033139784,20562000
57.318756103515625,57.71200550411785,57.078243650212926,57.09064194043587,18826000
56.79757308959961,57.0311429977201,56.193567776861364,56.83377670911536,25214000
56.46382522583008,57.24486836060925,56.36960275599148,57.12783560846031,18554000
56.51093673706055,57.35049814373282,56.466799275668336,56.60615046527899,20948000
55.53797912597656,56.28480494749129,55.14175214942321,56.17074596879282,36230000
55.61087417602539,55.87816573711446,55.337631284033925,55.54839087669086,18088000
54.871490478515625,55.21365987061157,54.715280327354535,54.82884368467994,31582000
51.51125717163086,52.91267260283932,50.930557870428586,52.909203200231886,96890000
52.29229736328125,52.48818050456737,51.376863188165395,51.79639604032659,60512000
51.80384063720703,52.4073540441348,51.226614483210554,52.317596014695845,46988000
51.95856475830078,52.069646185885304,51.35108630948426,51.88170064785095,29020000
52.980613708496094,53.23154195089518,52.126671488166366,52.28189037260562,43828000
53.694217681884766,54.29326663277335,53.323282909136985,53.40857649267084,28510000
53.60892105102539,54.74800885389501,53.53602575753216,54.39988435915306,33508000
53.512725830078125,53.68232176050641,53.041617195334894,53.554876998170336,23670000
54.10333251953125,54.38004480880094,53.68479468300071,53.79091602897306,20814000
53.86975860595703,54.28929145231956,53.63073683512908,54.0403495364506,24582000
54.246158599853516,54.61262895010507,53.954074216816096,54.00862367387797,19770000
54.80900573730469,55.480454366679965,54.588329772186036,55.11943973209184,34526000
54.77280044555664,55.016786098910686,54.35227629556519,54.908182821098876,26714000
55.203739166259766,55.675838985558876,54.89627896145822,55.625254564981795,24018000
55.8072509765625,55.866756716615136,55.03116416034196,55.038106748909904,50774000
55.37731170654297,55.7179980164178,55.20920266563468,55.5409600862483,24236000
53.9332389831543,55.327711781329405,53.785458327175526,55.29696765407689,31644000
53.57321548461914,54.30715117461106,53.244435661949076,54.10283853958426,34698000
53.39023208618164,53.97688276176525,53.35155032511696,53.89208480492423,24078000
53.696205139160156,53.696205139160156,53.24989310458346,53.41998844176397,33672000
54.54915237426758,54.975132239253035,54.317565004800876,54.60072427201799,29196000
55.173988342285156,55.18836914929686,54.5327882241278,54.78867275994016,20630000
55.689231872558594,55.937182567074046,55.28556665878392,55.46656960642054,20154000
56.16926574707031,56.267453260468955,55.416984134318625,55.50971594510009,29794000
55.381771087646484,55.89850023897379,55.132333508714034,55.83204812175117,29888000
55.753700256347656,55.93073818027176,54.90372299665193,55.060924410090834,29472000
56.577884674072266,56.64879744980509,56.06958501516339,56.15190482385969,30710000
56.735084533691406,57.189330386367295,56.50945227772339,56.83823211312122,26004000
56.79757308959961,56.904689494211375,56.46135500496309,56.67806217589247,21878000
57.053955078125,57.062384554712914,56.53276144871689,56.79757111000112,21164000
57.20024490356445,57.45414694239544,56.866501193341406,56.866501193341406,25352000
56.86699676513672,57.44720047303278,56.861045434017086,57.07428317923879,19538000
56.89179611206055,56.9379160959754,56.178691871842666,56.63194272935012,25450000
56.11371994018555,57.10700958518703,56.09884350416264,56.99493690261568,23184000
56.49357986450195,56.533748511850774,55.79932096005546,56.30811247619203,28914000
56.93196105957031,56.97212970906677,56.178192587258984,56.703846866852054,20648000
56.51936721801758,56.80351773742075,55.9629650578798,56.166782066704464,27192000
56.33142852783203,56.71079282322029,55.7249412842394,56.480692317416725,54762000
61.750633239746094,62.899633620136136,60.89669100249889,60.89669100249889,121216000
61.583011627197266,61.937583055897385,61.00578173578035,61.61574205422422,41382000
60.896690368652344,61.33853791873472,60.76378613660804,60.847097204406246,28616000
60.410701751708984,61.23935171953119,59.91380914837889,60.74146785832368,39960000
60.09233856201172,61.30828669649501,59.85529549111367,60.38244041742566,35426000
59.3256721496582,59.97926673867572,59.012260620037516,59.656933888081014,34910000
57.26421356201172,58.36164587535304,56.66913339378549,58.16774521908615,47840000
58.07402038574219,58.585789466166396,57.60043365387298,57.79829933606973,36014000
58.313541412353516,58.50991642354329,57.07031476456262,57.41546170450556,30686000
59.815128326416016,59.81958898703626,58.21882095613926,58.835224475708635,30116000
58.95771408081055,59.72933649805951,58.75885714546131,59.5076692799245,20418000
58.24361038208008,58.7945567964756,57.95698174055042,58.51635763016774,22064000
59.34599685668945,59.77743236649479,58.16873063574404,58.23617021869178,28434000
57.735321044921875,58.65472037886696,57.57762400887697,58.32147609646405,35430000
57.98674011230469,58.33882964015556,57.67333234515644,57.94260643286453,28506000
58.47718048095703,58.706785312580124,58.16922844394808,58.55553525319679,24916000
59.52998352050781,59.97381736609162,59.03209963385325,59.10301240998297,24450000
58.69142150878906,59.408993979188274,58.66761996493061,59.27758040036465,20206000
59.09062194824219,59.535942739720916,58.909123354248685,59.30088594309729,14152000
59.087642669677734,59.44766604994805,58.46231022954829,59.20070661276185,17352000
57.20619583129883,59.29344468909219,57.028662278630634,58.77274669404673,36254000
58.078975677490234,58.11269736465062,57.26917090695185,57.49728508668494,21166000
58.061126708984375,58.764314514394854,57.75069271231088,58.66513575010437,23460000
58.206424713134766,58.44197711290288,57.53695860411005,57.76606404377272,16810000
59.2225227355957,59.46799147469081,58.77819329373275,58.83472525889241,19636000
59.03854751586914,59.52552378949316,58.80001756048857,59.52552378949316,18064000
57.998146057128906,58.96663910917383,57.70853983655242,58.6081026279347,25908000
58.628929138183594,58.758360180871236,58.09633231531948,58.48908610398832,21312000
60.11267852783203,60.20243656888762,59.14566843377376,59.19377093478458,26394000
59.82157516479492,60.15035498422867,59.66982568519,59.961418199155226,18972000
59.76950454711914,60.52724177884461,59.16946434430124,59.859262573889204,31854000
59.790828704833984,60.00406644767936,59.31029939412183,59.31426820929978,27922000
60.499969482421875,60.62245794277462,59.62123064685338,59.70107231415297,23522000
61.24233627319336,61.6117803963693,60.626920181517946,60.67204890408515,31644000
61.493263244628906,61.54384767162575,60.85107181085259,61.10050940901822,23676000
61.07670211791992,61.44317244751189,60.75733924092804,61.01768821978675,28218000
60.98991775512695,61.24381977351142,60.66609421799294,61.0767020090676,20806000
61.12727737426758,61.30530652750141,60.32491089582934,61.00776648504539,17440000
61.42978286743164,61.70699079794406,61.11042377402852,61.11091940299707,16554000
60.987937927246094,61.63062495673353,60.677503925418364,61.1763790958977,37692000
61.228450775146484,61.47590584591397,60.68742065329418,60.82577681081877,20798000
60.417152404785156,61.84435574702612,60.03580563912053,61.49177059527287,35804000
61.786338806152344,61.88948638631289,59.96439530930563,60.30210403560612,26798000
61.60532760620117,61.72335539761474,61.08612034016491,61.59788938854766,23166000
60.79502868652344,61.73922455625371,60.261932446996404,61.63210816601724,34122000
60.55650329589844,60.867432931571535,60.1736696213121,60.52972419632317,24470000
59.80570602416992,61.1376994390325,59.78339136996081,60.62344843370685,24504000
58.4132080078125,59.44666617378267,58.15087654331309,59.33459350491321,33030000
58.9839973449707,59.06185271029427,57.68027372624603,58.68199283402586,28368000
60.05167007446289,60.12605603347726,59.06036300568549,59.22500261671592,24282000
59.91728591918945,60.44591775673963,59.72438030235349,59.85529824338502,17040000
59.018714904785156,59.84885186964598,58.98648010235407,59.44717293719252,20086000
59.62718200683594,59.927699641137494,59.41493551600524,59.57412322169878,15948000
59.977787017822266,60.282765324995786,59.402047721765705,59.438743185067274,12842000
60.287227630615234,60.933883468749734,60.18457567938561,60.699817951472276,22330000
60.38938522338867,60.791559777175,60.09730084134501,60.19697523733652,13296000
61.60285186767578,61.8453468528773,60.545592043984996,60.57435365782563,27584000
61.64054489135742,62.19545640319099,61.41887388058944,61.58153099093143,22986000
62.126522064208984,62.66953466128119,61.98122332826266,62.05709617616047,20958000
61.71046829223633,62.38985080245615,61.498717421635874,62.220254881116524,31624000
61.70402145385742,62.1617367308918,61.49127932482971,61.92321054336643,18094000
61.5512809753418,61.92469389924961,61.48433322932572,61.71393429825658,22862000
62.36604309082031,62.386375228221,61.50218452433589,61.50218452433589,21282000
62.4394416809082,62.62738721875629,62.10421109911762,62.4394416809082,20224000
62.696815490722656,62.88030037467045,61.945525156371076,62.08685509100352,27104000
63.92069625854492,64.42949157988647,63.094032497897665,63.22742858237016,65428000
62.51630783081055,63.51505323612081,62.26587519841063,63.27701889560473,52654000
62.518287658691406,62.881288593585026,62.01990812718135,62.243062237785296,29204000
62.42406463623047,62.80690207723711,61.96188494144521,62.4835741641349,31904000
63.09104919433594,63.128244066053234,62.469189984190244,62.77119448475886,28812000
63.951934814453125,64.09525103448014,63.28246873248054,63.28246873248054,30632000
64.04269409179688,64.33031783464558,63.94054154310155,64.03079142816,25148000
64.02136993408203,64.11955744935278,63.587955592244974,63.97574936306113,24626000
64.81133270263672,65.59039331831046,64.15723868532784,64.1835183702277,45140000
64.91349029541016,65.3156686315191,64.54255550304146,64.54255550304146,30392000
64.38189697265625,64.7101850143391,64.26238605113178,64.6655481315942,17234000
64.32881927490234,64.93084578823698,64.1815380183125,64.39626264933645,28852000
64.27774810791016,64.59215093862099,64.077899897034,64.12897616917114,20538000
64.92092895507812,65.2467425940979,64.16666485694327,64.21923179805225,28948000
66.13043212890625,66.13043212890625,65.0568014433281,65.21351099535102,39286000
65.4510498046875,66.14928136486101,65.26855995871942,66.07092657964729,27984000
65.0915298461914,65.78777136657258,65.05086556402681,65.78777136657258,21864000
64.5594253540039,65.12227074851963,63.93211035270607,65.03053019539448,28892000
64.47412872314453,65.01862446800423,64.00847203948294,64.42999125851563,25546000
64.15328216552734,64.80935878570455,63.93954877129495,64.6159575316089,27776000
64.74687957763672,64.98342706933691,64.24949498583105,64.28172979324741,23590000
65.11185455322266,65.1619395649303,64.66752884126126,64.95861817732126,21910000
65.06871032714844,65.34195702798004,64.93680491082387,65.23186685461462,18808000
64.66999816894531,64.9605956368257,64.62735137879393,64.79447292018561,12802000
63.91474914550781,64.73695603423214,63.494221183343114,64.59413164762199,26538000
64.20633697509766,64.32982047875444,63.32908879632184,63.40892668143017,25270000
65.40642547607422,65.67074331391355,64.61843581992142,64.7696896992999,35506000
65.80413818359375,65.85472261326721,65.17732256641182,65.80612069976046,24408000
66.4205322265625,66.57326918477894,66.01587954811114,66.09125298585175,32968000
66.59905242919922,67.32108920325197,66.25588803414921,66.39424795925537,30842000
66.59410095214844,66.84750734354655,66.15324087344685,66.44781095349515,17606000
66.66154479980469,66.9412308789754,66.50533465375199,66.86238425419971,20480000
66.87181091308594,67.17381167318545,66.36153246208066,66.60997502068224,29114000
66.79146575927734,67.01362860346082,66.53310308380729,66.84254202624732,33170000
67.47731018066406,67.6176450772123,66.97694431367663,67.19464273779465,28128000
67.18917846679688,67.65730947093114,66.98486583558378,67.56209574408568,32948000
67.04139709472656,67.4143143680724,66.96949684654093,67.29381221564596,23330000
67.26602935791016,67.32008695394921,66.88468267991742,67.04138463349703,28922000
67.00717163085938,67.64093342357606,66.98287446512106,67.59630412319467,50090000
66.9779281616211,67.53432652981114,66.84750585981473,67.37960705864413,19936000
66.67046356201172,67.04636218280068,66.65757720914816,66.9570960026882,13468000
67.56507873535156,67.60128613780807,66.72403033918864,66.7756060246941,23662000
67.17679595947266,67.79220832437919,67.09546739562148,67.64095444804676,23212000
66.43639373779297,67.2938090758565,66.34366194444391,67.28438834287245,19994000
66.4205322265625,66.48351115662122,66.06050885599129,66.24200742818745,19514000
67.8730239868164,67.8730239868164,66.77262179859589,66.86783552352698,27278000
67.5179672241211,68.12445823826381,66.81378810886194,66.84751358265558,23408000
69.31758880615234,69.34287723228258,66.99627473144326,67.02751070483214,46768000
69.1836929321289,69.59975639798446,69.00765007438353,69.44900196622598,34330000
69.67611694335938,70.01382561620636,69.06070474612332,69.16930422792255,35314000
70.40758514404297,70.84843766453115,69.93250773983897,70.51370271406968,33200000
70.8623275756836,71.15888019723822,70.39816911178163,70.887623572567,26258000
71.41128540039062,71.48318564833806,70.68429232295442,71.17423856104631,30730000
70.94316864013672,71.54023138512193,70.8033180140317,71.40980906115557,26076000
71.37012481689453,71.44847959482189,70.99621627063644,71.06365964443332,21550000
71.91362762451172,71.94040671901234,71.40978868488912,71.6800539909866,26080000
73.36959838867188,73.42067465653932,72.23051437982828,72.52755882003636,52424000
73.50498962402344,73.88336264250772,72.90791936171401,73.34381561207009,48930000
73.58531188964844,74.41396566579424,73.5253143022731,73.87591692725086,28458000
73.62596893310547,74.06286392107879,73.40926181542616,73.76780203530112,26650000
72.70758056640625,74.09758915730573,72.55930047284312,74.02915451930895,29786000
70.99970245361328,71.24021496663292,70.3932113908152,70.99028171808679,34132000
71.93050384521484,72.14373782775851,70.93175461327948,71.49609068205544,29724000
72.23795318603516,72.60690544755049,71.67709035915647,72.32522928653594,21566000
72.116455078125,72.16604067283447,71.16184346943253,71.31557167668379,27110000
71.0517578125,72.88113570169328,70.76809913606537,72.79137767304688,43822000
73.52233123779297,73.70581988228172,72.23348411673724,72.4834173068673,71636000
71.67808532714844,72.76559372087249,70.51866911081403,72.12836616478646,95880000
71.7098159790039,72.62871964997271,70.89802869966074,72.58061715621994,36376000
73.19355773925781,73.4707694622342,71.92950709001718,72.00388927199774,37822000
73.3492660522461,73.65374870960305,72.66988358975605,72.76807109346798,28360000
74.81465148925781,74.82556289282728,73.15536902814524,73.25603845469743,38302000
74.88407897949219,75.86696037630945,74.65546917942103,75.0432628919805,34852000
75.30907440185547,75.39188605793423,74.81515553865327,75.17170572454793,31042000
75.0492172241211,75.67206769006663,74.58356058636251,74.88110442539049,22914000
75.31402587890625,75.37948673334321,74.66042372612603,75.1057482210196,23198000
75.34922790527344,75.9006699135424,74.9311819555666,75.09632096413543,25642000
75.61851501464844,75.90961191518042,75.42561318763357,75.73406088600595,22746000
75.22774505615234,75.72761146175247,74.59645752229817,75.32791507548832,25962000
73.56498718261719,74.92822421575049,73.31852714783577,74.61233071932669,42520000
70.41104888916016,71.23028195609393,69.76290996883232,70.56924154888083,49560000
68.74781036376953,71.25359725489407,68.4552303299718,70.96349914969215,51580000
68.95359802246094,70.10409286099708,68.26330414608108,69.17725154343258,49776000
65.20854187011719,67.90872819863856,65.17333330002323,67.3999329583381,62290000
66.41358184814453,66.57226632635177,62.89069714307615,63.19319723297606,80198000
68.74781036376953,68.8048341866294,65.71686100211107,67.01562850899076,55430000
66.33772277832031,69.83233844511692,65.9171948251204,69.31114862306558,56602000
68.51373291015625,68.57224739337018,66.30200954107818,67.3910084911232,47598000
65.19912719726562,67.1267001116849,64.54850635828724,66.72600490557134,54380000
64.25594329833984,64.60356467952383,62.34523261541733,62.97701215349297,64640000
60.291194915771484,62.12305473019572,59.410969211683664,59.75413363170908,69252000
63.235862731933594,63.26958442314607,60.227723675018005,62.205381875828095,54872000
60.04869842529297,62.33133476819371,59.06879829263046,61.901885489595976,54732000
55.12191390991211,58.95027293420525,54.96917696011716,55.67087782381842,94326000
60.2158203125,60.2222672728443,55.15861501655473,58.26791891565671,79400000
53.21022415161133,56.804018794531096,52.916649086900534,54.03391417465646,96520000
55.44474792480469,55.83849297321683,52.02501404698684,54.08498798539528,83194000
54.11226272583008,54.79660524805218,51.424970078900834,52.56257095894629,93044000
55.12786865234375,57.15808978102262,52.34487034827302,53.96497931020589,74064000
52.97268295288086,56.45738229776542,52.669687167629704,56.08148743290861,82878000
52.274452209472656,52.90821410094761,50.030002120502026,52.385533632275504,83672000
56.037349700927734,56.20198931680837,53.87621071144316,54.74652002572422,72468000
54.629486083984375,56.838723734721434,53.70661363639943,55.76807440928379,90324000
57.66936492919922,58.09385791556648,54.15392148412994,55.27912035694048,76562000
55.057945251464844,57.08072809299469,54.747511270415124,55.91139183073007,62794000
56.845664978027344,57.07824358467989,54.4742659158485,56.16776944914525,58736000
57.62125778198242,58.18906316864204,56.370097362055304,56.96567688694709,65228000
54.653289794921875,56.008093464132045,54.22631868304361,55.73931501110959,51970000
55.393680572509766,55.67832676102087,54.20847642144488,54.54915895870375,56410000
54.18714141845703,55.48094867701905,53.31336646721793,55.27862233919662,51374000
58.674556732177734,59.049456548881885,55.78890642035224,56.18562904604569,63320000
58.643314361572266,60.538652600864694,58.37999159575854,60.3516945343309,61620000
59.85529708862305,60.24705964616023,58.71224421750471,59.66189584651864,40334000
59.83396911621094,60.59864892090374,59.132268239290795,60.40971213758575,54028000
60.02439498901367,60.228211985811114,58.631904675648435,59.58254746490999,38702000
62.74293518066406,63.2646206472992,60.92346976589179,61.49028773908295,63358000
62.34968566894531,63.232885198503794,61.19423448072011,61.81460686948649,42236000
62.35612106323242,63.14609305744218,61.402504500274134,62.837641603060725,57896000
63.425785064697266,63.971275807142504,62.78111177962652,63.55967676795776,51050000
62.54059982299805,63.3176779307609,62.307029946262375,62.97401789004605,35292000
60.11117935180664,61.98766835322001,59.75611229250409,61.62615811769642,49648000
62.404727935791016,63.469426000735105,61.35292000771885,61.546816874331455,46296000
63.03749084472656,63.879534159122194,62.50985410412235,62.76821677257481,34202000
63.306766510009766,63.36181158869509,61.69012709170987,62.23561780583257,37402000
63.02212142944336,64.1745987676371,62.73449772386327,64.07045614945028,44186000
61.124305725097656,63.711420702689196,61.0147111939967,63.634064753405866,80700000
66.55889129638672,67.45002460634528,65.7927245869815,66.6987343327068,108358000
66.78302764892578,66.94667598713897,65.53335424511357,66.0223167441656,55842000
65.32608032226562,67.01760531854285,64.94622420976376,65.66180653739475,48872000
65.60279083251953,65.68065376658639,64.26931430979212,64.87034957246755,30806000
66.89808654785156,67.98857626005707,66.20432703264936,66.32681171124734,39666000
66.72005462646484,67.87352315827798,66.70517819138973,67.34340449678658,31732000
67.90278625488281,68.23603812169104,67.0726492790664,67.50755427769955,30652000
68.64962005615234,69.25957668434151,68.03817275749519,68.52465344306268,33326000
69.6042251586914,70.19633158338425,68.21124277247152,68.27521296690415,32718000
68.19538116455078,70.13683209444191,68.16215510010458,69.83384004876797,33918000
66.8638687133789,68.69870991776949,65.8561982347185,68.24396464855478,40368000
67.286865234375,67.31215365788991,65.62261910048919,66.12943179653402,36660000
68.0902328491211,68.16560628520914,66.40118989060014,66.86039957997617,41544000
68.6912612915039,69.06715231053478,67.15495543988825,67.52093388071376,47094000
68.15668487548828,69.05376572383527,68.12494948842443,68.70614443587316,31586000
69.88043975830078,70.02276472704372,68.80235214483642,68.88863698818672,38262000
69.76093292236328,70.24244974483369,69.14799496101227,69.9711931242331,30894000
70.08277130126953,70.26922616998684,69.22535585205502,69.61959655312397,28544000
70.4859390258789,71.66321308887383,70.38825092272327,71.50700292608954,44590000
70.43189239501953,70.68331631144378,69.1584208375953,70.41800721469514,31684000
70.33071899414062,71.63096943029363,69.38057178014799,69.426192345688,35170000
71.08846282958984,71.24764676163868,70.218652828686,70.4393250257835,37044000
71.15540313720703,71.48815557585249,70.53106194988158,70.70066543276502,25162000
71.52435302734375,71.55857034348811,70.49783354301282,71.16184772780194,23442000
71.37259674072266,71.85659538466791,70.99422380337077,71.54368329606875,27732000
70.13533020019531,71.47526126931832,69.72423054944969,71.25011707361648,26982000
71.41079711914062,71.72222618313101,69.80407376319808,70.20178767828749,42642000
71.80850219726562,71.85610527816216,70.64015718062795,70.72942336173372,33878000
72.00884246826172,72.78840250945899,71.52682627591334,71.66965065277674,33624000
72.6346664428711,73.03485462843723,72.12190617651635,72.47647380181667,31762000
69.52042388916016,71.98505464439063,69.34735477136469,71.46088343383067,47144000
70.06690216064453,71.1375515555571,68.7220148203328,70.70859413359544,36676000
70.4546890258789,70.66594045276953,68.79143400610754,68.90499734928308,30468000
71.73065185546875,72.26126242222357,70.86381565770579,71.85611030985311,30648000
72.03165435791016,72.51069676200414,71.16829143028149,72.0514946495563,30610000
71.11821746826172,72.05298894392186,70.72744235742255,71.89826945258076,34862000
70.64810180664062,71.63295826897189,70.36840814054392,71.40980414439169,52784000
71.93842315673828,71.95280774652628,70.37782758468947,70.66644253665869,29442000
72.5989761352539,73.15538214854752,71.65775768919568,72.00488718193142,37752000
71.04778289794922,73.18461692389582,70.91388742535021,72.56424844008514,31592000
71.46435546875,71.52485247707787,70.39518907866939,70.97440158641986,23958000
67.56853485107422,71.26200677642353,67.19462635933624,71.04430840536872,97640000
69.28584289550781,69.32700657961172,67.02849910104547,67.45943898586187,45074000
70.3212890625,70.61635097847407,68.77804426486243,69.27147126590755,40286000
71.50897979736328,71.83032898693156,70.12938326370785,70.3768421161721,42182000
72.89403533935547,73.81592043493603,71.95876447702986,71.99695439492824,57218000
74.36785125732422,74.88111101976311,73.24364363672055,73.79756767696199,44712000
73.88533782958984,75.44246780197778,73.87442642573149,74.19329366469888,42364000
74.56372833251953,74.9391275363047,74.00335737778137,74.42487655792402,31766000
75.31055450439453,75.83026118715777,74.16651424532147,74.87763207288506,41836000
76.31971740722656,76.43526327419461,74.42091366005153,75.04227347746796,35918000
74.99170684814453,78.17191999043621,74.71053006647314,76.86174923666793,42954000
75.41966247558594,75.51586747193137,73.68748069578344,74.02767136950519,38108000
75.2222900390625,76.18681428524529,74.2775985185989,75.53718469026553,31026000
75.12509155273438,75.17418530345144,73.80351018131975,74.45958671679637,26484000
75.22079467773438,75.54710012521701,74.29097965125972,75.22376845137862,34264000
77.55103302001953,77.80741315385244,74.51909314973128,75.12904965194888,30166000
77.15828704833984,78.70203135101997,76.99463868090396,78.60186132798782,27486000
77.60111999511719,77.70674570726749,76.52898004749464,77.1478654526856,24482000
75.21585083007812,77.87388279477673,74.81119054190296,77.65469369706234,33910000
74.79234313964844,75.15038400386956,73.76979622867519,74.34504365729109,29902000
75.84465026855469,76.24781989329986,74.99666304671776,75.04278303062988,27124000
74.56621551513672,75.67504727423581,74.41099662396583,75.62496226274747,30910000
75.55107116699219,76.03804366539825,74.53447181046977,74.63315872892666,22676000
76.28797149658203,76.41293808006294,74.14567423658914,74.28452599601239,36042000
73.78765106201172,74.63415515123877,72.10406361825939,74.23892317136475,91468000
73.5302734375,74.27263483646993,72.982796377369,73.93889871670713,45482000
73.0611572265625,74.0435393333621,72.6014556409733,73.72616272675874,37212000
73.34827423095703,73.88930432200833,72.95799858052132,73.23570970460068,29134000
74.63067626953125,74.6961371287166,72.99172582956919,73.20248543087422,33306000
74.30437469482422,75.3814709934715,73.70433072116582,74.83350211063035,27718000
74.2275161743164,74.73977711058357,73.26893187451145,73.92898105188225,20546000
73.42018127441406,74.9029290830015,73.30364415071575,74.08766106264545,31098000
74.7442398071289,74.96392829740739,73.64135561207259,73.74648949020883,22512000
75.21086883544922,76.21854671384278,74.79233103557158,74.79233103557158,22388000
74.61481475830078,75.36660452613891,74.33562050081562,75.06013175554337,21942000
75.1905517578125,75.56446789757864,74.63316208489026,75.17716599131961,19990000
77.1513442993164,77.23019092166476,75.45982697689634,75.68049915036515,28378000
76.59742736816406,77.79998980713675,76.36881754336467,76.98819489670538,30472000
78.16646575927734,78.36085827945097,76.09409318385686,76.36733233930526,26382000
78.13274383544922,78.94155742131991,77.47517655139052,77.94578197707564,34838000
78.6078109741211,79.77962926395986,78.10645386630996,78.9708081393401,25638000
79.63433074951172,79.7845857885125,78.2472884005145,78.35737857337155,25150000
81.53263092041016,81.96208775118443,79.39282281884792,79.65664120321837,52188000
80.75852966308594,81.72404511830622,80.27700533270146,81.65561048941696,31350000
81.29954528808594,81.39475900573815,80.61421536614671,80.80563405926029,22418000
80.80862426757812,81.55098571536558,80.60034658249602,81.50486573387329,26422000
82.07564544677734,82.2809493495807,80.80862102170718,80.93904333000434,22652000
85.16561126708984,85.59754248382305,82.32905460313435,82.71684835469105,49522000
80.80763244628906,84.30323947854686,79.72656344056428,84.27943415274483,63726000
78.41242980957031,81.07938305548198,76.26814951914791,79.7905357444449,55850000
75.55553436279297,77.13993533300419,75.20344105449351,75.62496025313807,54032000
76.72735595703125,77.2971401284128,75.63339304854327,76.81016761668064,39242000
75.6770248413086,78.0380120006391,75.37700663755594,76.87363960393168,33024000
75.166748046875,76.30434137046228,74.03906730255125,75.78116905727127,30706000
74.82308197021484,77.21183946322891,74.63860963235427,75.95472771220844,42660000
76.1268081665039,76.91380642864527,75.48115117831345,75.76827546976736,23042000
74.98475646972656,77.08142606699325,74.95995988574093,76.49180158810144,22128000
73.74251556396484,74.31875423371972,72.52359367520403,73.68151914994446,40008000
71.95974731445312,74.14717354274497,70.99423184511045,73.80500039329375,63056000
70.92084503173828,71.41277382224862,69.55909872730024,70.99423595541519,56908000
72.3926773071289,72.59848063067304,70.88910537519139,71.92157247881308,33950000
69.891845703125,72.05844057241953,69.55910082477837,72.00934681768462,37726000
70.5598373413086,71.31013653967841,69.532825776716,69.55911303533007,34552000
71.3631820678711,71.70435638288463,69.80704340057243,70.66842379721632,30326000
72.33515167236328,73.04577770670436,71.72123004229934,72.99619210723424,30784000
72.70012664794922,72.99667163732526,72.10404776205746,72.59549219750033,31816000
72.67930603027344,73.7008616762661,72.19134227406526,72.44821428907602,40924000
73.78516387939453,74.14073037908443,73.23471303836575,73.57490368942042,32884000
72.18340301513672,73.34530108822473,71.77428589367447,72.38325120895068,31222000
73.53374481201172,73.62647661219141,72.40606407362094,72.53301318921578,21602000
71.95629119873047,73.61755643574848,71.65825547079119,73.17025692104377,26096000
72.35895538330078,72.8464272920144,71.07407320039421,72.3673848593541,36108000
73.5634994506836,73.79160984769521,72.67186671262658,72.67186671262658,26076000
74.90342712402344,74.97285301834012,73.74053771907792,74.03113521720735,32966000
77.58822631835938,78.76995701320932,75.83818706732326,76.26962637160483,55344000
77.71121978759766,78.60830825072733,77.29268191848519,78.2041474056117,39072000
77.53119659423828,78.54333141599089,76.66138672902949,78.08462872761372,33174000
77.13597106933594,77.92594312364784,76.42485320690311,76.59196719094011,31210000
77.74246215820312,78.23885538819876,77.24457825784714,77.45136526093125,34194000
75.87042999267578,78.5473107543964,75.52181743296583,78.15058813294185,29734000
76.91827392578125,78.04694597778177,75.40180813556019,75.53123918577117,41670000
78.64946746826172,80.0950243200402,77.71469603177026,77.84908337715488,60322000
79.67448425292969,80.00971101369345,78.2274445172993,78.60036177725868,30512000
80.97970581054688,81.0362377810544,79.93483669697007,80.09055499720758,30548000
78.56515502929688,80.81108811639827,77.7464214200615,80.08806764416121,35826000
79.2886734008789,79.4433928628806,78.203147671929,78.7952539907842,25902000
74.9207763671875,77.05364551687353,74.80572991828615,76.86520815058896,45174000
77.20588684082031,78.78582318752815,75.20591444663212,75.22922035595008,55406000
80.14311981201172,83.37689856838614,79.42208175772936,82.68858716235039,99878000
80.55026245117188,82.23235921213355,80.050388434645,80.51158068776404,44228000
81.60850524902344,82.27003752125272,79.94475820536469,80.86961702118651,31432000
86.57695770263672,87.77604704171848,84.45201818009168,84.57995857453083,71342000
87.4026107788086,88.85659689104831,86.33790903274921,87.79685143429904,39758000
87.26525115966797,87.70015609543829,86.12219462200115,86.84918769044951,28622000
87.34906005859375,90.09982356156625,87.15714949334874,89.06289964750782,53440000
86.17377471923828,87.24789727172411,85.10262594054147,85.77953403684037,43022000
86.64537811279297,87.42244865386503,86.43858355014122,86.70339318512825,31838000
86.42668151855469,87.5256006507518,86.18616905114561,86.38601724295751,26474000
87.88661193847656,88.12811565464587,86.08748643492731,86.68355780156224,29744000
87.97439575195312,88.98157439814365,87.34459885703573,87.48395005570929,25468000
87.3609619140625,88.12861930166262,87.25335367641775,87.66841834553581,21314000
86.3185806274414,87.52659876109121,86.21592867248422,87.11202590924145,20108000
87.20772552490234,87.4517111808944,85.79192921661566,85.95111313440208,20106000
86.1073226928711,87.69321431232694,86.03888806138033,87.37782025271105,27694000
85.66995239257812,86.5838999484905,84.80807993895488,86.29776685956845,22530000
87.4720458984375,87.59998627783115,85.33123893145898,85.66696514111936,27984000
87.48344421386719,87.79338256520208,86.70140982396333,87.6659416054076,19600000
88.61856842041016,89.11397796643531,87.50378154731892,87.50378154731892,14790000
87.00093078613281,88.28729593403301,86.67561660708266,88.05472111529265,32418000
89.03215026855469,90.33934712767135,87.42890021723332,87.60891569180329,37350000
90.5005111694336,90.88583053694929,88.52682579597574,89.03214790983743,29424000
90.34529876708984,91.4357808641382,90.10527814356266,90.28082916707561,24728000
90.44049835205078,90.72514067182145,89.93616001419728,90.2649473559937,20544000
90.10676574707031,90.7147397818171,89.41299871935603,90.03336726128934,22288000
89.82411193847656,90.0542124428041,88.82983471238774,89.68476829721273,19936000
88.16431427001953,90.6691169876544,87.3778154633778,89.77599364104356,31728000
87.65800476074219,88.02199315546525,85.96598802674157,87.40757214922617,28688000
88.01258087158203,88.13705563756427,86.91862549969234,87.27864889730141,18628000
86.89480590820312,88.75641842182344,86.73958703553363,87.81024388487914,33050000
87.33219146728516,87.47699078008323,86.36964983975183,87.27168690493497,21352000
87.1392822265625,87.73039727323327,86.73612025973473,87.73039727323327,24676000
86.31212615966797,87.61139288477847,85.84796774736196,87.4735323654879,34880000
85.60347747802734,86.70140527599254,85.047079145104,86.59280578905347,85256000
86.01707458496094,86.13807616732389,84.00569852253668,84.75599762207898,33974000
85.30595397949219,85.92037503992229,84.58987222192447,85.75771792450207,20370000
85.70317077636719,86.49066096594188,85.35455062268282,85.4899367962746,22974000
85.99724578857422,86.40636297028169,85.51076507521569,85.7413574327601,9312000
87.97090911865234,88.61756486730043,86.37708759430448,86.5303163813266,27650000
87.16756439208984,88.69047715763739,87.03615082463631,88.62898889546618,19726000
86.10087585449219,87.66346156450165,85.69175873529313,87.52659230132683,21026000
86.91366577148438,87.15467009608656,86.09294200196078,86.1514640567951,21070000
85.5990219116211,87.40211241746897,84.65730423081347,87.2786364939041,37324000
86.28931427001953,86.62553228807558,85.14130146810675,85.54744478278593,20360000
85.43785858154297,86.48371900443895,84.10983770465201,84.31613287098162,46588000
87.9897689819336,88.16233866820387,85.63026481011545,85.63026481011545,41936000
89.15464782714844,89.23052068427735,87.33914739180136,88.12961892067057,35484000
87.09466552734375,88.4876553992653,86.8888697766191,88.1226681566943,34796000
86.1594009399414,87.67041115596055,85.11553054046577,86.55265041375313,29528000
86.64636993408203,87.09962451285838,85.65803281300867,85.65803281300867,23432000
85.83655548095703,87.6530469372006,85.59604301970084,86.72669751036699,29212000
85.67290496826172,86.66470765909816,84.88393179958005,85.74233085394611,31444000
88.49211120605469,89.45267036457545,85.93127591068698,86.43560673566675,41660000
93.2329330444336,94.20737744445935,90.2297543947526,90.56993747642771,64152000
93.43524932861328,95.81210413081008,93.20019257350067,93.90636166357693,58634000
93.85231018066406,94.43896084883245,93.05589117003073,93.79776072604933,32744000
93.9375991821289,95.30331799676104,92.19599688493652,94.8530372036717,50586000
94.6155014038086,95.00230386878823,93.03754741432294,93.5265024141675,31462000
90.20148468017578,93.2527658262995,89.12736210402838,92.97704477868687,82512000
91.90045166015625,93.62568701190574,90.79954993985909,90.79954993985909,55278000
90.61902618408203,91.61975778123126,89.33960734800256,90.94929666786128,44530000
93.87760162353516,94.9918890070294,91.47346827211754,91.47346827211754,40252000
95.16943359375,96.66953234686342,94.53715474973095,94.87238913054661,66332000
102.10015106201172,104.46758545300014,99.85222758060932,102.43389477343386,97882000
101.83979797363281,102.61686853209841,100.92088672711886,102.18642801251289,48596000
103.58537292480469,103.93795810388866,101.65978991268837,102.13386851685974,29866000
103.37164306640625,104.88315268671433,102.32182512427782,104.13930054000004,28828000
102.91888427734375,104.06540659089865,102.6515926888036,102.88962324878285,21892000
103.46883392333984,104.08375438993346,101.77086950936979,103.30320303558659,25102000
103.58139038085938,103.84173555256167,102.5950434217079,103.69297120693396,20480000
103.892822265625,104.11448568687386,102.8286123513811,103.13607633020287,18990000
104.66990661621094,106.37779106891139,103.73017139399565,103.73017139399565,31004000
105.06266021728516,105.2520964251539,103.56157027886391,103.84075695054456,20294000
104.42741394042969,105.2297881295189,103.80852842248879,104.38724907315866,22546000
103.5843734741211,105.06067434938426,103.31758131898079,104.52559936877174,37938000
101.87104034423828,103.16386022134958,101.5606101179122,101.83831369636844,29466000
102.16162872314453,102.77555788180933,98.69577487059935,99.87404002469421,34658000
103.33642578125,103.56007930549984,100.54549736259403,100.66996455548863,22608000
99.97122955322266,103.29624888975523,99.50210731725423,101.95384362185172,41548000
100.26679992675781,101.98311399374562,99.23036778781363,100.6655050872536,40042000
102.63471984863281,102.96052588335621,100.88716247321571,101.56059734973552,26060000
102.37785339355469,103.87845154552576,101.99055905326092,102.39570360453789,25564000
99.74608612060547,102.94861300825744,98.8827157262955,101.75647040505542,33892000
100.86286163330078,102.87919359108754,99.44953981946315,99.91767079492536,49216000
103.99398803710938,104.44674319929116,100.55788705118852,102.21271269276662,53100000
99.55220031738281,104.8206529765834,99.43764570827803,103.34882412283017,36868000
101.1817398071289,102.35008494397798,100.94569176049765,101.64739650665258,33920000
100.97494506835938,102.2251105144304,100.13885303854282,102.2251105144304,27100000
104.16606903076172,104.69817024362116,101.97964153853603,102.06741705146506,27702000
101.65978240966797,103.02896690019689,100.78798996708696,102.96946115627736,33818000
101.87995910644531,101.90723004915033,100.5583853117007,101.41083684371416,26168000
103.34040069580078,104.81768533806229,102.12047992122729,102.45273295151992,31900000
103.25758361816406,104.08970309819375,101.36820045374888,102.57571917832706,26382000
100.238525390625,102.58959237276454,100.13140900343207,101.56951989998234,31700000
100.51722717285156,101.0170935919781,99.32557619974676,100.65459585242806,46072000
100.70219421386719,101.57745981871109,99.87453168948488,100.55044851754279,33536000
101.22982788085938,102.35949109317576,100.56879507536709,101.16139325256839,28510000
100.79344940185547,102.53256990725708,100.61839021612809,101.74706227764077,25218000
100.78996276855469,101.44355733129613,98.98636533405625,100.62085872011362,35616000
100.4066390991211,101.1336246171234,99.37119076934293,100.75674230960178,27978000
101.45099639892578,101.62059986113842,99.45053211267248,100.27918584473142,26492000
101.48473358154297,102.28809141391507,100.97296449597272,101.80756587150155,27312000
102.2806625366211,103.45793660271161,101.51102253861231,101.87799232569182,42570000
105.61608123779297,105.91213441854954,103.71430370630291,103.7549679821722,39880000
110.03852844238281,110.53592048261828,106.38125583923181,106.47746082606572,48510000
109.55751037597656,110.48683365729421,109.1870749956329,109.63983019014792,35240000
111.0338134765625,111.30507009532337,109.74793996872023,109.74793996872023,24134000
111.59913635253906,112.658382510487,111.23117534122576,112.27207187647824,28664000
112.60284423828125,112.76649260885407,110.94603596033518,111.35168748380296,26146000
111.3110122680664,111.91947814319695,110.4778940603642,111.78211703998792,25024000
111.79749298095703,112.24579128521644,111.23315696050524,111.6269058095295,25682000
111.17662811279297,112.44216945631923,110.88454751475824,112.44216945631923,21002000
113.32585144042969,113.85895143791116,111.63582486861483,112.17040796947886,29174000
113.2018814086914,113.77167310788025,112.61523075801729,113.5237224246354,26282000
113.54950714111328,114.26013311386431,112.5785359848576,112.5785359848576,30290000
113.01642608642578,114.00772947962533,111.93090021599527,113.93284788352207,22288000
112.98369598388672,113.06551638343237,111.32093263815867,112.67127568827584,23204000
111.7027816772461,113.50587995571698,111.09778136352259,112.83740129654701,24146000
114.05384063720703,114.36080521624167,112.13569603609702,112.4208378072845,29066000
114.54975128173828,115.27377066190553,113.92441882355446,114.28146844023216,32038000
113.61001586914062,114.97225396912138,113.37098650498807,114.93158969348886,44386000
116.9851303100586,120.57247792112227,116.6965153246631,118.6444129864384,81106000
118.65727996826172,119.22260714770756,117.71952740141688,118.48222838323005,41234000
116.71038055419922,118.11625658143221,116.3662249115487,117.430427224164,44856000
116.19367218017578,118.10140505153564,115.81778107359561,117.2762243414386,28242000
114.3960189819336,115.29657305551342,111.9090738290094,114.72926326113381,44818000
114.78976440429688,115.79297039823858,114.46792338467594,115.47708449305684,26636000
115.90950775146484,115.90950775146484,113.71216888819075,114.371219210084,25190000
116.63253021240234,117.59061507127338,116.34639717350244,117.22563540770174,28898000
113.648193359375,115.59460767080654,113.290644369783,115.45277455769148,30914000
112.57257080078125,113.07938351196418,110.78038425884891,111.23413819355576,34186000
109.1107177734375,111.47766057171206,108.781937883842,110.39709084619064,46376000
110.53839874267578,111.05413282086089,109.43154201842614,110.39359185483993,33204000
112.98518371582031,113.29958654023416,111.57781679125821,112.00131853077191,31996000
113.50786590576172,113.55051270106033,111.85105758223382,112.2507540019044,21598000
112.19619750976562,114.43817329757108,112.18231233154226,114.17385549892235,22204000
112.64399719238281,112.81706629241613,110.35988157512777,110.50815409240448,23684000
114.40196228027344,114.65238730936072,113.24006430047643,113.61099904442229,32352000
113.7662124633789,114.99407073122583,113.52669126628258,114.92067224724799,40632000
117.08429718017578,117.30794312536561,114.65041093317832,114.79570966912145,31832000
117.175048828125,118.22288412982375,116.78477317689254,117.62780399643341,22440000
118.03990173339844,118.47034224534134,117.35307349417839,117.35604726795344,21572000
117.1656265258789,118.47331515824983,116.84725869661128,118.47331515824983,35224000
116.87651824951172,117.82963927117555,116.67816071964592,117.74781887099097,21482000
118.08303833007812,118.30768309931028,116.74906245910415,117.74880281061728,23354000
117.55789184570312,118.70094093106418,116.65385700275765,118.478278661861,21158000
116.41680908203125,116.88494008609811,115.52121134855334,116.3250685412931,18696000
118.69746398925781,118.96822874582733,117.15223662042179,117.49242726754059,24458000
119.1303939819336,119.23999231025896,118.07412912075807,118.49266700644799,24120000
118.93895721435547,119.98431807890844,118.7574586570108,119.6119002311292,24240000
119.41007995605469,119.65504930518125,118.86260289582098,119.58314905326921,17942000
120.75843811035156,120.80158431684347,119.20378994220064,119.35950068179913,25904000
120.51395416259766,121.08522897452744,119.95655696176605,120.99993539094038,21958000
121.44178771972656,121.44227956527116,119.90895486343989,120.61610768688743,22098000
120.42420959472656,121.76908949058003,120.06368677320248,121.44625717538425,21562000
119.78250122070312,120.88687610628577,118.49068020896921,120.5754470648677,26472000
120.74554443359375,121.51815815207105,119.51223788888802,119.70812106140869,25842000
119.12641143798828,120.6061778242269,119.03119771508092,120.37211233184087,46116000
120.81397247314453,120.99993548875224,118.91566055698493,119.51273077628596,27414000
121.32772827148438,121.39666231815684,120.07161525109758,120.75198899495656,22390000
121.12588500976562,122.08644415141389,120.83578696282714,121.09265895404788,19148000
121.49584197998047,122.04678467759501,121.29748444838773,121.69419951157322,21362000
121.50426483154297,121.62774832820787,120.5685022175003,120.99993398696205,34594000
121.53153991699219,121.77849933650862,120.41030616677962,121.6728660523082,28526000
121.27020263671875,122.0125716067318,120.69347211365788,121.66494274006068,23108000
121.08869934082031,121.2548296268427,120.35972373185534,120.99447687115277,24474000
121.4407958984375,121.58212203987887,120.53527798763021,120.72718855138434,18110000
124.23072814941406,124.37602688380984,122.0507477211,122.14050574564968,25982000
125.15558624267578,125.39163425827388,123.56125763749851,124.61852120164065,26404000
125.437255859375,126.24061363873932,125.11888803471057,126.11961963968089,24060000
124.01898193359375,124.56595957690325,123.005363941043,123.0093289727932,23790000
124.48959350585938,124.70381872081973,123.53051741103474,124.00013909575392,18632000
125.93464660644531,126.02787781640319,124.58132987577834,125.14368334235166,17668000
126.29764556884766,127.00777214039663,125.63611333534345,125.99712795199184,19240000
127.18580627441406,128.26638333995623,126.86594777508958,126.90909397847128,23742000
125.96392059326172,127.64502615274154,125.49281574408225,127.59444929137345,24218000
125.92919921875,126.7638005858177,125.11939443436253,126.61651932695658,20424000
123.55680847167969,125.17047048995204,122.49259846899817,125.05591587763702,27968000
125.17493438720703,126.00159811872851,123.33117189440424,124.49851812065599,26312000
126.50346374511719,126.55007557282694,124.99046349148195,125.09956240900131,20746000
127.3687973022461,127.42980128632463,126.45386617760096,126.7960393554764,14302000
131.9246368408203,132.3054917449223,128.73649417322727,129.36131958948965,41506000
132.936279296875,133.13661932706722,131.2169841004671,132.23557346986715,30572000
130.81875610351562,133.29727889774745,129.03748857228877,133.14999766536482,54710000
134.9783935546875,137.16333785236336,134.1685888131194,135.19460884795575,95130000
134.66448974609375,135.54074659888502,134.43191491467985,135.03393383670254,31716000
133.6221160888672,134.1953809902093,133.15448447715994,133.92808941978942,25576000
133.74908447265625,134.22712811804664,132.69727646334016,134.00942969336194,21634000
134.5181884765625,134.61934216965253,132.22662753081354,134.0272359096065,20762000
134.01783752441406,134.53754419070725,133.38456751331833,134.24000035779645,19676000
135.1345977783203,135.2323009960872,133.74061681615711,134.56827929751879,17870000
134.6258087158203,135.35380063089553,134.10165272092112,134.9268333121691,20488000
135.79067993164062,136.05946972764093,134.23007678129167,134.8281458060164,17760000
135.68557739257812,136.64316290986423,135.2466997947702,136.21618040832792,19414000
135.16189575195312,136.55387918721985,135.15444996704406,136.05699411421284,15352000
136.06939697265625,136.17453085667606,134.3153999728154,134.86087941942685,16506000
136.5985107421875,136.72646625528014,135.90971509193332,136.12493157350525,15948000
137.17575073242188,137.22832524277518,134.1899301812805,136.39768127335614,22384000
135.54127502441406,137.1321307968945,134.96652692198577,136.6208534812792,21716000
134.33871459960938,135.98064658270377,134.21225730986575,135.381094351041,19258000
134.56781005859375,135.23479811345257,133.1495391773479,133.33351970472108,21782000
136.30294799804688,136.42642391817594,134.14130974243275,134.8851617373076,31194000
138.8935546875,139.71971902868404,136.47950099945666,136.83853312618544,28454000
140.10353088378906,140.91531805934204,139.18809294920172,139.4588501005937,19268000
140.91433715820312,141.02393547801682,140.21711205572637,140.4640639174662,15848000
140.28109741210938,141.2500786299819,140.19827061437374,140.58805446280763,20610000
142.8235626220703,143.3278934785733,140.3371093469741,140.49133697664018,28780000
143.40525817871094,144.77395084299167,142.98125704674328,143.2163138187646,24434000
143.51138305664062,143.98149662462504,143.09830844171228,143.9572070200469,22448000
144.025146484375,145.05513168478024,143.6958672121198,143.81141309150524,21936000
142.11244201660156,144.32663982177834,142.01127317307444,144.02563035315396,32342000
142.5612335205078,142.9733244158988,141.23320515681903,141.90763889729274,19850000
143.09779357910156,143.37996157191282,142.44171705325797,142.65545041675884,20124000
142.5131378173828,143.2163256757529,141.8278077374024,142.91879692732815,18344000
142.36436462402344,143.12755759724692,142.0038493948319,142.66140907531098,15314000
139.72122192382812,143.5322230716602,139.5843526495749,143.03035897692502,36840000
141.16578674316406,141.77821775342676,140.09215589506022,140.7859154673757,22094000
141.3760223388672,142.18782475783476,140.5880403778888,141.82332937621524,19674000
143.24559020996094,143.2664141950181,140.18885318248124,141.60117640739975,27408000
142.4327850341797,143.1171313122396,141.23419535655154,142.77049372933465,26190000
139.6458282470703,142.27409944382737,139.31853152816512,141.8580435231661,53384000
137.58238220214844,137.86058517975945,135.20454353336754,137.02895758765368,46518000
137.893310546875,138.86378985932566,137.14449465996216,138.60392895402697,25332000
139.13357543945312,139.73212885375122,137.41577814102456,138.16211224583924,25056000
140.0584259033203,140.534986416547,139.25060362210317,139.83179860304818,20952000
141.0492401123047,141.16380230179908,139.09142223509036,139.38648419130865,22984000
139.9156036376953,140.77500156753678,138.91933644415815,139.65029458618613,21882000
134.71658325195312,137.95630206318702,134.25043470064762,137.5184232831249,45772000
133.25218200683594,136.02675103167505,132.76769140885952,135.85714754159193,30848000
132.58021545410156,134.43141608042833,132.46120397036233,133.1609261171282,37996000
135.42372131347656,135.7882166913334,132.97396732571667,133.3453939422307,35360000
132.56387329101562,134.84600656635544,129.9757666568725,134.84600656635544,51202000
134.90797424316406,136.09963269834668,132.9422266108893,132.9422266108893,32404000
136.43736267089844,136.62084377835407,133.44707765743206,133.64543520241895,24364000
138.08375549316406,138.89405973958108,137.51445558203253,137.75347740127893,25110000
138.6396484375,139.1806633910254,138.07629612988345,138.4328463076523,26526000
137.77529907226562,139.55856466782143,137.72074204736637,138.15020647249565,17954000
135.3304901123047,138.36342140161824,134.64712752694697,138.33663473843401,36332000
136.45420837402344,136.86878120226152,135.39991852664056,136.27617541967604,19654000
139.9939422607422,140.17890644011712,137.68700521186503,138.33068721492134,31894000
140.20916748046875,140.55630449662968,139.60120099035484,140.4536525487432,30274000
141.6076202392578,141.62547801674657,139.91312902751054,139.92007540027947,20396000
142.06285095214844,142.4848695628123,141.43107913400408,142.21211472454237,20164000
140.60687255859375,142.3693139266215,140.2175881873202,142.163011218959,23288000
140.72291564941406,140.99070660858933,139.34827557059145,140.6068703781535,26292000
136.43882751464844,139.4305952313603,134.94071143427604,138.00934325689758,50588000
136.32032775878906,136.8687885412158,134.313900493147,136.42248030097556,34412000
138.1665496826172,138.9346913152146,137.17078194335667,138.1219203768164,49236000
145.0189208984375,147.4314763034353,138.26226450047915,138.26226450047915,85782000
144.65345764160156,145.95173330507313,143.44147439811337,145.92842739017055,36206000
146.8324432373047,147.026835739547,143.46378537419665,143.88877021249704,43320000
142.32070922851562,146.8324309481015,142.05143515277334,146.8324309481015,46924000
144.2403564453125,145.4072108702752,143.15234864828975,143.3943518013393,33482000
145.39630126953125,145.46671841466951,143.40574947129778,144.7045091916116,27494000
147.0521240234375,148.5061103237096,145.10868328164617,145.918488091667,38412000
147.6318359375,149.0952354055238,146.9822063116092,147.94672303683166,38354000
147.809326171875,149.38034098974305,147.21373919813286,148.59680852935617,23052000
147.6977996826172,148.60629148213926,146.03800993877508,148.00972059814333,19530000
144.69757080078125,146.85624308458767,143.35269859682205,146.29090824279103,29970000
144.57159423828125,146.3261054565842,144.40695463692256,145.28867468971785,16518000
147.45924377441406,147.62984607624279,144.21902587009922,145.41365059304397,22360000
147.235107421875,148.32361464376697,146.36529744247616,147.6799325584469,23508000
146.66384887695312,147.54307207632556,146.10496093518637,146.93510551026554,18904000
146.8334197998047,147.34171568581732,146.0330433290407,146.81407891963306,19594000
148.6102294921875,149.3461514524102,146.67225222682112,147.026320462845,35608000
147.70570373535156,149.72898972518277,147.67843279309778,148.74610077592874,33682000
145.10272216796875,148.6013025990791,144.94949337082977,148.10838258410493,30594000
144.5869903564453,145.45779912839131,142.93366287312807,144.95495136652673,27218000
144.92221069335938,145.0506504792178,143.18953724894834,144.2810105888424,18040000
141.0175018310547,143.37253416299765,140.67979308519273,143.16524773270095,30470000
144.33753967285156,145.098250620001,142.71395011842046,142.81958339759728,32596000
140.73434448242188,144.80320881089577,140.44076564760365,143.81983548713401,42068000
139.89527893066406,144.75412317905503,139.7569265486594,142.81961122468087,34020000
141.7940673828125,142.68520065080236,139.06511173639353,140.09213056944827,29194000
140.83749389648438,143.21633168228553,139.15093259281727,142.5032312136305,41230000
141.9815216064453,142.67329857712156,139.00114949695094,141.86795825434288,30618000
146.06227111816406,146.32163257835683,144.0370028598904,144.40298128163397,32240000
146.97178649902344,147.1766061373384,145.20589435210303,146.3866264476649,24270000
146.4282989501953,147.87782097151015,145.90909157600555,146.38118770629148,23270000
146.78829956054688,147.75629704872722,145.5014348041652,147.4810753999608,24458000
144.6311492919922,146.75707245649807,144.32467651369262,146.57011059273268,27070000
142.72735595703125,143.2956569953205,140.05742162389038,142.78786052539195,38446000
145.2406005859375,145.51830418302902,140.51664296060125,142.23345653906728,36370000
143.26095581054688,146.46645697869997,142.42981251292935,145.96410864255435,33650000
140.56324768066406,142.65545262972856,140.1417284945182,141.33188874138816,50416000
140.44619750976562,140.61233535579893,138.17894105107746,138.85237592178575,27192000
142.29641723632812,142.68966664568237,139.35076199155114,140.88904290220043,28756000
145.2147979736328,145.2991078691126,141.89474965551238,141.89474965551238,26322000
145.7122039794922,147.0283222152052,145.2515035755231,145.29911422761188,26384000
146.69407653808594,147.1279902675561,145.96311835123439,146.04891135250273,15976000
145.48455810546875,147.08334356217858,144.8572507717245,147.0208564815043,18200000
145.4528350830078,146.208597395199,144.45360165448406,145.44242309096177,17788000
145.0020751953125,146.09256498744182,144.7977701008214,145.49152966687038,15688000
143.6645965576172,145.49595668614006,143.6645965576172,144.85277414670412,18136000
143.80294799804688,144.6553994298771,142.5349249798288,143.8659193516871,28646000
143.21583557128906,145.2842353697018,142.53843558316575,144.2041576289817,28400000
136.64561462402344,143.3149946024937,136.55933735130031,143.23614798069272,54618000
136.61834716796875,138.7928795446468,135.43909829641714,135.8754939287169,37348000
135.89382934570312,137.31359818480337,134.65357655381717,137.01307300645394,29760000
137.5327911376953,137.68157063585514,132.0729270904359,133.97073966369757,44408000
138.59056091308594,139.06663719581033,135.5720211712193,136.87574497844983,28730000
140.27114868164062,141.4390018146242,139.54118939726052,139.9929457226333,26108000
137.45095825195312,141.67901339710585,137.27440842260475,140.3797392243777,31436000
138.337158203125,139.5883225969847,135.8755088296192,135.95533915327124,29662000
134.88319396972656,136.00740156008052,134.32828625328975,135.05874499682633,34872000
134.00894165039062,136.82863968515622,133.90877161248727,135.40440607477944,28648000
132.21473693847656,136.49784887181025,131.8745463034307,135.1331212999803,29908000
129.28298950195312,133.7599798995472,129.02016235439484,131.5066158303364,55652000
129.73178100585938,130.1275124017033,123.47945498392451,124.94533645029941,76622000
125.89447784423828,128.3382842647663,125.46354548795776,127.68468965184117,46960000
128.17364501953125,131.9097642410679,126.09978210305361,130.04418655853962,49130000
127.94754028320312,131.56513295183782,127.8756248860706,130.22769119645346,31950000
132.2578887939453,132.26335206297418,127.43177919070502,128.59615164447928,34362000
134.1943817138672,134.36250208787934,131.12574979400958,133.06224407236246,39986000
136.51568603515625,136.66346669345492,133.2670388818161,136.466592286511,68644000
146.7868194580078,150.3042417927189,144.32963459516995,150.01017866907893,123200000
141.91705322265625,148.4480810526987,141.49603343553346,144.51112229924576,71518000
142.11839294433594,143.68742564570832,139.36316498296367,142.26865554288074,57998000
138.0599365234375,143.06754453763955,137.76139385139092,143.06754453763955,54974000
138.25631713867188,138.8523885484705,135.8908729676065,137.8868730262489,54284000
140.43133544921875,141.35620183871598,139.03785374463664,139.80799308806806,40144000
137.48370361328125,140.3247247602678,136.82614390542432,138.55833324032872,39330000
133.1817626953125,138.01580259283259,132.30648944702975,137.46387619119915,39958000
134.41505432128906,135.18271167288583,132.16415735662878,132.16415735662878,34302000
135.4886932373047,136.9763973849014,134.7081419187358,136.4427979327925,26680000
136.6089324951172,136.95407185843112,133.81798904852437,135.5263729022058,25022000
131.45252990722656,135.98952448924578,131.39252475863216,135.1261616337196,38950000
129.33404541015625,132.97099324127743,129.1292409403073,132.37292423632954,45620000
128.74940490722656,131.09699145275212,127.17242689104972,128.77369451228557,44990000
126.54212188720703,130.96853484878528,126.4821167334988,130.56933788926054,32786000
131.60328674316406,131.9097594685947,123.9292178705829,123.9292178705829,54456000
133.35733032226562,134.1626707970964,130.67152021704777,132.45726794511472,36406000
133.9499053955078,134.6387009971114,131.5055996259116,131.95935360321266,38864000
132.96255493164062,135.13857036774974,132.12647806196426,133.77285909543676,26496000
133.46839904785156,134.15372912259033,131.9806947822643,133.52443917740345,23520000
132.80189514160156,135.32106741558047,131.93505144439177,134.8950837847723,24604000
130.82522583007812,132.75428947542676,129.26908704703752,131.83786771432526,30430000
125.34254455566406,130.6551346655655,125.25972533418172,130.41016532100002,45112000
126.0625991821289,130.1741178832379,124.64432087127925,125.21510386863837,40428000
132.3263397216797,132.63925946578047,128.83568872512197,130.1741292671744,37026000
131.3439483642578,132.17954098140794,129.8393852677274,130.18998790766506,27102000
128.805908203125,132.69873673623212,128.56886893727994,132.39424653455924,31526000
124.9185562133789,129.34001346575886,124.2481025769408,129.18232020379136,38812000
128.13893127441406,128.79005910986243,124.68993626243409,125.93514541675391,30920000
132.18798828125,132.24004824775446,127.6792471066061,129.66136979641874,35576000
132.7418975830078,132.98141880336502,131.10144887364655,132.05755123913005,28264000
135.0096435546875,135.1271719338952,131.17433810969047,132.33078043484574,44566000
134.98583984375,135.92656630102422,132.99330550843302,135.04732810159504,26832000
138.72145080566406,139.89376833061417,134.9858312898088,134.9858312898088,35496000
137.14202880859375,138.4442694271566,136.70514886604158,137.56553055143635,25154000
140.41152954101562,140.4581413727079,136.62135200854692,138.0589638071755,26396000
140.51168823242188,140.8707203771551,138.59205274099185,140.7526925700073,24126000
140.2959747314453,140.83848798996723,138.66543848117558,139.74551627484473,35050000
141.33734130859375,142.61479282683288,140.87417414180615,141.4781907391212,34318000
140.77499389648438,141.55058130392723,140.43926771554987,141.29221863890226,19884000
137.92752075195312,140.9430935807132,137.88487396414888,140.88853656508715,37524000
139.0016632080078,139.3195316638882,137.1737682495904,138.3564979945896,25942000
141.79953002929688,142.53396895874045,139.16034726925992,139.20795791982718,25942000
139.4385528564453,141.8183741448747,139.23176584389168,141.69787954637118,21418000
135.42869567871094,138.2181411119585,134.40614115921403,137.61264137354576,32468000
134.77459716796875,136.04013849416,133.1272020827794,134.89509176328988,26234000
132.19491577148438,134.5578779659387,131.87554910979466,134.47208496943966,25142000
127.76750183105469,131.009702203024,127.61377361707454,130.7429100506066,36884000
126.66759490966797,130.52125019058332,125.7496824779024,130.52125019058332,32710000
128.82923889160156,129.26563457471275,126.69388743885823,126.9507670450841,27928000
125.69116973876953,129.40993832117093,125.56322179244722,129.40993832117093,31598000
126.62991333007812,127.16151517107208,125.14766477730133,125.95896028482899,20808000
128.9432830810547,129.26461711503015,125.95844660693362,126.64477542409657,26490000
126.99041748046875,130.3218916355038,126.45485065417712,129.81904388797793,31696000
123.79136657714844,129.0320490590413,123.50572537982224,128.1905088826277,36446000
118.65481567382812,124.37404857874347,117.95014478551222,123.97534345046293,56884000
122.06512451171875,122.26695521347695,117.53953279206783,118.12469276013913,46128000
117.67739868164062,121.50575793064277,117.53953815889362,121.29202455748772,73054000
113.35760498046875,116.2809382238553,111.81237758233146,113.53116592670582,91820000
117.55094909667969,118.66870978777183,113.17957694674581,115.46072646475163,48884000
113.17411041259766,116.95337579484945,112.88153042406998,115.77759257193108,42676000
115.62734985351562,115.78851630049633,111.67699747496509,112.47539905815094,35534000
116.37217712402344,117.47109620573961,115.08333000535104,115.4760799985851,24968000
121.25879669189453,121.84742986414153,114.1723618582886,116.07216443085974,49916000
115.55048370361328,120.04682243338775,114.06277948042218,119.21866799050063,45840000
114.79769134521484,116.60773584446028,113.08088562376314,114.24030172909401,39710000
111.58871459960938,114.13368219175439,111.08240126088768,112.32165521736495,40802000
113.45728302001953,115.29708062521888,111.9750344564831,114.5606667108094,39900000
112.67127990722656,115.41064030425353,112.30828274140973,112.30828274140973,37534000
111.91899108886719,113.35809330514908,108.92424196384515,110.46451302431396,53836000
115.0992202758789,116.90876567807538,112.67377066649176,113.59415757400978,35038000
113.50686645507812,115.21772470104247,112.95592377559407,114.0131798264507,25990000
115.51824951171875,115.94175125327278,113.92839273794735,115.88273735100042,23054000
110.98223114013672,114.45404021864253,110.64104923458649,114.05731760057398,35126000
109.47915649414062,112.08362994881233,109.0983015778271,110.51807047133238,34144000
108.0152587890625,111.26391395378205,104.92926830668526,111.03331404707964,48962000
110.57410430908203,111.22819834582448,107.84962051186193,108.68918571926903,37184000
105.1013412475586,105.58583938493665,101.04932840845038,104.90496623527923,76780000
104.93769073486328,105.62699334651613,103.0051614939558,104.12490462445021,40258000
106.90889739990234,107.75886699890704,104.36243908840518,104.81073736570944,37948000
111.39581298828125,111.39730365863458,108.24386241128829,108.58554373009294,37914000
112.82946014404297,114.78628645360023,111.15975811404779,111.8222815933293,50012000
112.95840454101562,116.14159882441551,112.32166882859197,113.91351567650608,36606000
116.6583251953125,116.93305500118844,112.02066027717234,113.0655218882824,37992000
113.60208129882812,115.36798842891481,112.5879638758018,115.11110884827522,26136000
115.8628921508789,118.3686786203438,115.21177191367441,115.74783813274163,33542000
116.1891860961914,116.726251121794,114.10888390906136,114.53386869403015,31590000
116.23332977294922,117.59854920159584,115.64419719383626,115.80437236671298,26108000
113.89415740966797,117.32926690453378,113.83514351672737,115.37392377581374,25798000
110.25027465820312,112.35041717414056,109.46129391687555,111.52325408711977,41452000
105.52037811279297,107.89970745137141,105.24912150780392,105.91114561990199,47252000
105.84072875976562,107.03981794977923,104.93273646839161,105.66171211229965,33706000
108.86474609375,110.5101436125187,106.7869179368398,107.65523726592659,39698000
105.16431427001953,107.75787626146192,104.27615475355856,106.34207999882139,51684000
106.26522064208984,107.80846549966309,104.18491071395393,105.16431896946578,51376000
110.629638671875,111.56739132946274,107.70977129217107,108.03656858558827,47416000
110.5736083984375,112.41736323198378,109.47766306713153,109.65024031138255,30774000
111.32192993164062,111.81833075860875,109.5947120241901,111.31151793905035,28362000
117.00792694091797,117.1110783002862,112.02659857865726,112.06875352459626,41164000
114.88398742675781,117.60747238809732,114.23534152789627,117.30348914348141,36420000
111.08934783935547,116.34788803372125,110.9311551773519,114.85323751449626,35792000
110.78585815429688,112.23289804690751,109.96365128893204,110.63758563635704,24716000
108.0698013305664,109.97902466562923,105.87494437052855,109.09830333262894,43170000
107.84616088867188,108.35445680115731,105.85560889935694,107.04825117092746,35476000
112.33454895019531,112.44761288334064,104.86478520912014,106.22256636530622,39342000
113.63282775878906,114.64198891272858,110.5622056578975,112.37324154606672,37432000
117.80931091308594,118.2124805128393,113.89219223353552,114.13666975081995,40936000
118.37513732910156,118.70391717679874,115.94323338269083,116.2888797500777,38238000
114.72827911376953,117.03075205965408,114.38511466684228,117.03075205965408,31196000
113.08584594726562,116.01513422724025,112.75805737728307,115.26235327439865,29960000
110.44070434570312,113.25990236152596,110.28994990879096,110.78535185551783,43722000
109.4627914428711,110.18234634307093,107.48464162453597,109.30708070983803,37004000
110.86123657226562,112.2130703596854,109.99093473931617,111.08241574521796,46770000
108.1362533569336,112.74813768915693,107.48166747224792,111.71666191412223,43164600
112.87706756591797,113.08534523356836,108.66190591539453,109.94133235969358,36530900
112.96633911132812,114.45404329391755,111.55798096785527,112.24231974638516,35600400
113.40272521972656,113.61101046049744,110.1992065063923,113.34321947485182,32676200
107.0155258178711,111.41912519430015,105.62700035615626,110.09011304726145,48901200
106.62870788574219,108.96936280799288,105.42862755501386,107.52133180810117,34690900
104.15913391113281,106.32126446694355,103.21692421288428,105.72618425926788,47991000
112.13321685791016,112.97625525163264,107.12461749425067,108.36437093577844,59858500
113.2837142944336,113.40272578477607,110.54633651373639,111.44888067205848,32816600
115.36650085449219,115.7533033393372,112.13322162287426,112.15306191622032,37223400
113.91845703125,115.76321063113234,113.40271539749043,114.35485263414594,26034300
114.18624877929688,115.39624935448683,112.78781082558956,113.0655143870716,20236000
117.1120834350586,117.64765788707062,114.53339751440666,114.7615079345928,28499000
117.2211685180664,117.80632850385459,115.93182192650802,116.51698947915064,21602900
116.50707244873047,117.1418256153438,115.04912116805919,115.27723913427396,19159500
116.33847045898438,119.16510690112827,115.92190753578308,117.41953186952958,19138300
115.67394256591797,116.35828882894792,114.76148592644728,116.1797640458468,19086500
118.71878814697266,119.92878873304059,117.43936923676468,117.80633141765588,30930400
117.86583709716797,120.49411594083621,117.58813353334271,120.28583826796728,24293700
120.68256378173828,120.68256378173828,118.48076037738996,119.27420563607838,19096300
121.07928466796875,121.29748248930953,119.62133337705963,120.13706749098401,19494800
120.702392578125,121.42641192061868,119.65108407641937,120.5238677790755,19041200
118.57003784179688,120.29577274171552,118.40142560065998,119.13536518315931,22847000
119.1849365234375,119.82960983443398,117.74682554009155,118.45100459562921,17987700
116.24920654296875,118.17330641726673,115.80289830486177,118.08404022953236,21809500
113.30355072021484,114.6821560186315,112.91674823026226,114.25568050831775,21456600
112.9266586303711,114.06723327503279,112.50018315686643,112.54977631975122,15870400
112.75806427001953,113.83912570446977,111.94478626575493,112.56961931409134,17734600
115.69379425048828,115.76322014148404,113.17461431501371,113.3035459506188,16956800
109.43551635742188,114.17634005588431,109.28675199221415,113.77961742600252,37245700
108.52306365966797,110.04052077631388,107.9081507488915,109.08839096914106,21191200
108.0469970703125,109.59420698279374,106.91634250859858,109.26691024996742,27513300
107.33289337158203,109.94133184491908,107.24362719051874,109.74297432432968,28627000
108.8404312133789,109.54461025492617,106.47994340226887,107.39240011242691,28360900
106.96592712402344,109.832236521105,106.38076712239958,109.68346459238305,24160700
105.93444061279297,107.14444107919324,104.91288507482174,106.42042936854642,25068300
108.55279541015625,109.07845716303832,106.02370323017622,106.1823877170652,23167000
107.49159240722656,108.70159312023178,106.28159926107675,107.154383063264,24238300
109.74298095703125,110.08019027578453,108.12633755578807,108.17593072235994,23197700
109.95124053955078,110.70501265962278,109.02886378785257,110.08017215782019,22966800
103.4648666381836,107.4122450675289,103.2367486673143,106.91634367306543,38172900
104.1392822265625,104.41698576847003,102.81027025690392,103.71280676810338,26395100
102.06642150878906,104.40706896560022,101.51100684033769,103.17723571198333,34188300
101.95732879638672,102.28461796293107,100.11257502049808,101.23330943767259,42797200
102.22511291503906,102.48298375828159,100.71757600878111,100.91593353936474,23036800
100.3109359741211,101.5308567644108,99.69601550554796,101.24323304040989,26517100
98.46617889404297,102.03666739252802,98.45625874751293,100.83658693545453,31487300
99.31912994384766,100.4101114902342,97.98019770206167,98.00995057481285,34298600
97.93059539794922,98.84305962268306,96.67100931227313,98.81329918585423,31625400
97.36528015136719,99.06126205035565,96.99831795404086,97.29585425726316,27072700
96.70077514648438,99.18028220152245,96.0759420926826,98.61495489564797,30072800
99.22987365722656,99.8745394269292,96.31397098941996,96.84954541208984,32466300
96.6214370727539,97.83143782609437,95.17340574121954,97.83143782609437,31047200
94.86593627929688,98.08929527552542,94.77667009540615,96.25446166796625,32941500
97.83143615722656,98.47610954707449,95.72881131295725,95.9668494539462,27982000
100.80683898925781,101.0051965284241,99.557165305316,99.61667862054995,28850800
100.59854888916016,101.09445024273644,97.99011049341637,99.01166607108686,22176900
100.58863830566406,102.08626265455283,99.76544016442644,99.85470635132027,22324000
97.87109375,99.70592728808386,97.49421143647145,99.03150112865876,27502800
97.05780792236328,98.28764108949238,96.21477718333813,98.18846233787536,18225100
96.3833999633789,98.43643153246492,95.5205287714698,96.63135067252868,26507100
96.76028442382812,97.94053224647043,95.9470063827848,96.50242112883399,21876400
98.24797058105469,98.96206971787448,93.60633375857984,94.37002605589976,34574500
95.76847076416016,99.86462094928686,95.58003338781863,99.1703544867437,25410700
99.15052795410156,100.10265774202443,98.0198733580147,98.04962623156622,28419200
99.9439697265625,102.62184195796414,99.15053198777534,102.28462505466679,24060700
98.81330108642578,100.19190624537119,98.10912207167954,99.19019095829994,23811100
99.15052795410156,101.48126304018042,98.57528050925599,99.18028082765306,25323200
100.30101013183594,100.47953493084219,96.9189666638649,97.04789829825931,32458700
101.67962646484375,101.90774445337716,99.16045384473168,100.96553475767932,27176400
103.6235580444336,103.96076735839142,101.87798302852408,102.05650783204726,40611400
94.1518325805664,97.50412305253043,93.91380204631294,95.6395366616455,88114100
91.46404266357422,94.64772829929214,91.04748736174656,93.74518424514507,60710900
95.50069427490234,95.75856512636024,91.37479091899618,91.51364270819928,43697300
93.73528289794922,95.24281979479946,93.20962863501363,94.63781949338367,31675000
89.7283935546875,95.2428142728165,89.62921479576478,94.66756687746879,47161400
86.257080078125,90.43256844263183,86.16781390238052,90.19453791873643,57038300
82.74610137939453,85.81076815755338,82.6568351996716,85.61241063994241,61288000
85.87028503417969,85.92979077856455,83.02380838038178,84.69995747119829,51124900
87.76463317871094,88.17127598440243,86.13807708965564,86.56455262317961,34078900
88.17127227783203,89.5796304672484,86.87200543719126,88.17127227783203,30429000
86.60419464111328,88.70681868081043,86.56452163279606,87.72492875037753,31769100
93.16996002197266,93.61626826753488,90.8590576182188,91.49381082236977,51620100
95.61971282958984,96.13544696291301,93.1501183771832,93.9138107806014,33090500
94.91551971435547,95.99658864167773,93.73527959271193,94.31051943427285,30179500
97.63306427001953,99.31912590340235,95.91724219824151,97.4545394739204,41640800
98.0396957397461,98.82322078363063,96.83961537638496,97.09748619804606,29105200
97.55372619628906,98.46618297666177,95.99659606811966,96.17512087878868,26052600
96.63134002685547,98.0892912467336,95.58003155727448,97.96035204939338,28342300
94.81634521484375,97.5933960537091,94.57831466395251,96.49249435141179,21647400
96.25445556640625,96.42306021024527,93.2790474508061,95.16346653720288,23438500
97.65290069580078,97.95044455619234,96.29412816473291,96.29412816473291,18868100
96.66110229492188,97.83142992962435,96.60159654689032,97.43470728675223,9701400
95.26265716552734,96.78011416235111,94.82626153412802,96.24453976932135,26237500
94.40969848632812,95.33207527119987,93.33854978773114,94.94527283562661,20061700
100.16215515136719,100.21174831439473,93.64601154608545,94.04273414974281,43647500
100.16215515136719,101.4118287044889,99.42822325305634,100.191908022442,28687100
99.6166763305664,99.94396550598155,98.08929910016103,98.23807103454332,21480700
98.66453552246094,100.54895459128153,98.18846689898945,98.58518949074,24405100
96.18502807617188,98.96207106432217,95.62961342505861,98.48601001120109,24910700
94.1617660522461,96.08585845727798,93.94356821211183,95.61971746872926,31045400
92.94183349609375,94.79650733675184,92.6839626659769,94.59814224941029,32213300
92.06905364990234,93.48733192437892,91.98970761165849,93.0013431152763,28225400
92.54511260986328,92.79306329851202,90.85905095379364,91.9500324704772,29420000
94.8460922241211,98.7141243795283,94.2510121002556,96.95863687909693,40593700
94.29068756103516,96.07593554575189,92.83273630132557,94.4196191950435,28733600
90.11520385742188,92.8724144565508,89.2721729828965,92.36659290509361,40107000
89.5201187133789,90.58134735770545,88.786179227131,90.01602009048204,58011800
87.71503448486328,89.81765139665094,87.4869165311304,89.5201151224369,29493000
88.29027557373047,88.44896764240224,86.7232330132954,87.38773902543626,23453800
88.84569549560547,89.48044867408069,87.59602186498341,88.34979410199328,24745600
87.04061126708984,87.81421619968995,85.61241288884075,87.43733387958731,27658300
88.4985580444336,88.81593460502073,86.35626058532988,86.39593360126003,23003000
86.67363739013672,88.21093460263191,86.29675508801945,88.07208282991216,20097300
85.31486511230469,87.31831080815121,85.23552664693922,86.2670023652313,19523200
87.7249526977539,88.12167532237186,85.9000392181079,85.9099593646084,23333500
87.50677490234375,87.57620080402297,85.86037842415688,86.267021253175,23986300
88.38946533203125,90.30364497529531,87.79437761826055,88.85560627643153,28131200
87.35797882080078,89.90691131674406,86.55461353258538,89.60936749638965,34854800
85.49339294433594,86.85216541875592,85.19585666320351,86.75298665837843,27194400
86.62403869628906,86.97117567277324,84.16437239360367,86.07855178597063,41381500
87.29846954345703,89.31183536259933,87.13978504764104,87.63568639320383,29003900
87.69520568847656,87.94315639958413,85.12643995349273,85.27521189352831,30467800
90.76979064941406,90.84913669096524,88.28037102229985,88.44897568545483,26862000
90.38299560546875,91.11693520003142,89.01431032674121,90.73013267415503,30258100
91.3648681640625,91.4342940509324,89.3911753274604,90.1052744877532,26329200
90.54167175292969,91.49380146174484,89.3118384915669,91.30535652243567,32602400
90.37307739257812,92.03930646438202,89.89700870055337,91.38471295870488,29116700
92.28726196289062,92.84266916002713,89.88709321771738,89.9763594126032,37000400
97.21650695800781,97.49421809768434,94.24109856316726,94.32044460307483,63191100
98.97200012207031,99.21995081656387,96.70077085248677,97.1470790758333,40005100
96.89913177490234,98.79347877926642,96.40323036854797,97.29585441335684,33078500
94.439453125,95.37175007274746,92.99142210911067,94.786582552293,42330000
96.72061157226562,96.77020474200492,94.59815405733514,95.70897598453968,30114000
98.5554428100586,99.49765240364174,96.5123239826297,96.5123239826297,33879800
96.1453628540039,97.48429507886306,95.60978845068932,96.68093725731849,27226200
98.02978515625,98.0694581762873,96.02634682892345,96.07593999568378,29870700
99.60675811767578,100.36053038415385,96.78012157695186,97.90085604626204,35531100
106.85681915283203,106.96591805351979,104.74428215805406,104.93272708957909,69883800
103.92108917236328,106.92625024321528,101.73912618609937,102.08625562934304,65309300
102.05651092529297,103.50454212360086,101.04486781904797,101.56060951901542,31999600
106.75765228271484,107.29322670020932,102.27470697729218,102.37388574345306,49010200
98.5554428100586,102.29453587919534,97.23634332555855,101.2134745048074,94743500
94.23118591308594,99.21003262732542,92.86249320969232,99.18027975409596,119455000
93.79478454589844,95.95691481547425,93.47740797269714,94.6675682304884,54980700
93.83446502685547,94.4196250562035,93.07077262109874,93.96339666886732,50076100
93.90389251708984,94.07249718262943,91.50373147763352,93.65594180887688,54726100
96.1453628540039,96.32388765510876,93.37823222030585,93.7154415296958,50169000
94.72708129882812,96.87929141683016,93.96338895576008,94.58822952133472,42462600
93.57659149169922,94.77667195660865,92.44593691924389,94.07249288547277,34284100
91.03756713867188,92.33682620286696,90.96814125509322,92.23764745016229,33629300
90.89872741699219,91.35495579337403,89.86725160509873,90.94831301648848,30884000
90.14495086669922,91.18634677544837,89.02421648917793,91.1665064831145,41206400
88.39938354492188,89.1531558147064,87.85389652834307,88.70684756779147,36585100
89.13330841064453,89.4209320921076,88.60764664095792,89.13330841064453,27502300
89.3217544555664,90.48216943962086,88.58782252932733,88.59774267568118,30142000
89.61930847167969,90.28381458248744,88.9349620659149,89.24242610290563,31111200
91.245849609375,91.52355315835904,88.85560143860462,88.92503489270483,32204400
92.88233184814453,92.96167788657921,91.69216397218837,91.7219244117424,35160100
94.35020446777344,95.18332281482824,93.229469946737,93.2493026747561,32639300
93.09060668945312,94.8857672449639,92.76330996601668,94.20142849315206,27835500
93.4774169921875,95.17339892826718,93.22946628398542,93.34848534799025,34103300
91.56321716308594,94.74690265091589,91.14666188060802,93.27903901736893,28813500
89.88707733154297,92.02937482791765,89.65896694454361,91.41445442058324,35941000
90.3631591796875,91.81119044726069,88.68700992489863,89.35151602505144,37335600
93.19970703125,93.58650950422467,91.6822500116025,91.80126150060728,36050200
95.32215881347656,96.13543673086967,91.88060220810499,92.45584959444147,50622100
99.4976577758789,100.36052894620208,94.71716852573586,95.41142746724535,65492000
100.78699493408203,101.99698789396676,99.27945056518114,99.43814263216196,61028500
100.39027404785156,100.91592828670724,99.05134186896636,99.29929255271749,32960400
104.0599365234375,104.23846131049126,100.39026959348749,100.42002246352078,42110300
102.52265167236328,105.71625013011207,102.48297865485124,103.41526808239401,43427400
104.73436737060547,105.42863382566868,103.60371285731998,104.19879298533533,40797800
104.57568359375,104.62526919076385,102.98879315221856,104.12936781949888,30393300
101.6201171875,103.90126672624382,101.0944628976051,103.7624149352095,31120900
100.20182800292969,101.61018605507579,98.92240158084621,101.60027347597008,32057900
100.55887603759766,101.64985750388202,99.8249441518215,101.44157984306125,28779600
100.06298065185547,100.33077163663715,98.96207897409658,100.0828209446528,33086200
102.87970733642578,103.03839184898722,100.21175539436457,100.46962623998861,36863400
103.5045394897461,103.67314414754483,101.0944584138917,101.55068678803492,25035400
103.86157989501953,104.71453082187777,103.18715375673288,103.47477744759011,24420100
103.61363220214844,105.23026792467863,102.81027441388282,104.9128913544011,28290500
107.53126525878906,108.27511741066256,103.4747951559961,104.39717212699348,48711500
105.5675048828125,106.70807218361794,104.25832533534513,106.10307936589312,27067400
104.48641967773438,105.85511233488984,103.82191364187591,105.67658753468932,26311800
103.78224182128906,105.87494628290851,103.48469796190201,105.70634162712136,24370300
106.54936981201172,106.6088755556612,104.97239950361016,104.97239950361016,24843600
107.97756958007812,108.04699547084493,105.96420361413152,106.01379677904549,26578000
105.1013412475586,105.2897861961485,103.66322268410477,103.80208203407157,37571200
103.64338684082031,105.66666534841484,103.2169113578442,105.61707218442865,26596400
103.32600402832031,104.11944920307992,102.225102442597,102.7309239306776,20905700
104.42691802978516,105.37904781258688,103.01855986565269,103.05823288579296,27820800
104.54592895507812,105.13108893118996,103.92108839505883,104.6054346972307,25800100
105.1013412475586,105.75592714410803,103.84174748622819,104.62527258627793,23542800
102.99871826171875,105.81544212100182,102.98879811509617,104.96249111597527,46664100
102.85986328125,105.47822196102051,101.788714484929,104.05994371224027,53347600
106.70804595947266,107.48165840059524,102.69124967380353,103.59378617149903,50089200
106.4601058959961,106.47002604243367,104.22854965938166,106.16256960456029,36139800
106.32125854492188,107.10478367534759,105.94437619998563,105.96420892683281,26681700
104.45667266845703,106.32125924543107,102.85986952338662,106.26175349764249,30997200
104.54592895507812,106.60887287386203,104.09961318837087,104.66494043938329,21795400
103.83184814453125,104.73438484982799,103.11774884499437,104.6252859253512,23419500
104.7046127319336,105.01206915340022,103.25658167035746,103.96076069275621,26639300
106.88658142089844,107.07502636899285,104.29798314719713,104.3178158732233,26511400
106.47001647949219,109.24706701792465,106.31133198501676,107.50149217757128,36360100
110.83396911621094,112.01421693579962,107.04528251039365,107.08495553264132,63153400
115.61444854736328,116.95338077292648,113.4721584998331,114.45404112299883,78900000
116.5467300415039,117.06246408354477,115.15820483575041,115.72353203640354,41102300
115.55492401123047,117.5087763602692,115.0590227070827,115.15820145454158,36266800
118.53034973144531,119.76018303268906,115.47559542065336,115.535101164742,45035600
119.84944152832031,120.67263963270652,117.91542917883902,118.62952837460274,33323600
121.82313537597656,122.29919646548392,119.83952984703524,119.95854133598478,35234200
121.75370025634766,124.93738598095622,121.1487000105305,122.53722528891174,41353400
124.02493286132812,125.39361788753433,121.73386343823515,121.93222852186562,35253000
121.55533599853516,123.60836727655007,121.20820656831121,123.14222636559451,34046300
119.9089584350586,120.9106813684256,118.87748262878495,120.12715625884692,34182600
122.46780395507812,124.2927173391139,120.96025957388359,123.49927213144791,42317000
123.58853912353516,124.23321241314245,121.44624158887478,122.16034076709491,35635900
122.65625,124.62994301273424,120.99994114625623,124.61010271936992,35076700
121.86280822753906,123.04304837018027,121.49583848112029,121.74378917189807,37325800
122.7058334350586,123.40009231065325,121.61485195904373,121.81320947582672,30772700
123.6480484008789,125.11591981661117,122.74551182311099,122.97362222070807,26980100
124.97706604003906,126.38542412216299,122.82484833216863,122.99346054966021,32305500
126.26640319824219,127.2383656366913,124.3323909005138,124.97706418870804,26638300
121.49584197998047,127.9822255786917,121.11895964321234,125.92920166945693,52539000
121.1387939453125,122.21986293706264,120.24616990782498,121.22806013248871,29389200
121.2280502319336,122.74550718830598,120.9106736630639,121.2478829569892,23778300
122.62648010253906,123.03312282465018,120.66271507597186,121.78344935610956,28306400
122.81494140625,124.13404093411759,122.17026807883049,123.95551612909149,22278300
122.65625,123.03313990537379,120.45444658155986,122.09092270879414,30592300
124.0645980834961,124.43156781239826,121.39665392353744,122.13058581448757,35246300
122.51739501953125,125.07624798326509,122.26944432692575,124.89772318191494,45535600
122.09091186523438,123.5488630569753,121.13878217339122,121.9223072208865,26097500
119.56182861328125,121.65453309243799,119.11551282046045,121.39666224993185,30306300
122.14051055908203,122.22976917477193,117.85592296831348,119.01633037340913,26952200
121.3371353149414,121.78345105765439,120.06762910490728,120.38500565741582,34913600
117.36993408203125,120.99993578775403,117.30050819204033,119.77010249354858,33969900
117.36002349853516,118.10387557545451,115.14829999374557,116.1202700370029,39535900
119.19486999511719,119.40314769115022,115.89216460047449,116.13019517210432,27091400
118.12371063232422,119.07584040154654,117.33027294139967,118.26256241740738,24090900
118.71878814697266,120.08748080780242,118.708875567441,119.1849366580173,29532200
118.91715240478516,119.2047761131289,117.84600360823359,118.26255895127434,14467900
120.75198364257812,121.60493460466255,118.25264406620929,118.26255664547801,27584800
119.12543487548828,119.31387982882194,117.42945299604987,118.81797842897954,24745200
118.50060272216797,120.0577328266466,118.4212566815545,119.11551561978513,21709500
115.49542999267578,117.34018375745839,115.18797355416356,117.33027117785484,35315200
116.17977905273438,116.74510634443534,114.40445113781433,115.33674818852833,23078800
117.9551010131836,119.34362637246984,117.4393669141167,117.82616938013048,30404400
123.51911163330078,123.80673533006852,119.46263457450904,119.93870320943425,44297900
124.39189910888672,125.74075145445121,122.47771949840582,123.77698624657505,33283100
123.62820434570312,126.05811786079241,123.18188860403004,124.90763069819978,25716200
122.74549865722656,123.6579552834524,121.95205350677138,123.57860925503613,26193600
121.02969360351562,124.15387391443447,120.80158319859368,123.57862647852336,37224000
118.22288513183594,123.0727999886977,117.25092267132642,120.42468845421087,37906800
119.03617095947266,119.99822090421563,117.7567519823055,119.63125870411923,72937900
120.5337905883789,121.99174188501857,119.98830359973758,120.6627297925078,29686100
121.20821380615234,122.14051081744289,120.02796610605938,120.36518297759501,52509600
128.21035766601562,129.90633205152977,127.26814799253995,129.00380296662527,61682100
128.3392791748047,132.14781351472905,127.73427884774642,130.59067581926217,44952100
131.4932098388672,132.64370465595107,129.49969176817697,129.7079618698937,36591200
131.63206481933594,132.43542264148525,130.6997677943249,131.64197739889866,28055500
130.4716796875,131.5428286779553,129.60880083941242,129.70798718682403,23166800
127.32764434814453,129.0236186085389,126.51435881324909,128.3888654416219,26273300
127.39706420898438,128.329361244637,126.37550855512062,126.9210031114822,20089500
127.05984497070312,130.43196810964983,126.8614874567136,128.22025231793552,26147200
130.45181274414062,130.53115877911966,127.962393323222,128.10124510100812,22746300
130.32289123535156,130.431990156543,128.4781372893849,129.54928620643435,23535200
128.59715270996094,130.9576330468754,127.94255923989908,130.58075827957177,24912900
128.62692260742188,130.96757809471208,128.38888445942726,130.24356620341507,20857800
128.49795532226562,128.86491747828384,127.11935017534717,127.60533894622364,19591100
130.2534637451172,130.29312919834737,127.90289594820355,128.3293638886943,24695600
128.71617126464844,130.34272731563817,128.22026984503316,130.02535827661376,19770700
127.64501953125,129.2120697982791,126.82182894388471,127.64501953125,25216100
128.85501098632812,130.90804993539842,128.23017041335734,128.73599949955613,33446300
126.41516876220703,128.1904964685169,125.344020051106,127.45655703673252,30504800
127.31771850585938,127.67476811335399,125.5225578886843,126.13747833867052,25248700
128.02188110351562,129.21204119379448,127.26811657753724,127.45654635875187,22054900
131.284912109375,132.31639534159987,128.80540548113294,129.11286188164175,27819700
128.71617126464844,133.14953116670597,128.5079011432878,132.85198728819475,28500700
128.81536865234375,129.68814493481383,126.20692211861723,128.47814415645706,26762900
129.93609619140625,131.45355346104287,129.07323248655334,130.23364009664536,20543300
133.46690368652344,135.45050919179718,131.15600145683445,131.15600145683445,43075600
134.7661590576172,135.16287409396253,132.9709985475354,133.67517000710467,28315800
135.0537872314453,136.8687881952977,134.67689731971456,134.89509514927343,30053800
134.54798889160156,136.33323718936794,133.74463094103461,136.33323718936794,21543700
134.65707397460938,135.30173975827023,133.47682618982745,134.32977722585983,19403100
133.35781860351562,135.41084264478113,132.57428587282706,134.9050286366341,18684500
134.1512451171875,134.46862928644677,131.86018300504648,132.49493620985484,18844300
135.26205444335938,135.53975798327252,133.74459755250976,133.80410329196144,23558300
135.79762268066406,136.35302976641478,134.6768807966762,135.4207328151726,20763400
134.23056030273438,135.7480170706124,134.0817959661607,135.14301687903506,18405500
135.58935546875,135.7777852717878,133.05032781273377,133.9826247837674,20749500
136.9679718017578,137.563044397484,135.1232180009584,136.47207040513118,24751000
136.27371215820312,137.38454169510266,135.3612553079111,136.84895965520028,38919600
137.07705688476562,138.0192664165555,135.4901665221767,135.4901665221767,21861300
136.90841674804688,137.27539398087168,135.50005894921352,136.2935040125057,20353700
132.64369201660156,136.94811189062173,132.5246654075392,136.94811189062173,29927500
129.37075805664062,131.14607838789655,129.00379586795694,130.36256084439935,31503900
129.1822967529297,130.94770428096794,128.53763107597587,129.68811066252235,26397300
130.0352783203125,130.09478407268804,127.90290814706238,128.76577182393018,20094600
127.51610565185547,129.2914261775441,126.17716568825698,128.70626610077014,25718700
129.46994018554688,129.8269898246319,127.5161024517244,127.5161024517244,22746500
131.22543334960938,132.20732362438937,128.7260859170761,128.77567908657804,22513100
129.78729248046875,132.95114528457344,129.29139116656413,132.18745302372233,30859800
133.07017517089844,133.31812586216128,130.09476687574428,130.1344474612235,22288000
131.3444366455078,133.15943757319482,130.75927662958244,132.8420685488848,22989400
134.13140869140625,134.45870541332442,131.44361659343454,131.70147985901755,26752300
133.9628143310547,134.37936969993646,132.35608346969923,133.9628143310547,19832600
136.4522247314453,137.02747214489506,132.91148163496393,132.91148163496393,27597600
137.28533935546875,137.8010810398745,134.49837595767463,135.8174754746164,19278100
136.92828369140625,138.57467986983306,136.20427192955205,137.36467931785276,27786600
139.39788818359375,139.95329533664227,137.44403543423456,137.44403543423456,25884300
137.83084106445312,140.06239744116,137.12665439341535,139.89379277540957,24765500
136.2340087890625,138.85236710628996,135.500069400509,138.23745432331978,23420500
137.95977783203125,138.4854321140924,136.85887610034075,137.03739334313434,28501900
138.57469177246094,138.75320901659043,136.05550412475992,137.49363032645,23515800
136.82911682128906,139.56648701861894,136.25386939858822,138.30689326315832,23375000
136.62081909179688,138.51516584160242,136.25385694319345,137.36467110137107,26066000
134.4884796142578,136.73986130635555,133.97273786758853,136.2042943979111,26335700
135.38108825683594,136.53158318839846,132.85198797694417,133.93304944521964,26317900
137.6721649169922,138.2176595656358,136.29355942335386,136.70020226449842,44814300
124.5803451538086,127.25820957616193,124.04477075596701,127.10944521580694,84366200
121.27762603759766,123.3108244835328,120.27590324893443,122.25950853595265,57061100
121.16854858398438,122.2992031923221,119.22461596672207,121.87272767746805,44566500
123.43977355957031,124.37207059770444,121.74379170735196,122.20002007986204,28940100
123.06289672851562,124.34232328480618,121.68429140278461,124.03485926262917,26292300
125.41345977783203,125.45313279745749,122.70584239837481,123.05297186152897,30082400
126.44493865966797,127.92272273406017,125.889531505127,127.3673155795192,27124600
128.041748046875,128.4682159884043,126.81190712180837,126.970599202535,26393100
129.1822967529297,129.2715553604388,127.61524673059205,127.9921365850185,19052700
129.8964080810547,130.8287050924927,128.8153467097953,129.63854481279463,29757300
130.75926208496094,131.1262393685652,129.70795366245193,129.89639859360128,26425800
129.17239379882812,131.46345569784398,129.0037891497348,130.8782957156304,23747800
131.5031280517578,131.71141329610631,128.34920244954847,129.03354879478132,26913300
131.00721740722656,131.50311876629735,130.1741067560777,130.69976098599605,18324800
132.524658203125,134.58760942147106,132.22712953091224,133.0899929477425,32395200
133.5164794921875,133.92312224608222,132.4750987262402,133.76443017621472,23861500
135.8075714111328,136.09520274306146,133.21898022604742,134.0818439544092,28013200
134.20083618164062,134.94468829125762,132.55443988026462,134.88518254388185,37240600
135.1331024169922,135.5397451095659,132.5246567715882,132.5940902168256,27815500
135.8472442626953,136.05551439657017,134.84552878301855,135.17281042196478,22635300
137.35475158691406,138.2771207680308,136.34310866753836,136.34310866753836,17813900
135.56951904296875,136.99771741092056,134.87526015124462,136.8985310833705,12514300
135.29183959960938,137.28535801552067,134.88519677136964,134.9149496481958,23436500
136.0753173828125,136.12491054089853,134.30990991764168,134.96450328347996,18730000
133.88345336914062,137.15639020757226,133.7346738823066,136.44230617886066,23967200
131.44363403320312,134.43888295815879,130.2038804373767,133.94298151982824,38988300
130.77911376953125,131.02706446186437,129.5988660526321,130.77911376953125,31442300
128.21035766601562,128.9641223780541,126.85158504794954,128.81535800518807,36669900
129.91624450683594,131.05681158807658,127.19869958988002,127.89295847123121,27384800
128.95420837402344,130.75928165761354,128.81535658297804,130.3625665785439,23576200
135.8075714111328,137.42421507113212,133.5958550581541,133.9330644308803,56767100
133.88345336914062,135.281883689647,132.93131610801126,133.09992075278979,32260100
132.1973876953125,132.24698086173262,130.28321556791462,131.29485865478858,31138000
131.43370056152344,131.90976162921305,130.18401944998905,130.7295139721899,29032800
131.48329162597656,132.4056608757626,130.49148892278734,132.28664939416652,30104800
130.8584442138672,132.6238517222141,128.62688824878407,132.28664245291358,38722400
131.5130615234375,132.41559059857232,130.10468818490273,130.54108385219968,50847100
134.6868133544922,136.02573795572846,131.34442787355178,131.54280052592037,32258000
135.52984619140625,136.34313174933595,134.96452646649996,135.71829114427823,25476800
137.2060089111328,140.5384672448695,136.93823302565937,137.83084957799318,49107200
139.26895141601562,139.53674241725346,138.03911046006232,138.34658204933325,27488300
140.3301544189453,140.8260557157536,139.5565496066209,139.61605534084484,26532200
140.3599395751953,141.510419346836,140.032642827964,140.4293579031904,16780300
139.21934509277344,140.9153344287429,138.74328401733115,140.42934564037535,19628600
139.08050537109375,139.98304957042203,138.60444425438513,139.62599994946305,16045700
138.544921875,139.20942786934887,137.6423777840169,138.4854161342685,18733000
137.03738403320312,138.30689034141093,135.36123496575607,137.41427392066478,23711200
137.78123474121094,138.48542134501582,135.9563213328076,136.1249259824603,24212100
135.27197265625,138.01927043379123,135.2323072061994,137.28533097133266,27137700
134.61737060546875,136.03565627670122,134.04212324747374,135.62901355461221,22513900
137.70187377929688,137.87047841067306,135.14302117297993,135.17277404124002,21404000
139.79458618164062,140.33016810931971,137.0175356218485,137.36467261696302,24759600
141.1136932373047,141.82779242384171,139.75492832050645,139.84418693539638,21320200
140.91534423828125,144.02960443815402,139.4871457788245,142.3137898243085,24008700
141.48065185546875,142.02614637782855,140.6574689161085,141.50049214729324,18785500
141.3219757080078,143.16672938152487,140.29049239931624,140.83598692471,22670500
140.31033325195312,140.67729541881693,137.76139297479475,140.19132176728564,20968600
142.3038787841797,143.02790581235737,140.82610211833182,140.88560787216306,25746400
145.18008422851562,145.24950254806373,143.19647882633325,143.5535284040744,34271900
144.7932891845703,147.17360973542569,144.64450969157375,145.89419084442545,32200400
145.8346710205078,145.9735228014156,144.30730143052193,144.6941039011729,21636100
147.4810791015625,148.62166144639897,146.88600647851376,147.32238701526538,25233500
150.62509155273438,151.79542676635216,148.3141891335314,148.83985855855067,29149100
150.94247436523438,151.2895962737746,149.77213916215013,149.861412918024,26115500
152.2516326904297,152.51942366682596,150.18868118167268,150.81352174869434,27784300
150.21844482421875,152.3607271720474,149.95065385559957,151.54745682095233,36331800
138.95156860351562,142.81959319917652,138.72344307921892,142.44270331878081,71910000
140.00286865234375,141.88728767351694,139.63589137319994,140.95499074150428,40466500
141.21287536621094,141.45089833217304,135.38107056080497,138.11844060532798,62499600
142.50221252441406,144.27754793012062,141.60959609870966,141.64927668377285,38505400
142.9187774658203,144.1684434401665,142.01623336193828,143.46425685279377,29128200
144.3469696044922,144.4263156427516,142.7501665270815,143.57336464859975,25208900
144.7139434814453,145.13049882211826,143.91058567202538,144.63459744507298,22563800
147.77859497070312,148.21499055845277,144.98170423123912,145.47760555664416,26829500
146.32064819335938,148.11580862305635,146.16195613244383,147.20335197335376,21564100
143.9502410888672,145.46769798615009,142.51213022242555,143.73204328748068,27837700
144.7436981201172,145.31894554055629,142.90885694916992,144.88254990203635,22704200
141.59970092773438,142.34355308517448,139.30863870421265,141.96666314928402,37590700
139.36813354492188,142.01624520205476,138.9912436385364,141.8178876690081,31468900
139.96319580078125,140.91533307623592,138.34656764889544,138.51517229621072,25144700
141.38148498535156,141.5203367649503,139.5268035526364,140.29049590728383,23223300
142.90884399414062,143.8113880616519,141.6294252005615,143.74195461013204,27191900
142.77993774414062,143.49402183711422,142.2542683371376,142.4923064572686,19493800
136.44232177734375,141.27239668798464,136.26378939947426,140.97485281400884,53641800
137.74156188964844,138.10852404072233,135.9662266066363,136.8886109742461,33099200
135.26205444335938,136.87868252205917,134.30000463233606,136.76958362182845,37328600
137.3250274658203,137.72174254712453,135.28190090934368,136.15469224866533,42133000
136.01583862304688,137.7316532704347,135.79764079115824,137.29525760665743,31151100
132.25692749023438,134.54798984963458,130.82872884185196,134.54798984963458,55999400
131.58248901367188,132.14782393122584,129.5988832123646,130.79897138098846,40194800
130.32289123535156,132.48502936431544,129.77741176310514,132.02879338468463,35318600
133.27845764160156,133.83386475709858,130.53115980204433,131.70147977631177,37738200
134.30001831054688,136.95804250148979,132.90157275617153,133.10985799917378,39370400
136.54147338867188,137.9597590931876,135.01410391751668,135.01410391751668,32437800
137.3647003173828,138.2374917037032,135.90674885782994,135.90674885782994,27563400
138.6441192626953,139.93346604577192,137.85068905807378,137.86060163883266,23347200
141.92697143554688,142.41294506959082,139.30861293112127,140.03262465964323,42753400
140.02272033691406,142.0063260544533,138.88215310281325,141.33190737467106,49475400
146.46942138671875,150.9027808454485,145.96360743742733,147.39180580449582,69273700
145.82476806640625,147.5703355892813,144.88255840993227,146.9455101008083,24070400
147.520751953125,147.63976344475103,145.53714637957398,146.7868124427757,21311500
146.3900909423828,149.13737364463717,145.6958169152109,148.24475722928597,24755600
149.53411865234375,150.33747653257558,147.7587830911578,147.8976348836212,29211800
148.83984375,149.14730017654827,146.60828759558476,148.71090455162476,19229300
149.4349365234375,151.01189945376663,148.7505901221258,148.9886282589288,22149100
149.63327026367188,150.3969625890798,147.679417711027,149.94072668288968,22879200
149.6927947998047,150.1886962178925,148.9390300924469,149.61346389057567,24485400
154.21542358398438,154.4633742852125,149.3754210532241,149.45476709366227,31730800
153.29302978515625,153.43188156405296,150.90278153856184,152.24172129726563,24586000
153.65008544921875,153.80877752671594,151.47803493131784,152.34091364414047,24705000
149.29608154296875,153.5013310678702,149.21673549906,152.24173721309816,34724700
151.24993896484375,152.16239579697978,148.37371667079992,148.80018464435562,23459200
153.58067321777344,153.9972285874499,151.35902944578888,151.52763410967862,20702000
155.31631469726562,157.26023958727896,153.91786920573918,154.81048561572567,31079500
154.86009216308594,155.32624070054823,153.41205338281176,154.92952562487014,22838600
158.10330200195312,158.37107788543062,155.17748650921038,155.62379478205062,27166400
156.43704223632812,158.90663651169768,155.85188225072014,156.66516776322655,25353700
153.59056091308594,157.93466141742405,153.32276995678504,157.5577715629048,27136500
153.1343231201172,154.3740764327273,152.17227333883514,152.92605303847483,20779500
154.19557189941406,155.7923749027095,153.3128680735991,154.3443362556772,21763100
154.7311248779297,155.65350920539763,153.35251980958253,154.0666189232005,19883000
152.8268585205078,155.07825465285381,151.051538530931,154.9195626052641,32615600
154.9989471435547,156.34779961582007,152.79714362068458,153.04509433151492,26446200
156.96270751953125,157.66689417461689,154.99894218995382,155.67337597138751,21151600
157.8256072998047,158.2620030164986,155.88166687099877,156.19905107721684,22779100
154.72125244140625,155.20724131067237,149.63329872025702,150.08953471321206,57109700
170.5404815673828,173.27786687075127,168.2593321924788,172.94064243070838,64665300
164.78802490234375,168.1601634153097,163.8557430067843,167.67417460775002,45610000
161.44566345214844,166.72206177178046,161.26714620693434,164.25246727701446,33562900
162.51678466796875,165.75005589531395,161.75309238141418,162.95318026028562,33493200
165.25416564941406,165.36326455481128,162.54654844018515,163.43916484164697,24294500
165.8690948486328,166.5831940285256,161.71343896761203,166.18646385430256,34662400
166.72206115722656,166.76172661144676,164.6690220425713,166.08730795373265,21871300
169.84622192382812,170.35203588113026,167.00966543700736,167.1187643454893,28039700
167.99154663085938,168.75522381569002,167.35679350646177,167.6146567610361,19569100
168.5668182373047,169.29083007689735,166.8013952497484,168.00148335133193,15346700
167.2675323486328,168.45770778843482,164.8277059911993,166.65261946945532,29799900
167.75352478027344,167.89237656675422,162.65565899989346,162.9135222794407,31327600
168.9436798095703,169.8462239602229,167.41631020621995,168.37836010153808,25127100
171.09588623046875,171.23473800953292,169.11228073886124,169.23130735927975,26948400
172.75218200683594,173.68447893916473,171.27440571230892,171.8694782348091,27867900
174.61680603027344,174.82509128603235,172.2662381363207,172.7522118435742,24479300
175.4697265625,177.3045675555055,174.63661595177967,174.74571485082933,22554400
176.39212036132812,176.6896490712989,174.36883433127562,175.44989566739218,16989400
174.93418884277344,175.69786612928917,173.7737813421162,175.19205213168274,17880000
172.1273651123047,176.7888348703636,171.53227742671908,175.61851492474267,21024900
173.55557250976562,174.32917746118142,172.22654529374813,173.5456447964723,16579400
174.9539794921875,175.81685807916702,172.94062134541406,173.01996737259077,20572200
174.45811462402344,175.3904117210104,173.28779452948098,173.99196607552997,23388700
170.69918823242188,173.78369568525272,170.381804057889,173.7638553909168,22931500
171.08599853515625,171.64140573219544,168.05108411296985,170.451245290867,37638900
171.75048828125,173.09934068848278,169.75697011042396,171.12564767729586,27459100
172.36538696289062,172.42490783803038,170.48096786025872,171.85957302701576,26879600
173.97213745117188,175.20196327061797,172.5042583714889,173.76385219874723,22068500
175.28126525878906,175.69782052523405,174.30930297041738,174.45806730353834,23251000
173.02992248535156,176.4119585188029,172.8712304058679,175.59868809544102,19661400
173.77459716796875,175.8101292272444,171.54047994095143,173.73488619485127,23726700
175.3732452392578,175.59169348463175,172.54337230776866,174.97607487552963,21540600
176.5349884033203,179.13650434238232,174.8668546571235,176.99174796777623,27864700
173.92355346679688,175.49240210344783,173.64553119205647,174.8668444097431,20913300
175.54205322265625,175.81015156626538,172.92068928258647,172.99020243322104,18063600
175.98887634277344,177.10096546528717,173.57602172386774,174.2214424940307,19618500
173.85403442382812,176.13780173263285,172.8710325397334,175.88956648496008,21869900
175.0554962158203,176.0384980804116,173.7547459679952,174.1320532342393,20160100
178.3619842529297,179.57337340062563,175.36329839952862,175.7505447565084,57759000
177.95489501953125,179.61310474396652,177.40877441541713,178.88826202454848,18298000
182.73094177246094,182.98910099326696,178.15348288701358,178.35206806848578,23130200
182.58200073242188,183.20754327614856,181.19187420519867,181.3408244497642,19839000
184.1011962890625,184.7366779293804,182.72100889129027,182.8798679380617,18848900
180.8642120361328,183.82318736943728,180.67556595744807,183.01890751714419,29156600
181.6982879638672,182.58200489120532,180.02021516731907,181.7379989393426,16006100
183.93240356445312,184.2600759255339,180.27837266146466,180.7649192250836,17372500
184.50831604003906,184.77639921891327,182.7011560285435,183.54516199454144,10242100
189.2545623779297,189.5127215858847,184.48844250446135,184.54801654082962,20967500
187.69564819335938,188.8276004007438,186.4544718628467,188.55950207105113,21035900
187.64601135253906,190.00921610095705,187.3878521119617,188.96662487953267,15121400
189.83045959472656,190.3964432565855,187.69564243220248,187.8147905079295,15952500
184.2600860595703,189.51273777959946,183.77353946919203,188.50987272919218,25625800
183.76361083984375,185.7892039533301,183.18770320192158,183.77353479614163,22898400
185.21327209472656,186.91120776647892,183.6146365772807,183.6146365772807,16474000
182.6217041015625,187.3480977347005,182.07558352972123,186.03742351335848,18290700
179.74220275878906,182.2543425380115,178.63009842037727,181.6784348799773,20734100
176.4357147216797,181.2117592115202,175.22432531102865,180.64577548557426,25315700
176.40589904785156,179.01732353591333,175.87964153783852,177.61728826175099,18881900
180.38760375976562,181.41033185766577,178.9577661837674,179.31522557776697,24100300
180.50674438476562,182.31390434397233,180.258509125605,180.76491875098247,36352700
171.41140747070312,174.9462749610045,170.60712769523397,172.37456144038464,49585200
166.0991668701172,172.19582391606315,166.00980581766575,171.30218308939462,44852000
165.82115173339844,166.90345381803442,162.90190268589552,165.97008682721892,41336900
168.3332977294922,169.22693862858085,166.80417515412134,167.63824201341453,20293800
169.08790588378906,170.02127279088597,167.25097423676394,169.03827095768605,18959700
170.3291015625,173.01997848256258,168.80990296351985,172.01711347343624,25729100
169.55462646484375,172.82141135501334,167.68790739296938,169.04823192931204,24531400
165.4835662841797,167.3204982165653,163.50760805366414,165.26511803151652,29130100
158.12586975097656,163.26929736266635,153.8363569379613,154.40234063596142,53630700
157.17263793945312,159.43655755600886,155.3059189992834,158.2053051541738,49004600
157.81802368164062,161.82949811419968,157.35134026248897,160.11171465815283,25138600
160.88624572753906,162.53453159498838,159.0791007984094,159.37697100848436,25578800
162.5146484375,162.63379650679866,157.9371899119943,158.88048081312152,28602300
161.1444091796875,163.73598613275442,160.6975887017958,163.1898806325975,15895300
163.00120544433594,163.56717396094234,161.81960317762199,162.25649966122157,18551700
159.23794555664062,162.06783350679044,156.5967339743886,161.25361460284537,40591100
160.161376953125,160.49897323710096,158.48330433720005,159.3670211694173,31524300
161.8096923828125,163.89485965448893,159.99260830608642,160.3302046522989,24208600
165.49346923828125,165.51333229993313,163.10047787030177,164.11328189947275,22416200
165.99989318847656,167.4495939252533,165.64244892165763,165.72187088023108,18341500
164.67926025390625,165.67220118965227,163.5075820711663,163.984189478023,22902000
162.64373779296875,166.406977492495,162.15719125168386,166.07930514645545,22493300
164.45086669921875,165.00691117799698,162.67350915804724,163.557225951336,13955700
164.98709106445312,166.36727853932712,163.29909428347517,165.20553931092914,14190400
163.51751708984375,165.26510295168842,163.29908400819048,164.66933228950003,11821900
161.700439453125,164.431027060309,160.38975012916,163.87496740248727,16407400
160.63800048828125,164.798425876507,159.11880190681103,163.15014011129165,19699800
162.22671508789062,162.50473737235887,160.54864227379994,161.472070186267,22123800
156.2491912841797,160.707501683565,155.37539838425428,160.57841450941874,38945300
155.3456268310547,157.87762958096508,154.8590954051368,155.554151121504,19353800
156.1300506591797,158.32444181781332,154.87893528354047,155.19668368087028,18688700
149.85467529296875,156.71590221863735,149.4872919188711,156.1896446256026,37912100
147.856201171875,152.51926120186218,146.37475041538113,151.63437166613713,39260500
147.80648803710938,150.4015036061094,147.48831800096144,149.58620426686707,31118800
150.2921600341797,150.63020437651454,146.6730587008917,149.05927369184766,29607700
153.80186462402344,153.9311230962661,151.77356859256676,152.91697508053775,29621500
156.55596923828125,157.47068534964538,154.318887339598,154.53761027887018,29591200
157.1525115966797,157.3414231577179,155.7009025392383,156.4068176480649,18379800
158.40530395507812,159.6282379126932,157.4706983462141,158.10702330973243,20715600
158.89247131347656,159.57851220454893,157.68942685128602,158.9421872798641,23677300
161.2091064453125,162.8496272464335,160.41369644399956,162.77009990036774,26587700
162.65077209472656,162.78996770160265,161.1295575441582,162.5612924555598,40896400
160.9207763671875,164.5398774216767,160.74180191250147,163.40642311261095,24150900
161.35821533203125,162.28288368359324,159.7674107357338,162.09397212944717,23332100
160.56283569335938,161.87524922923666,160.37392412147798,160.5429462723237,18869200
161.7957000732422,163.13795527115403,161.34828673099906,162.7004790534292,20319300
163.00869750976562,164.7486500925775,161.69628402203105,161.87524329123835,21101300
164.89779663085938,165.19606207708327,162.32265529939457,162.38232355982177,20413900
166.03125,168.18878935347016,163.63508311957565,166.72722798963838,28338100
164.90774536132812,166.5582184121097,163.7842281975384,165.46452779504156,17760200
164.90774536132812,165.6832659184552,162.9788810936898,163.4660733087808,15073100
166.100830078125,167.26411075507784,164.52989975669306,167.0950886229922,19047400
162.0442657470703,167.51268816069472,161.81559051224986,166.75705707061962,22463100
163.4362335205078,163.78421492779364,161.93489332497202,162.99875730912473,23072700
160.9307098388672,163.89359644421285,158.8228863013817,162.5115774919813,31181800
161.14944458007812,162.13376610989224,159.4790821511072,159.94638493252756,14144100
162.3027801513672,162.9589793006072,160.3142629412503,161.19915249290503,15344300
164.01290893554688,165.27560646204375,162.46185274166893,162.70048027253844,19016100
164.5100555419922,166.71729595706415,163.6848189785555,164.83814757105517,20247200
164.21176147460938,164.84808640066018,162.7999160190336,163.58537367338423,16406000
161.9945526123047,165.4148047545223,161.82553046438127,164.77847983302945,21453400
162.48175048828125,163.76435267205474,162.14370618061358,162.25307524146882,19757700
163.12802124023438,163.5555451703661,161.68633408506915,162.01444125458505,20946500
164.19187927246094,164.8182671012252,162.0442768634266,162.0442768634266,16568100
161.8454132080078,164.867967838788,161.00028733207427,163.81404098216163,18280500
161.7857666015625,162.39226497688696,160.0855776572324,161.89513565846306,22412500
164.32113647460938,164.63929136354844,162.48175184608664,162.7303165163636,19828900
165.76280212402344,167.78114595500233,163.00870143582344,167.78114595500233,32138600
168.70579528808594,169.40178845873763,166.13066910445878,166.76699401414237,42169000
173.45835876464844,180.9749512117023,173.06064622942904,179.6426331826948,68890800
170.1276092529297,175.8048331883122,170.01824018748218,172.1360161042455,44769000
170.30654907226562,171.33064938867685,167.91039737420323,169.0935675366594,31796500
168.26832580566406,169.74976136503125,167.04537684162395,168.954351474997,21492700
168.76547241210938,169.55093008750674,167.87063050478386,168.45723948005892,18242100
175.49658203125,175.92412112315387,172.50386907265272,172.80214969030013,33695500
179.71224975585938,180.0403569286527,176.1726914135067,176.39142952870222,25352900
177.32603454589844,179.86138194143007,177.05758046511664,179.6128172813832,22006200
179.31454467773438,179.513393363608,177.44533365392132,177.55470270682915,17450400
180.57725524902344,181.44227061052396,178.36006265722634,178.787601775427,25134900
177.85299682617188,179.92105669289288,177.5149373462163,179.42392735486908,23184000
174.5719451904297,177.79334885525918,173.3191846841435,177.25644065886235,31007500
171.49969482421875,173.14021567004892,170.23698198164112,172.73256594722855,32504600
174.29354858398438,174.4327441914951,171.90731866370794,172.424337422112,20135300
177.09735107421875,177.8430450835762,172.56353392471485,172.72261895446178,23434900
174.96961975097656,176.65985629395433,172.7822539205829,176.32181201959514,18997100
166.66757202148438,173.13025284582125,162.7601278802168,172.90156244724747,59734400
163.8140411376953,165.5042928911672,162.9589781366054,164.89779453956643,38604600
166.6874542236328,167.6618386099698,164.65917328191838,165.13641317917185,33135300
168.1490020751953,168.84499520108912,166.61785057482837,166.66756653684672,20486700
168.2583770751953,168.50694172289835,167.0553326761747,168.02970184723952,19266500
167.97999572753906,168.4572356311654,166.20027942100947,167.53258236969043,14257200
170.50540161132812,171.0920105058346,167.60216850996696,167.80101718271035,23789100
170.3562774658203,171.68858044714352,169.86910042539293,170.50542536954606,22248700
173.3688507080078,173.90575879671132,170.07785748297476,170.16733710736509,31615100
171.6488037109375,175.0491662947447,171.34058597302015,174.35318831054713,21356200
173.7069549560547,174.07482584315568,170.87331141634223,171.04233358531255,21462400
174.56295776367188,175.44886145410123,172.8508718378986,173.15945800345577,25389600
184.31787109375,185.502397306232,180.21683563214248,182.00855531536865,54813000
194.50079345703125,194.7098337526011,183.99935507018319,184.45722971599074,67894100
191.0766143798828,194.2817820941682,190.8277648699629,194.10261773753882,34817500
188.9464874267578,191.84308455058388,188.76730785856873,190.1309984875668,25143500
195.75498962402344,198.08421748080238,191.733572884141,191.98242240358925,44934900
194.5207061767578,200.4930951236226,194.08272855714978,196.34228662818003,43504000
187.5330047607422,196.09343489769404,186.87605352724106,194.3216274116736,34166100
187.64248657226562,192.1416901461699,187.513095150107,190.748138909751,32265200
190.5291748046875,192.00235990101223,184.36765746162297,184.92507802841766,63462900
193.7343292236328,194.20216752678672,189.27493498031782,191.73356940291157,25675000
195.20751953125,195.20751953125,192.88824016493578,193.94335970742864,10403300
194.69989013671875,195.84459196860374,193.48550314170072,194.25194880473947,12046600
191.8729248046875,194.42115659969988,189.77263428806026,194.05284898883724,18891400
190.3599395751953,191.66390866604786,188.24968525874627,188.9265638700057,14264700
188.42886352539062,191.07662611886298,187.6424905201336,190.2006709297877,17466900
188.5582733154297,191.1164539742449,186.63716208422355,189.77266033181004,20370800
190.9073944091797,192.32087307336826,189.10572628313417,190.489329030918,18596200
195.96401977539062,197.30781329054136,192.9579284385956,193.08731986382298,29563600
194.5903778076172,200.07501580789895,193.70447411630906,196.2029178508013,26487200
193.05746459960938,195.38669258245946,191.49469743094454,191.683825506133,24864800
191.15626525878906,195.61566016820694,189.4342306110514,193.40587493046604,26665200
190.1309814453125,190.3001972959748,186.49778453538255,189.19532001022134,21823700
188.78720092773438,191.09651654383717,187.44340746260227,190.3599316953501,17174900
194.65011596679688,195.45638605757955,190.97709427450172,192.20142977574318,21776000
192.02224731445312,194.58041248274841,191.92270143099617,193.2465827004133,17815400
195.09803771972656,196.3223731934333,192.85839187855623,195.6255975250055,27735100
197.13861083984375,201.3590893649602,196.95943127097462,198.1539212272468,29971300
197.45712280273438,199.5574134711185,196.62099201618707,198.14394994474472,26200600
197.0689239501953,199.3782549776066,194.30171827365388,197.22819130144518,26951400
199.2886505126953,199.97546240962188,197.08881413658432,197.18836001713137,23877500
190.9272918701172,195.97396712425268,189.8522601854155,191.5245367578076,41728900
194.4012451171875,194.58040947836048,189.80249572901596,191.86297701391987,24157900
194.5107421875,195.88438120776217,192.5398430560715,194.66004582386458,18218300
199.94561767578125,200.47317747002577,196.76034669489817,197.08882990069444,24354700
203.08111572265625,204.534388379424,200.87133082232867,201.07040739589794,32001100
200.30393981933594,202.81234708889096,199.17915038211245,199.7664315701441,27838300
205.43028259277344,206.09719755510824,201.8767037764101,202.4540365472158,43856400
190.44952392578125,191.86298743209488,187.16470709545553,190.19072588273337,70373900
190.71827697753906,191.21597601434,187.85152566522362,188.62793494754752,29297400
184.48707580566406,190.3001969256679,182.39674895869484,190.17080550398342,49315000
185.61187744140625,187.33391183220394,185.00468401733505,186.48783259444508,23105600
184.46717834472656,186.07971836409422,183.43195584227703,184.17850439769825,21239500
182.76504516601562,184.25814231125668,180.9932377687485,182.37684051579572,22072600
185.28338623046875,185.42274134527116,182.2971921802161,183.4717697380377,21402500
184.37757873535156,185.54219264503521,183.47177804242145,184.208362887473,20448400
182.92431640625,185.10424071494356,180.90365944170068,184.74589678490392,29916700
184.4174041748047,184.6065322377559,182.74512752374517,183.22292953180167,19549400
183.71067810058594,184.4572267048234,181.87914917011352,183.9495791218272,20441500
178.83323669433594,184.48709094071828,178.255903940123,184.29796286054517,35199200
178.4251251220703,182.2773112476267,178.06678116700198,181.15252162389993,29854200
174.61273193359375,177.91746089820734,173.88609557732903,177.22067008112575,41913400
171.93511962890625,175.26970953461128,170.79041782229913,174.26436286262216,35431300
167.72457885742188,173.75668887755327,167.1671583548918,173.18931986196714,39991000
169.49639892578125,169.82488214403156,166.00255682205264,167.90375578067133,48130600
166.24142456054688,172.57215683074952,165.1663928329386,171.1387811939385,40770500
170.13343811035156,172.49252670098738,165.03700479811678,165.4749823837437,45388000
172.2238006591797,172.98029782260173,168.28201710781593,169.73530516145718,30954900
171.55686950683594,174.0055403400316,169.71537693678601,169.7452376648565,28302000
173.05992126464844,174.1648138078256,169.48644558654738,170.4718800246714,27385800
165.2968292236328,167.87789100205225,163.12436954047675,167.6785699397653,43604000
163.47314453125,166.17378667553444,160.81237268027317,164.34014854098334,39587400
166.53256225585938,167.06072965689114,162.96493090148982,166.0043948548276,28372400
162.19757080078125,165.55593597038603,161.54982298434425,165.4662354123983,31756200
164.9181365966797,165.91468098680897,161.88863313529265,162.7058068341078,31995900
163.72230529785156,165.72536967150563,163.10445251309577,164.4597537744784,31184300
160.1147918701172,163.68242275706862,156.17844440971348,163.11438513260956,42074800
163.3236846923828,165.2968386316175,160.44367156873926,161.20103994792456,34275600
162.23744201660156,164.3202162999389,160.40380384962694,161.01169658179438,28138500
163.42333984375,163.67247597151626,160.33404577702316,160.65294731947398,36625800
167.1005859375,167.7383890591239,164.56936942432435,166.492708348571,30879100
169.97064208984375,170.04040750974747,167.73839194994267,168.39609981984145,24174400
164.48963928222656,169.0239199788623,164.27039826701778,168.41602720143118,28901600
161.67938232421875,164.84838647984,161.44020617422274,164.06112302928733,24508300
153.79672241210938,161.26084657481337,153.0991442674789,159.9354404969839,48669300
154.10565185546875,155.00253588696825,150.13940872047658,152.58093987828155,54603500
156.52725219726562,157.55369181763876,153.0891615011919,153.0891615011919,30672900
156.49734497070312,157.86262130532444,154.1654344397735,154.61387643325034,25041700
150.19918823242188,152.25206746912303,149.87032672274708,150.58783997911712,46883400
145.09689331054688,150.54799324363788,144.8776522919314,147.49855413182192,62259500
146.242919921875,152.32184805897472,140.04441129882048,141.0608910476278,76794100
144.19998168945312,151.7139355045659,142.5357542501846,150.69745588802078,52200200
158.16160583496094,158.99869967955883,143.4127421842368,143.9209744743003,70406200
152.2919464111328,157.17500865516934,149.41191804525613,155.99907817143998,48022000
156.5970001220703,157.1251674838408,152.29193584419684,152.37164602184413,33636200
158.5203399658203,161.16117679260088,157.0155480479404,159.44711904636745,30333000
155.7698516845703,159.0983063087552,154.67366197557098,158.5801141726002,27551500
152.80018615722656,155.35133791385522,150.98646767664792,152.5709851557027,28187400
150.63768005371094,154.14550597318726,147.98686786207978,153.75685420118594,33046600
147.15972900390625,148.43530478654532,145.59516199807078,148.36555457655837,26049100
150.94659423828125,151.66410748339032,148.02671099242252,148.37550764431742,26971800
154.8131866455078,156.98564625118482,153.2784996745797,155.0722827287534,31128800
158.7296142578125,159.03854063446718,155.2516683139833,155.6104249592094,45894000
161.4003448486328,165.52603823874784,160.48351057877483,164.49959867786362,56034000
160.0550079345703,162.58622419769722,158.05195902405725,161.86871096281394,29745800
159.60658264160156,160.18458031932272,156.97570557414937,159.76603342291708,26809000
158.2512664794922,158.7196436016194,154.86300612354924,157.43409270690867,34981100
160.7426300048828,161.39037784388623,158.36088927125815,159.8955611021286,30203200
163.4632110595703,164.39996542535462,161.31067105386134,162.84535826769726,25715000
163.64256286621094,164.81847796110932,162.15770623374658,162.43673744969064,21341800
162.6659698486328,164.23055216038995,160.63302556719455,161.60963501178307,21277200
150.85690307617188,164.4298335624806,147.32912722252786,163.5130144970414,127490100
153.74688720703125,155.39117958130052,152.37165090458322,154.46440047734652,57498700
152.22218322753906,154.5142387821615,151.67408067225014,153.6372746936992,32435300
157.91244506835938,158.55023292762746,155.7100750758197,156.94579570580373,44138800
158.978759765625,160.0151746711756,155.62040930962155,158.24131128306263,42382100
164.79856872558594,166.4229412214118,159.0584775444673,159.4072742222668,48755900
163.39344787597656,165.6356730691148,161.80893051621783,165.26694125278715,33146700
165.61572265625,168.76480673115492,165.04768502743337,167.15039440077075,42846900
165.96450805664062,166.06416858529283,163.65253281131433,163.94152401470697,30426100
163.4133758544922,167.91776161058672,162.33710588412995,165.85490703254322,46607700
167.9775390625,172.54171471286378,162.9948165454298,163.1243721968136,73416000
170.27955627441406,176.15917803179707,170.12012070875053,171.25618084668935,74864400
167.88784790039062,169.3727046333075,167.30985028367255,168.47580548761593,35211400
172.30255126953125,172.5716225630013,169.4125780788469,169.57202886061165,37995700
171.76441955566406,174.66436785084326,171.31597754856884,172.56165823831284,34784000
171.26612854003906,173.81727988052086,170.04038313314817,173.39873303929133,29317300
171.1465606689453,171.61493780799663,166.86141620850907,170.75790891590938,52639900
168.44590759277344,169.2830012834345,166.81157529888503,167.2600172613062,38612300
165.60577392578125,167.89782954141205,164.708889870391,166.91126012169556,45084900
167.46932983398438,167.63874059809788,165.78516695900404,166.16385878823687,26900800
167.62875366210938,170.339340657981,167.0108857444217,169.7513830642687,36379100
173.079833984375,173.89700773798458,170.23969140570108,170.23969140570108,35731800
175.69395446777344,176.07310468622353,173.97782168090652,174.14743750903665,28935900
178.19833374023438,180.70268325607967,174.5166301339373,175.80372221831115,61766100
176.9511260986328,179.96432281914957,176.3524694759701,179.3656814209572,31646800
175.30484008789062,176.32255032681226,174.3569797237004,175.78375628436552,20941900
174.27716064453125,176.73163473712606,172.00228964381978,172.05218023736916,27663100
176.3724365234375,176.5420523549515,174.25719419482596,174.33701609632743,27389200
175.5542755126953,176.96110799729416,174.1873615915514,175.30483777675101,24973000
172.93020629882812,176.16290971424257,172.81046582918458,175.6141436330853,28707500
166.26522827148438,173.94790803011588,165.08788938336605,173.55878574385125,75659900
164.8184814453125,166.9636398925432,161.63565348702906,165.8960542954959,57671000
166.3949432373047,167.84167918331357,165.75638318822968,166.5445998017471,40524300
170.29612731933594,171.97235685648238,167.17317715297744,167.25299905707695,35479000
173.14968872070312,173.29936049404486,169.55779452756443,172.04218458564608,31796700
178.12847900390625,178.27813555923768,171.3437693802371,173.14969619543672,108140200
175.83364868164062,180.82240351749414,174.1873656755976,180.3734186271616,63378900
175.44451904296875,175.6939567742825,173.139716841545,175.3447530851258,35904500
178.23822021484375,178.4577266308603,174.67625741761273,175.14518633422566,29128900
179.126220703125,179.265905222364,176.65180269468908,178.09853847776557,21689700
176.3923797607422,178.89674433224096,175.28487562232132,178.65727862884938,34175600
173.9678497314453,177.54977185383785,172.42133277200756,177.4500058972594,40442500
176.2227783203125,179.03644347316074,172.3814460707259,174.85586430994886,43025600
177.22052001953125,178.02869585837095,173.98781666417247,175.2350053597822,29252400
179.7847442626953,181.0219456842772,176.08308157759498,176.39238193299045,34282900
181.15164184570312,183.25689674766613,179.27586537633238,180.60287583344362,32536600
181.59068298339844,183.8056914333515,181.19158867102598,182.39885886185957,33448300
182.55848693847656,183.91542879782378,181.62059863833602,182.82788394956327,33104200
183.1671142578125,183.64603043273615,180.07408034072432,181.73035050857078,31992600
184.64378356933594,186.00072543502688,183.2968289565469,184.98301522964096,34014500
189.67245483398438,189.86201471908177,185.73132654425748,185.83110772544197,45803100
190.90966796875,191.21896833519165,187.03840453704987,191.0693117786785,44660200
189.8021697998047,192.09700016081177,188.75452819755446,191.06931784155387,58681900
191.73780822753906,197.50480780114538,190.57044138213487,196.58687870624138,74881700
192.74551391601562,193.8929365997576,190.82983399147875,191.54821586623893,39785900
192.14688110351562,193.61357622809174,190.41078895772904,193.2144667106556,38139500
195.3097381591797,195.47935398479527,191.64799419278697,191.9971978721824,41389200
196.08799743652344,197.155598285003,194.2521393007246,195.1600963397073,32445400
191.46839904785156,195.54921195775628,190.66022322341527,195.26984291287636,51329200
188.70465087890625,190.40082452841267,187.39759950913643,188.60486968944682,34832200
194.60133361816406,194.830827292421,189.69240089649873,189.86201672672937,31547400
194.232177734375,197.4150057356091,193.45393320281906,194.2720962985156,31602300
195.6489715576172,196.18776557270928,193.23441619136784,194.06255127051267,21562900
196.07801818847656,197.09571318148866,193.8929412029117,196.6167969951023,26321800
200.9669952392578,202.15432130991044,196.72655368662487,196.7764442791972,39161800
200.54794311523438,201.02685931355308,198.62229106869012,200.48808049350347,25832400
202.88267517089844,204.04006993048975,200.1388600495838,200.91710457512625,30397900
201.50579833984375,204.0700104890599,197.06579421729333,203.67091617948037,28342900
202.48358154296875,203.98020797768137,200.77742070862897,201.0468177297292,25230400
203.44140625,205.97570210941166,200.82730371462006,203.39153088363753,34931400
203.04232788085938,204.80835140832636,202.03460485474218,203.74075053383524,18526600
201.11668395996094,202.98247352847122,199.5103041804206,202.57339194917532,24240200
198.87171936035156,200.82730262485018,196.15783565803162,200.27853657760338,28955500
199.3007354736328,202.02459107482636,198.98144788878304,199.3007354736328,19774600
205.62648010253906,208.07096677186306,200.84725997228378,202.27403645691825,42827000
208.02110290527344,210.04653613391585,204.81831562838462,205.96572314134983,29928900
206.6741180419922,207.38252787024734,205.23735432936843,207.04328099820484,28464100
207.0133514404297,208.44014313706415,205.18746547556665,205.23735606521282,23022900
211.1640167236328,211.742714118765,206.43467159929352,206.78389053195886,32339300
212.43115234375,214.167229203444,209.72724064780297,210.0365409975429,39728400
210.87466430664062,211.20390871469678,205.73623790289355,207.97120545801465,47523000
230.1412353515625,230.78976737242826,224.28442698424496,225.7012467158241,103336100
231.7775421142578,231.84737676203946,225.60146147412655,229.13349303754427,51684200
234.4714813232422,235.22976659054154,231.37844718195538,231.677775522156,46588900
233.72247314453125,237.8069358559837,233.3529799966882,235.15054099905157,32474700
239.30491638183594,240.14377315813266,232.91358965088386,233.85231685973005,38061000
238.84552001953125,241.33214736167037,237.5273187664355,238.5758820575914,35141100
240.0438995361328,241.9213539288796,235.92949376965038,239.55457404217233,30599300
240.4733123779297,241.75157459718335,237.67710805902945,240.04388783032,26771600
251.26864624023438,252.06756394348793,244.32807821701437,244.32807821701437,58383800
250.8192596435547,252.696698721273,249.13154999644232,251.73800966841424,34109700
249.19146728515625,251.25866627901078,245.94587648389523,250.87917693990602,34108000
251.68807983398438,253.64542748570952,249.46110945180462,251.338548569648,31239500
254.3744354248047,255.65269769422878,251.4683796180924,252.90642848071656,55571400
252.18739318847656,255.4329839373953,249.96042287972912,254.0848093772248,32290500
251.31858825683594,254.01492224497756,250.1401811840686,252.69670571321294,26628000
246.80470275878906,252.00764101873446,246.10565550148698,251.31857470864836,28201000
245.45654296875,246.1556055061487,240.41340622781078,244.06842931794486,31020400
246.2055206298828,249.08161830530747,245.63630185383965,246.73481561544992,18503200
243.71890258789062,250.80926093832198,242.4406403715287,247.51375020937843,32505800
242.77020263671875,242.9599320717839,238.92541967317948,242.48058753408858,34724300
244.5677490234375,245.96585884887978,238.2862890899911,240.42338523813993,31658200
245.35667419433594,246.47514981131818,241.97127402542458,244.81739828037135,25483300
245.01715087890625,245.96585900937905,241.3321544964398,244.15831699237452,30249600
250.09024047851562,250.97904766602093,244.24818617214953,244.44791178946252,28894700
245.42657470703125,250.1002333278666,245.18691006468788,247.93317917084852,23181300
244.2881317138672,245.67624536262252,243.48922922331397,244.62768203424937,21307100
241.2023162841797,244.42792989328805,238.82554034163272,244.13833003954065,27892100
236.2490692138672,243.75885638035138,235.5200485827795,241.10246136059908,33180300
243.81875610351562,244.16828735447277,239.38479264234815,239.88411429337978,24995000
245.1169891357422,246.78472157869837,240.1836889124138,240.9027132904423,22111600
250.68942260742188,251.7679591837619,245.65626715592245,246.91455220927548,27007700
251.1188507080078,256.6113736152233,249.76069521164578,251.42842769264908,27997200
252.9563446044922,253.87509458891947,247.4737875390444,250.4197821526697,29671600
256.2019348144531,256.98087539491434,253.88509020638818,254.3444728441902,22350200
250.12020874023438,254.53421031738455,243.81875668908756,254.39440086428343,47312100
251.34854125976562,256.01218852739623,248.95178813355238,254.02489806023604,35029400
252.73666381835938,254.69399627404513,251.50833675008087,252.63679338694976,19901400
259.5673828125,261.32497431611404,254.9736174865258,256.23188733462473,28655100
268.9046630859375,269.7735083332291,263.92144290721717,264.4607188078389,35235200
267.1071472167969,270.3627344019799,266.1384619149823,269.3241367489819,29738600
274.197509765625,274.96645416764926,267.3068768000952,267.38675485794886,43580300
281.09814453125,291.1944142933695,279.6800575475708,291.1944142933695,74876000
280.8085021972656,285.6119738650845,276.6541425566326,282.82575062167336,39267900
283.3350830078125,285.14262497278366,279.42038779718166,281.797163766903,29786000
277.1634521484375,280.88837191256465,275.8851900258856,276.374515458966,30078400
283.92425537109375,286.0314084420774,276.96371081227676,278.49163374098424,31010300
284.3636779785156,287.9587999323025,280.7585903155872,284.9428776795432,37173600
278.45172119140625,283.3950181298404,274.8166751233446,282.8257840870045,34479600
289.7064208984375,290.40545290698407,282.47622284552773,284.03413439651047,29557300
290.914794921875,291.52398321941854,286.9302176656824,287.35962699643375,19842100
286.3210144042969,291.613842224268,283.30512258449664,291.2842728658537,24829900
278.19207763671875,282.45627365196606,276.8638649512614,281.9569519907634,29494000
276.0350036621094,278.1820807042813,270.3327588398133,271.04178706348836,31647200
284.63330078125,293.55120856159544,283.1852862901624,285.392279437324,52670200
283.8943176269531,288.4081743957296,277.8225797399186,287.52939388700526,49158700
292.4127502441406,303.39782684502376,286.2411417953812,286.77042153983126,68198900
289.05731201171875,306.0042898345543,288.2783714658303,304.1268355762142,62025200
299.25347900390625,303.50770955644725,293.4513634023398,296.0178842040454,74137700
318.14776611328125,319.0465694557707,309.17996886834777,310.70789188393536,85165100
323.0011901855469,328.3838617048627,317.2190369667809,325.767421144808,88632100
319.5159606933594,324.0597758686898,316.36024396458464,320.2449508538883,51373400
319.7456359863281,326.40660086319315,316.36025071335513,322.9313108653273,26018600
314.46282958984375,319.41609223758667,313.464186206563,317.2690150587685,41183000
315.38153076171875,317.948051296999,313.4841146313127,316.3102616947243,35854700
319.19635009765625,321.1436861691208,313.6738540884245,315.4614340573081,41838300
317.1890869140625,321.92264650582644,314.27306548179905,321.7928484740126,31240900
320.8341064453125,322.72155681925386,318.73697999805336,319.05652267664885,28851700
313.49932861328125,320.21460294317257,311.0010871288888,319.82486263347363,33909400
316.85693359375,317.7662971049956,311.6805848338384,312.15025542764414,30194000
319.9847412109375,321.0839735202244,314.45863248382005,315.6078174223929,33428900
312.210205078125,320.8940942947929,308.3829128168011,319.85481737290655,42353700
309.07244873046875,314.6485102459599,305.34506149685063,313.47935032153816,35940200
308.003173828125,311.2009348824072,304.66552711937686,311.1009991314403,29151900
306.3543395996094,310.5513666605185,302.37712849550337,304.7354841263937,30585000
296.5112609863281,307.87325739956634,295.9116769824828,307.7933270972379,43930400
302.2472229003906,303.7461677101471,299.0195145942255,301.50775321966603,33518000
306.9439392089844,307.03387224107576,300.7582909786616,301.5177661333593,59943200
309.56207275390625,309.9118326328777,305.0852133945127,309.66200850448513,26429900
314.1288757324219,314.7184570357758,309.1024153195162,309.41219480947996,25478700
313.8690490722656,314.8583428959372,311.70059264113144,314.5485634057752,10097400
313.2894592285156,314.86833429915043,312.0603135401851,314.25877806497726,10899000
313.33941650390625,313.79908436732376,310.4014822754237,311.15095467052413,19621800
313.6292419433594,316.72706748217655,312.24020504037514,312.28018544302313,17380900
312.7798156738281,314.3586907819443,311.22091551782626,312.62992729269524,16377700
314.9283142089844,322.2731502440002,310.11169732658084,316.67708324131615,32009400
316.3173522949219,318.79558832967825,314.4086921415047,317.4365596004392,30195600
314.1188659667969,320.71422913013345,311.5606693028291,316.17741436833177,31212100
321.7535095214844,325.9205589972494,313.96898096999803,314.13884430323384,35104400
325.2110595703125,330.0876314322289,321.2738288701313,328.7385750407063,31896100
328.3388671875,330.5972566011106,325.5707962902668,326.8598973489763,26214200
331.62652587890625,333.80501545240315,324.77136644379436,325.57079145505844,33923900
335.7336730957031,340.25048265726696,333.38532003422745,334.7144015630273,33517600
335.603759765625,336.2832741209541,330.2475447349911,334.8243096530742,28525600
332.5458984375,337.4524480652932,330.507324974913,337.4124676651339,28442400
329.7678527832031,334.4145755186536,327.46948297740045,334.1747541117482,40341600
321.77349853515625,327.49947891315526,320.20459558658575,320.6442885211675,35361000
328.1490173339844,332.24613943011235,319.12537039479025,320.6942733516965,35386600
330.3074951171875,334.9142376434696,328.5187457270175,334.2147483456718,26253600
327.6993103027344,333.45526818914374,327.21966747627397,332.25610013077164,27280000
333.02557373046875,335.60374537803585,326.7699676491338,327.5793954045391,26042100
334.31463623046875,337.6722883721735,333.2454121385867,335.1340666902067,21636200
335.7736511230469,337.30257365930305,331.7065067534381,335.82360375323316,27434400
338.0120544433594,342.0492210013424,326.3103005061971,340.06060015063264,39785600
337.7622375488281,339.76083067041884,332.0562627255977,339.76083067041884,31024000
343.4482421875,344.5874244246442,335.3939142353609,335.983495554882,32006100
339.47100830078125,348.7544814019383,337.2325938809106,347.09564553860224,36506700
332.80572509765625,343.0684894885568,328.2888852617291,342.7187296036167,70618400
331.0169677734375,332.45595718246585,306.24439883874277,312.0003564748562,88205800
322.63287353515625,330.147603202773,319.694969697787,326.94984200428365,56380500
324.09185791015625,327.4694850607409,317.03682684844796,320.70422803551696,39640100
318.3558654785156,321.4437184993816,314.38865715458337,320.7441987510988,39170000
310.7412414550781,320.8341425405983,309.44216816023624,318.7456164455411,45406400
308.7826232910156,316.0175203045161,306.9839017615506,311.87044586439265,47761300
305.50494384765625,308.41290048065196,303.4963480144474,307.5135396808651,38499700
301.8075256347656,304.22583664461854,296.04159566157676,299.82893803190484,39247600
303.1166076660156,305.1651838815364,301.0380842700908,301.87748970860525,28482100
302.636962890625,305.25511494304027,299.828942056139,301.6076886754516,25834400
314.7584228515625,316.2773425544253,303.68620054308417,304.1059184917761,53210800
311.2708740234375,319.29522413676915,309.65201848441603,318.82555353627805,31423000
310.6813049316406,312.05033638585,305.71479964031533,310.3015673465962,25615600
312.67987060546875,313.4193707572093,309.22231323387047,311.84046520002283,29963600
307.1637878417969,312.9197459051382,302.1373272609355,312.42009761480955,36431200
311.54071044921875,312.1502667227519,303.5862877430576,303.92607541564644,44640600
306.3043518066406,308.27296712894787,301.088022863519,303.0166882830762,34790200
303.3664245605469,303.72618716624237,296.5012623376298,298.37994467731505,35497000
302.9167785644531,305.2551289128473,300.5384478137644,302.6769571429086,29536200
300.6683349609375,303.08661540637286,297.78035344585857,302.82681905445145,35752300
298.30999755859375,300.31859339921897,294.97235071392555,295.88171424137005,25576900
306.3599853515625,306.79998779296875,294.0799865722656,294.3599853515625,29312100
307.0400085449219,309.510009765625,305.57000732421875,306.1700134277344,23239700
308.70001220703125,311.4200134277344,305.9200134277344,306.75,24125700
303.54998779296875,308.94000244140625,301.0299987792969,306.82000732421875,24928300
302.2799987792969,307.69000244140625,300.44000244140625,307.010009765625,23693100
305.55999755859375,306.489990234375,303.0199890136719,304.3500061035156,23519700
310.9200134277344,311.4200134277344,305.5,305.8599853515625,21955200
307.69000244140625,312.4700012207031,306.92999267578125,309.2699890136719,20009800
307.1300048828125,308.05999755859375,302.3500061035156,304.010009765625,25075800
301.0,306.0,298.2699890136719,305.4599914550781,44364100
302.05999755859375,305.9800109863281,300.92999267578125,302.1099853515625,29326900
290.44000244140625,299.9200134277344,290.3299865722656,299.20001220703125,36864300
290.92999267578125,296.0,289.239990234375,293.44000244140625,29460700
280.9200134277344,287.95001220703125,278.5,287.9100036621094,39080600
274.3399963378906,279.3699951171875,273.95001220703125,277.2799987792969,35890600
273.5,277.0899963378906,272.1099853515625,276.4200134277344,35141200
287.55999755859375,288.0799865722656,277.0899963378906,278.0400085449219,43875400
297.3900146484375,300.5199890136719,290.4100036621094,290.8399963378906,37684500
295.7699890136719,298.0799865722656,289.45001220703125,290.69000244140625,21666500
299.989990234375,300.6199951171875,295.17999267578125,295.8699951171875,16945500
305.4599914550781,305.6300048828125,297.7200012207031,302.7300109863281,23205400
317.32000732421875,322.0799865722656,315.0199890136719,320.45001220703125,33547100
318.489990234375,319.5400085449219,311.05999755859375,315.9100036621094,23739200
317.239990234375,321.8299865722656,316.32000732421875,320.0199890136719,19152600
321.30999755859375,321.6300048828125,315.4700012207031,317.1400146484375,18866400
332.9100036621094,333.2900085449219,323.75,324.7900085449219,27721400
