Close,High,Low,Open,Volume
MSFT,MSFT,MSFT,MSFT,MSFT
39.7677001953125,40.329006375872176,39.58060029796801,39.68265508236165,27913900
39.40199279785156,39.742176400533225,39.3339541307579,39.43600888713618,39673900
38.823673248291016,39.75918211807027,38.730121712460715,39.44451142467352,36447900
39.316951751708984,39.512558089467205,38.687610185749996,39.10433574402447,29114100
40.47357940673828,40.6096535086197,39.73367668052447,39.7591895607952,29645200
40.133392333984375,40.669185526891724,39.88676025595875,40.490588877343434,23944200
39.63160705566406,40.43104500864739,39.42749758479369,40.32898702895066,23651900
39.42750549316406,40.745723841503754,39.17236698126964,39.946288972431304,35270600
39.08732223510742,39.325454346424465,38.79816436328583,39.08732223510742,29719600
38.67909240722656,39.44451110855673,38.61956020204109,39.30843703323824,32750800
39.3254508972168,39.35946698648214,38.41545156879696,38.53451923614339,35695300
39.4530143737793,39.67413677414309,38.75563433126924,39.37647250353981,36161900
39.05329895019531,39.24040203782866,38.6790960191908,39.07030861673127,39081100
40.08235549926758,40.090858708879445,39.18936925398838,39.44450771774507,35898000
40.1248893737793,40.30348602444816,39.80171216476243,40.277973144141896,26211600
39.98031234741211,40.08237036617829,39.32545790377448,39.97180913464632,42525500
36.28077697753906,36.74002809929224,35.813022647276895,36.52741219969479,169164000
35.03060531616211,36.391349442242465,35.00509243845995,36.3488268979848,84507100
35.72798156738281,35.82153310120963,34.69041797358257,34.80948238235786,63585300
34.358741760253906,35.362289389740624,34.31621597120237,35.33677326745726,78004900
35.10714340209961,35.18368527120205,34.21415709207899,34.52032456848876,50352500
35.379295349121094,35.659949980728776,34.91154087403713,35.404811471070445,52082400
35.583404541015625,35.898075229949285,35.17518231757854,35.668449620966825,41614800
36.1021842956543,36.26377122884836,35.60041058869625,35.90657803623154,36548200
36.06816482543945,36.39134193479895,35.84704569435864,36.297790410174244,34616600
36.02565002441406,36.348827203157484,35.898079146307865,35.92359526848642,31381100
36.22975540161133,36.37433592991583,35.87256217449755,36.34882305491108,29670700
36.04266357421875,36.272289232991625,35.89808301383766,36.272289232991625,38262500
36.646484375,36.646484375,36.15321382582502,36.28078469040803,33268800
37.30983352661133,37.30983352661133,36.697502001384265,36.89310822069049,40264900
37.32698440551758,37.68671970712089,36.99294028172086,37.66102526196369,33695700
37.284149169921875,37.42975862305899,37.16423742460308,37.369802750399586,27111700
37.258460998535156,37.284155443326796,36.87302798990778,36.98437602958915,27603400
37.566802978515625,37.58393369547487,37.07858898090292,37.2670203327542,29721100
37.815185546875,37.84944370626238,37.38692751471265,37.42975266445899,32518800
37.763797760009766,37.943665370088404,37.61818831326764,37.81518990603932,25271700
37.67815399169922,37.763804315934465,37.51541380136165,37.64389255506495,29759800
37.73810577392578,37.88371196278353,37.59249631771796,37.678149900002,28957300
37.5582389831543,37.858021652835546,37.39550206008191,37.798065772369384,33807700
37.58393478393555,37.849452736117925,37.30128284694754,37.40406388432942,31924000
37.07000732421875,37.54109368586527,36.90727047850833,37.30983399942485,31748600
36.88159942626953,37.010074933055975,36.72742620424504,36.83877098998977,25748700
36.92442321777344,37.0357712667154,36.676032672960915,36.89016177696809,23193500
36.28202438354492,36.92441149156137,36.102156777464266,36.83019419294299,36248800
36.701717376708984,36.94154413132894,36.13641682289404,36.13641682289404,32108000
35.999366760253906,36.58179790691303,35.999366760253906,36.273451621346524,39159700
35.956539154052734,36.29057985145298,35.836627443944856,36.2391909856062,32215300
35.13429641723633,35.67390256114964,34.99725395007503,35.39981762682704,59992500
35.44265365600586,35.519740271637154,34.78313555946061,34.8602221750919,58007700
35.59681701660156,35.665336618523334,35.35699024149975,35.51973042234567,35273500
35.71672439575195,35.82807241100551,35.24564116293283,35.434072495650575,31673400
36.40194320678711,36.68459515766213,35.399820691540235,35.485471015674854,44194800
36.22207260131836,36.47902682004379,36.16211672586076,36.1963748923007,33879100
36.727420806884766,36.813071132155464,36.3933799640384,36.45333584519798,71904500
36.71028518676758,36.94154495494099,36.64176232181988,36.7274159030045,26246100
36.74455261230469,36.975809150846175,36.6160738532478,36.64176829811895,25513300
35.511165618896484,36.77024564690157,35.49403490052255,36.76167865403938,43469900
35.297027587890625,35.639635333773,35.04863713549338,35.30559457857997,37495600
35.091468811035156,35.485465468221484,34.97155706905235,35.21994427715248,34401400
35.082908630371094,35.57968967771377,35.040083466684784,35.20282039563297,35049700
34.825950622558594,35.142860720457634,34.72316958733327,34.92873165778392,34887200
34.87732696533203,34.91158511664581,34.52615559241326,34.77454270934455,36865300
34.509033203125,34.894466087633184,34.36342377237768,34.825943233787505,37487500
35.58824157714844,35.78523987852119,34.41481549186316,34.55185793052896,39223700
35.57111358642578,35.896590628424356,35.382682260931624,35.63963644467799,28809400
35.476898193359375,35.70815795134323,35.15142440124866,35.511159624323625,24753400
35.52829360961914,35.6482053616801,35.33129526446898,35.33129526446898,25723900
35.733863830566406,35.93086220263949,35.468342580893655,35.656777226942104,28022000
35.76812744140625,36.025085004130844,35.4512172526907,35.45978424736879,30276700
35.67390441894531,35.99937825330932,35.45120835611698,35.802379900715216,24244400
36.196380615234375,36.367684543919225,35.69960281613406,35.768122427197596,27343600
36.1107177734375,36.26489092910307,35.819502175774716,35.93085018094419,22509700
35.64820861816406,35.750992929905884,35.254211891871904,35.691033781047906,42387600
36.75310516357422,36.97579790856706,35.69959076861469,35.742415919496054,46057700
36.52184295654297,36.95866796108161,36.42762567056995,36.83018924978216,26013800
36.821632385253906,36.941544128880956,36.44476317116894,36.54754419894213,25064300
37.12140655517578,37.352666285850475,36.65888709382639,36.735973670717954,46309500
41.00142288208008,41.232682610388736,39.099959450457995,39.10852317342522,130933700
41.13847732543945,41.224130916853234,40.4447012054152,40.45326493088136,59248200
42.10634231567383,42.14916747836155,40.855829268029616,40.92434887485988,60730800
42.020687103271484,42.23481615915726,41.541036841841304,41.72947145657282,47804600
41.66094970703125,42.4318156358222,41.62668827300717,41.712341858067376,64725500
41.678070068359375,41.866504641321605,41.45537733723531,41.609550484686345,38937300
41.31834030151367,41.85794312075159,41.266948156531576,41.42968504795019,34039500
40.77017593383789,41.24982625409322,40.52178868173381,40.95861057167936,50369200
39.63957214355469,40.91578283036274,39.41687934978934,40.74447892197,52433000
39.99930953979492,40.33335035461347,39.536789980499925,39.631007290802636,32971700
40.89863967895508,41.09563797014352,40.701641387766635,40.72733582264143,35364900
40.57317352294922,41.03569307841189,40.57317352294922,40.72734670810344,24609400
40.5560417175293,40.83869363850939,39.759481371394585,40.127783607450425,29928300
40.795867919921875,41.38686292745697,40.74447577117316,41.275514905509766,34184600
41.729469299316406,41.81511961030289,41.13847104451998,41.13847104451998,32980900
41.36973190307617,41.892207309071495,41.15560285257645,41.857945876827536,28642700
41.12132263183594,41.30119343525802,40.77871826798369,41.09562820306786,24136500
41.01789855957031,41.216177196164224,40.67306414635544,41.0006565100511,28574800
41.01789855957031,41.31962620469481,40.750651724899555,40.854100733430144,25047900
40.87996292114258,41.035138081107036,40.52650912090904,40.759271860855726,22410700
40.43168640136719,40.81962104744308,40.36271819583411,40.77651756327742,25720600
40.1644287109375,40.41443345572515,39.819594353396994,40.37132998317863,29581900
41.04375076293945,41.18168383950117,40.190287590812375,40.362704758660506,27335600
40.90583419799805,41.39722118713377,40.85410804018918,40.94893768521279,19283700
40.39718246459961,41.00926018955816,40.16441981808366,40.88856917771658,36519600
40.7161750793457,41.18170063582927,40.190303982790404,40.56962256448159,28837300
40.44892120361328,40.819617050594296,40.1902970353575,40.45754387275315,21498300
40.388572692871094,41.155829049036406,40.36271126452978,40.836856086099274,28002200
39.96615219116211,40.65581765363487,39.82821909866756,40.33684799385078,27745500
39.776493072509766,40.104085401364955,39.51786893439644,39.92304883354406,25438100
39.42304611206055,40.026504730737145,39.371319960087725,39.91443304575516,22121600
39.35406494140625,39.60406635120722,39.190267172113984,39.448891247974316,24406100
40.181663513183594,40.371322704494986,39.38854594926798,39.47475616740205,28417400
40.03512954711914,40.44892895332621,39.767885947106336,40.22478884151689,27347800
39.629947662353516,40.06098906555132,39.569602128992614,39.84546836395242,23931000
39.207515716552734,39.35407146660989,38.81095851524247,39.18165429125375,33254500
39.50925827026367,39.862712104323904,39.05235212726991,39.095455611699684,27070300
39.629947662353516,39.716154627559106,39.104076624278605,39.4230463418412,28704100
40.27650451660156,40.34546942205861,39.8023564040272,39.84546316959541,32658300
39.74201583862305,40.371339177750464,39.647189492857656,40.33685507642583,63837000
39.854095458984375,40.27651756285735,39.793749913943316,39.940305729461286,20318100
39.57821273803711,39.897182384903864,39.328207990332594,39.7678719657556,25896500
39.34544372558594,39.8713145627491,39.26785617110968,39.37130514755014,34890900
39.35406494140625,39.70751861241819,39.22475125918431,39.681653902823676,20616000
39.01784896850586,39.897173433480376,38.819570406097405,39.35406387545945,49835300
38.250614166259766,38.99200592468207,38.24199478495521,38.828211371215396,34081700
38.060935974121094,38.552322636412754,37.87989618650068,38.54369997155397,35945400
38.319576263427734,38.99199970989857,38.0178453484998,38.328195643358484,28343900
38.27645492553711,38.57818241108448,37.9833468158984,38.34541979855524,21752000
38.26785659790039,38.34544418475279,37.88854133361366,37.897160715003906,23034000
38.19025421142578,38.354051991630385,37.345413753420175,38.22473830079346,36435800
38.138526916503906,38.70750117035587,37.95748711273657,38.310940766060014,39785900
38.379920959472656,38.98337948770593,38.3626789113992,38.57819957944077,32424700
38.457515716552734,38.91441856581729,38.42303161396314,38.80234687669362,25465800
39.259246826171875,39.328211731895216,38.75061790319727,38.77647933177047,28178300
39.32821273803711,39.6213209941751,39.06096919971852,39.181660254260414,22880300
39.44890594482422,39.56097762526375,39.164420341966654,39.379941033573964,26629600
40.22477340698242,40.250634832264225,39.62993760541228,39.664418409593324,26271700
40.19029235839844,40.32822545132251,39.87994207717319,40.12994683578068,29467100
40.44892120361328,40.62996108111857,40.035121876687086,40.216161754192385,30631900
40.75927734375,40.80238411843805,40.06961170034864,40.328235905551,42781900
39.259246826171875,40.45754124930242,38.96613857753254,39.173036583287065,59152400
39.750640869140625,39.854089890673734,38.87993534619711,39.02649114123868,33934000
39.60407257080078,39.93166487224826,39.48338153568436,39.578211145728424,32333200
39.09543991088867,39.66441422718154,39.00923297665001,39.60406871549773,39701400
39.086830139160156,39.345454294021216,38.6126853071508,39.293731436199735,34328900
39.90581512451172,40.32823387102839,39.01786757038,39.13856192939836,40945900
40.414432525634766,40.86271586468705,39.59545341176203,39.87993895488931,39777900
40.25926208496094,40.836855905931905,40.0868448900824,40.76789100113117,31201500
40.354087829589844,40.51788234026659,40.043737566341996,40.5006402935768,24125900
40.98341369628906,41.129966181592486,40.242022023711556,40.302367551611155,33403900
41.01789855957031,41.73342552740185,40.98341446053189,41.3627296842005,26959700
40.19029235839844,41.18168872469194,39.94029088837529,41.12996258162629,27368000
40.29374694824219,40.32822775700632,39.879944357227316,39.992016029318194,19163000
40.8023681640625,40.94030123880874,40.37994627282368,40.47477587832121,23079900
40.00925827026367,40.4661610522833,39.56959753700123,40.3627120483247,29237400
40.29374694824219,40.431680049052304,39.40579952872908,39.819598831159425,30181400
40.28511047363281,40.604080043333575,40.07821253761523,40.56959924638625,22627200
40.51787185668945,40.60407877924909,40.10407270895326,40.112692085775905,21473400
40.793739318847656,40.905810952788194,40.147177512286994,40.3540787373631,21099700
41.01936721801758,41.158209875776556,40.524740042859335,40.64622695461468,23574100
40.446632385253906,40.85448405539909,40.17762334384143,40.59415123003956,31485500
39.62225341796875,40.32514609840441,39.62225341796875,39.97803786627754,36238200
37.374759674072266,39.46607998402812,37.374759674072266,39.3098815118927,70053100
36.16855239868164,37.04499618341016,34.46772876458694,35.10119869023638,88753700
35.11854934692383,37.522265552329095,35.0491263628123,36.94085964634034,70616600
37.06235885620117,37.175169587679925,35.63054409163573,36.45492078474712,63408000
38.0949821472168,38.13836984600932,37.25324688751115,37.5135763905355,50943200
38.12103271484375,38.31194265505473,37.65243739447363,37.66111692463095,28246700
37.765254974365234,38.12103963921137,37.40079077778521,37.799966480757895,34441700
36.290042877197266,36.95822436527995,36.15120018553534,36.59376023074809,49688900
37.626407623291016,37.64376337434902,36.342111837437784,36.758639932016855,37671500
37.74787902832031,38.16440695140045,37.556969155557454,37.66977983585093,28285200
36.9755744934082,37.34871479118968,36.6197899432294,37.14912865916453,37138800
38.08631896972656,38.18177393420538,37.4875605247285,37.57433595956162,32469800
37.374759674072266,38.52889246148713,37.23591695553762,38.364014457415564,33469500
37.56566619873047,37.9995500680336,37.09707082541799,37.41814396182637,31366600
37.73052978515625,37.82598473798401,37.261934549603765,37.435488708356935,27132500
37.348716735839844,37.695821775154975,37.19251830955334,37.68714555603708,23656000
38.16440200805664,38.43341103844478,37.38341349479208,37.47886510854022,28882200
38.442100524902344,38.51152351552415,38.04292825963812,38.15573896426336,23372200
38.39871597290039,39.04954166735633,38.25119707108696,38.43342747106967,32768200
37.73052978515625,38.17309305549035,37.60036664879406,37.747885532058596,63143700
38.277217864990234,38.58961463677179,37.8346546682098,37.85201041222763,26177200
38.0949821472168,38.225145243594355,37.58299935681892,37.643742797182284,28085900
38.06895446777344,38.32928402268765,37.75655767776842,38.12102170286424,17145200
38.103668212890625,38.29457810925212,37.548297580133635,37.7044959843803,27905600
38.12971496582031,38.81525230476517,37.97351650099056,38.59831036030956,29384600
37.56566619873047,38.25987972756124,37.49624319071178,38.034261572042944,27613800
37.69581985473633,37.8086305591451,37.35739105178039,37.635076393194,32763600
38.40739440917969,38.44210590935251,37.886735147670784,38.07764508835045,34958900
38.71110153198242,38.832588429829244,37.96482109061518,38.832588429829244,28657900
39.54416275024414,39.54416275024414,38.112345122101445,38.41606571821028,41839000
40.464012145996094,40.689630310256696,39.656987852999784,39.70037557955705,34369300
40.56813430786133,40.94127463155743,40.1082185503957,40.20367351370455,27017200
40.61151885986328,41.088790328942856,39.873917799492155,40.87184845115483,27711500
41.17558670043945,41.23633018741301,40.351206549734606,40.40327381439984,33772700
40.88052749633789,41.253667786540085,40.71564955259673,41.17556857904962,28600600
40.78507614135742,40.84581960695907,40.35119235261958,40.767720392575434,19769100
40.68962860107422,40.89789431418072,40.4032669696079,40.4032669696079,19987800
40.50738525390625,40.871845997783254,40.377218810938665,40.481353289420795,24697800
40.793739318847656,40.81109506208101,40.37721141205584,40.793739318847656,27189400
41.22764205932617,41.25367734136661,40.69830654181316,40.80243773916166,26450300
41.323089599609375,41.548711015244216,40.802430396294405,41.149535428414225,29387600
41.45326232910156,41.48797383064792,40.80243657132677,41.16689740675058,30802200
40.9586296081543,41.644166776928955,40.88053039512591,41.583420002110834,25144300
41.67887878417969,42.47722673612618,40.863178392432296,41.24499496319836,56637100
45.87886047363281,46.92018199213865,45.34084562467491,45.38423333163977,135227100
47.07639694213867,47.137140415306845,45.55780349239226,45.58383546367262,64633300
46.59044647216797,47.180528771100825,46.49499480610121,46.85077942955151,50999900
46.84208297729492,46.84208297729492,45.87018443437666,46.4602665201445,47000800
46.3040771484375,46.711928957552274,46.18259022068514,46.46027557276782,30202100
45.67927932739258,46.850767404113185,45.6619235806704,46.269361474865875,46619800
46.199947357177734,46.30407853977002,45.66192907486463,45.86151522077926,30285000
46.9896125793457,47.197874930603646,45.90490317825527,45.93093514459492,36596900
47.2065544128418,47.62308242521583,46.9115133236264,47.01564449915231,37087800
47.189205169677734,47.46689054953603,46.85945253974444,47.28466013967981,31468500
47.657806396484375,47.7098736566294,46.82475009579298,46.93756083763811,32851200
46.998291015625,47.61440519005049,46.47763180264272,47.336719835090534,32513100
46.434242248535156,46.97226053731469,46.22597988084749,46.92019329025745,55283700
46.55572509765625,47.0329965339331,46.390847163296336,46.59911280817776,36516300
46.26936721801758,46.842093689857954,46.15655650545596,46.408209898758564,35361100
45.85283660888672,46.243332661069765,45.583827481767194,46.052422744386845,36848200
46.65987014770508,46.76400134599295,45.86152213344175,46.061111619710914,32165200
46.275474548339844,46.76469773453281,46.17063815194163,46.450195210504184,31551300
47.04426574707031,47.1578368699879,46.284220025417724,46.301692762219176,29710000
47.12287521362305,47.75188019212984,46.983096699797386,47.16655870691696,28149200
47.341285705566406,47.43738407158248,46.53755997631032,47.39370390500693,37147600
47.341285705566406,47.577162604174106,46.9568955740852,47.39370390500693,28235900
47.39369583129883,47.55968176904279,46.808374367215485,47.105400782362835,24600000
46.904476165771484,47.37622995082834,46.904476165771484,47.253924154535746,21005100
47.114139556884766,47.24518336893767,46.9918337763461,47.00056847527776,9009100
47.48106384277344,48.013970535273614,47.17529934670763,47.64705313999465,56241400
48.24112319946289,48.24985790156736,47.43739396991677,47.533492355984826,39952800
48.232364654541016,48.88757700901974,48.10132418319469,48.3284629997444,47274900
47.35002899169922,48.72160703635705,47.11415206692205,48.47699541032894,38627800
48.843894958496094,49.12345195229688,47.26264800458733,47.28012073327266,43963700
48.756553649902344,48.896332201279655,48.30227252478018,48.73908091440723,30709800
48.73905944824219,49.009878397680595,48.0401669991691,48.45950246861295,32878000
48.03144836425781,48.80896673610284,47.62084742662052,48.37215836247454,36373200
48.28479766845703,48.62550766418766,48.05765544958102,48.38963074423952,31775800
47.22771072387695,48.13626938062794,47.18402723139196,47.7955594677735,39549500
48.17122268676758,48.23237558710686,46.89574314742953,47.46359531638928,46768900
48.223628997802734,48.83516118301304,48.1275306545091,48.62549176741037,39843000
49.03609085083008,49.14092388866956,47.83923394954908,48.52065702696119,37503300
48.66044616699219,49.61268841152564,48.51192960936181,49.2370330001218,41280900
47.28886413574219,48.922526128702515,47.20150048239136,48.72159472486955,84684200
47.90039825439453,48.35467593927547,47.376226311513626,47.94407841648892,37246300
48.35468292236328,48.468254026276135,47.6121100617726,48.04018371031598,28322200
48.76527404785156,48.817692238961925,48.433298835984374,48.660440998213396,27279800
48.63424301147461,48.88759266951672,48.42457685712375,48.800232327301096,9558500
48.87885284423828,48.87885284423828,48.03144361673234,48.3546808481445,22458300
49.40302658081055,49.66511093947862,48.97495623925549,49.17588769198713,27731400
49.19335174560547,49.60394927977877,49.17587901376661,49.33313026773352,21704500
48.46825408935547,49.08852114619336,48.41583588765442,48.95748064081558,27334100
47.87419891357422,47.87419891357422,46.642399386148945,47.45486325876812,53778000
48.092586517333984,48.38961625358931,47.647043579242194,47.987753472944576,34079700
47.21896743774414,47.52473518819987,46.86078483427135,47.45484427406752,39518900
45.576576232910156,46.72975320609292,45.489215906306434,46.039595295141844,56564900
45.71635437011719,46.54628740311388,45.55910312895132,45.7512964983676,48754000
45.69015121459961,46.17063971700486,44.95631307785197,45.87360991564074,36943800
46.10947799682617,46.38903501139124,45.480476380346005,46.092005266843046,36095500
45.113555908203125,47.23644428775786,44.81652616238856,47.00056743085373,66883600
46.39778137207031,46.668600403970395,45.05241091508901,45.428066345708245,52381900
44.54570770263672,45.40185149004932,43.97785563311429,44.825264721686445,71820700
44.17005157470703,45.14850112457394,43.73324332337221,44.973777157523514,43564500
44.370994567871094,44.88642857247095,42.89458015960908,43.663363816022134,63273000
44.10017395019531,45.06115439239826,43.94292266569999,44.554455068450316,40191200
45.68141555786133,45.71636102378036,44.78158813965317,44.912631970557996,37555800
45.24460983276367,45.99592073030083,45.122304027598695,45.375650338619046,34707700
45.576576232910156,45.81245311383962,45.03493487628482,45.244604325749734,28900800
44.746639251708984,45.60278304198996,44.57191528107188,45.436793770222565,36775200
45.4804801940918,45.611520681079874,44.77284956705825,45.3057562121916,62513800
48.12754821777344,48.12754821777344,47.17530580071492,47.81304564588864,83611700
47.795555114746094,48.127530298418115,47.61209646031509,47.94407164398711,44208500
46.30168151855469,47.40243700907438,45.99591703023893,47.32381137885276,56313800
45.56783676147461,46.6423846625727,44.78158057404552,46.520078885102066,57559800
45.42805099487305,46.13568145048423,44.87767175161991,45.51541129836887,46987100
43.820621490478516,45.42807664347403,43.296452708395044,45.37565843223214,62009000
43.16537857055664,43.30515703657776,42.09956568428216,43.28768431175243,59290500
43.05181884765625,43.89049319692696,42.518912264370215,42.824680030354884,46740500
43.42747116088867,44.02153058929934,43.261485241878866,43.58472238209045,38237000
43.410011291503906,43.77693202719051,42.379143350523016,42.52765991790999,48878600
44.11764907836914,44.274900371393784,43.46243646829435,43.89924487501088,34243300
44.95354080200195,44.95354080200195,44.108847948511325,44.78636305699163,37291200
46.123775482177734,46.431738617462045,45.27028551392714,45.30548187621847,40789000
45.92139434814453,46.59011170245791,45.84220422346293,46.0445815971565,27176000
45.595855712890625,46.00060391835562,45.34068705254978,45.727840428656094,33559100
46.32616424560547,46.63412409988725,46.00060284935254,46.00060284935254,25008300
45.03272247314453,46.079789248847334,44.85674398939766,46.05339365106394,28895300
45.19110870361328,45.31429265144927,44.17043739174398,44.60158120916995,33014500
45.842220306396484,45.842220306396484,44.53118744022642,45.51666228249332,26939500
45.1383056640625,46.35255344097704,44.9623271902834,46.28216070886131,35975900
44.76874542236328,45.44626023653508,44.575168802168605,45.182290897538856,31654000
46.26456832885742,46.273365742581994,44.80394926880913,44.84794640696317,33024500
46.590126037597656,46.59892345126497,45.895012880016786,46.11498514331374,29289900
46.06218719482422,46.60772078425659,45.560650740014864,46.60772078425659,24427800
45.78063201904297,46.15018721242229,45.49906775575909,46.106193425629954,33034200
44.90073776245117,45.578252743012776,44.50479036973591,45.36708124776602,38407800
45.446266174316406,45.86861247277861,44.52238008013844,44.6983585436252,33835100
46.49332809448242,46.5021255063313,45.63103740337605,45.657432995432366,28251600
45.7982177734375,46.5813183779102,45.0151171689648,46.572520965544044,38387800
46.695709228515625,46.695709228515625,46.08858702338737,46.63411726668422,32275700
46.7837028503418,47.15325802574079,46.30856527698684,46.37895466112769,24083600
47.153255462646484,47.153255462646484,46.405351094686594,46.41414850853452,21104800
47.82197570800781,48.041948003548804,46.98608367016072,47.03007745796675,31691700
48.094730377197266,48.39389275759553,47.514003798366524,47.69877967424221,28223900
47.06526565551758,48.36750101613897,47.030069288782066,48.32350387946445,67625500
47.39081954956055,47.45241150775487,46.57252255468173,46.85408675114434,23925700
47.575618743896484,47.73399910160246,47.03888568239421,47.17087043265306,23124100
47.48761749267578,47.72518796091972,47.28524339524812,47.61080143402212,20129000
47.69878005981445,47.80436915246267,47.2764337587517,47.373222082090884,19950000
47.1092643737793,47.76918121494782,46.92448846381466,47.69878847409807,17025100
48.13872528076172,48.27070997033977,47.03006664304439,47.21484252324559,23924300
48.43788528442383,48.95701989123424,48.305903957850965,48.33229955186356,23008300
48.59627151489258,48.913032107888654,48.270713508317876,48.349903656566894,26360500
48.89543151855469,48.93062788415821,48.0155425175276,48.437888835239384,24399200
48.772247314453125,48.974621380742164,48.393894777670525,48.772247314453125,18928800
48.00674819946289,48.65786422255586,47.91875727978115,48.56107588916114,19272300
48.49949264526367,48.56988539366773,47.698793592977864,47.83077831797999,21188700
47.91875457763672,48.31470530260089,47.71638050854619,48.27950893671292,19225100
47.88356399536133,48.64026917080027,47.79557642652403,48.10353627396518,22167200
47.786766052246094,48.52587284216618,47.77796528384282,47.945146318408234,21414200
48.085941314697266,48.20032448257272,47.30283718552731,47.839570080903435,24944300
48.70185089111328,48.781041029005735,48.2971027892229,48.49947684016809,20818000
48.71065902709961,48.90423569489343,48.455490393464196,48.587475095416416,20877100
48.96583557128906,49.20340270276599,48.49069459531333,48.657872335818446,28793800
49.67853927612305,49.79292580238987,48.578677868009216,48.82504910585396,23786000
49.616943359375,49.95130214067048,48.99222293481768,49.82811820980119,29596800
48.913047790527344,49.71374694331856,48.82506020048886,49.52897099033091,36195700
49.080204010009766,49.47615470439963,48.763443454497875,49.097802191594866,38909100
45.56066131591797,46.13259063367685,44.67197470831189,45.675047850771925,126834100
45.851009368896484,45.86860754900708,45.42866311577109,45.560644431836096,33226900
45.26150131225586,46.06220038666077,44.95354142075823,45.983010220774084,33532600
44.82154846191406,45.3142875543439,44.47839225825294,45.29668936998814,43369300
43.90646743774414,44.6719700150108,43.607305009448694,44.539985307391134,43134800
43.880062103271484,44.214420852526345,43.422519434951695,43.422519434951695,48411700
44.53118896484375,44.65437290478076,43.80087938305918,43.99445606382341,33114500
43.80086135864258,44.355192216758,43.642481113466744,44.29360027213509,26460200
43.880062103271484,44.04724315615394,43.51930775893416,43.853666508189015,24257600
43.9416618347168,44.25842245777176,43.75688592343829,43.88006986429063,25390700
44.33760452270508,44.33760452270508,43.6952859793935,43.92405563401419,24787300
44.05603790283203,44.5135805434623,43.99444594702698,44.425592994172185,17951600
44.89194869995117,44.962338092624506,44.16163903146306,44.28482634253569,22891000
44.918331146240234,45.56064969011536,44.874337369141124,44.988723874806844,24039100
45.323081970214844,45.58705136157958,44.80394731384656,45.05031852201963,24102800
44.94472885131836,45.666237516567314,44.9095324880111,45.261486051553796,22592300
45.604644775390625,45.71902791940878,44.65436312148357,44.6983568966067,20032000
44.75404739379883,45.83502134482276,44.621142921451565,45.82616239866112,27803500
45.01987075805664,45.31226335095737,44.567986687226885,44.72747478516825,24907500
44.585697174072266,44.851509479659576,44.14267553809779,44.71860501685934,23842400
44.85150146484375,45.383129361005075,44.656574278238885,44.72745596973532,23905800
44.328739166259766,44.90466858463666,44.28443768330458,44.833783507919165,26118700
45.710975646972656,45.817299900448596,44.65658529836754,44.922397622050916,34757900
46.18058395385742,46.50842246598057,45.88819137113852,46.003374586761474,24040200
45.9767951965332,46.05653924416978,45.507193238222015,46.01223774659115,24335200
46.3577995300293,46.3577995300293,45.87047624023493,46.00338074836721,17721400
46.960296630859375,46.960296630859375,46.145138387208064,46.30462307749834,37653100
46.82737731933594,46.91598365891014,46.464099777047295,46.464099777047295,25324800
46.499549865722656,46.72992300604849,45.93248272028492,46.64131665208209,22840800
45.88817596435547,46.44638072030937,45.71982560114292,46.41094156277878,23368300
46.18943786621094,46.38436509251499,45.976785988440135,46.06539234583919,18243300
46.16285705566406,46.72106531102064,46.16285705566406,46.286905963511074,20866800
46.10969161987305,46.46410689248572,45.95906250952291,46.09197034924439,21149400
45.737548828125,46.07424618897916,45.622365646242876,46.07424618897916,20305700
45.6135139465332,46.11855841546434,45.22365606630188,45.23251501313079,25833200
44.42622375488281,44.9401306443591,43.46929846342718,43.93004152227173,83217800
44.15153884887695,44.39076756325327,43.92116570023668,44.2135616088985,42577100
44.02749252319336,44.40849143131008,44.02749252319336,44.107236559310515,33757600
44.6477165222168,44.71860160095172,43.86799755606558,43.876859880900746,31188600
44.41734313964844,44.683155403167945,44.14266855201937,44.66543413493514,45710500
44.36418151855469,45.037576224600656,44.32873898034459,44.86922585809592,35607900
45.3565559387207,45.56920782086173,44.4439324086701,44.4793749523581,34097800
45.17934036254883,45.595778332277725,45.14389782640578,45.25908437887756,28816800
45.994510650634766,46.12741850653784,45.3211191846942,45.43630238782388,29028800
44.15153884887695,45.135044063498825,43.87686421164799,44.13381757744409,133503000
42.91107940673828,43.54903169581225,42.565523043485584,43.504726824636585,50216300
43.80597686767578,43.832560463448125,43.123723162622625,43.345233974133905,38140700
44.78063201904297,44.940120093506295,44.12495844847295,44.222423758421336,31304000
45.33883285522461,45.45401942761449,44.745185482113044,44.94011608462102,28527800
45.32997512817383,45.826160593356335,45.25023109591213,45.303394910748914,21400400
45.33883285522461,45.43629815647859,44.95783735575691,45.037581385875,24806400
45.524898529052734,45.66666529952134,44.647714313037575,44.99327060480565,28167500
45.524898529052734,45.728688050352204,45.250223932525756,45.56033768668007,19585200
46.34006881713867,46.393232637559116,45.67553627182601,45.83502435310004,28391000
46.597015380859375,46.80966725137661,46.49069113559416,46.51727135191376,22269200
47.146366119384766,47.31471652006594,46.774229532591534,46.90713400788033,27317600
47.41217803955078,47.72229523918127,47.11978549245663,47.45648291091737,25356800
47.615966796875,47.837477614281404,47.474200008934375,47.70456977184283,24545500
47.580528259277344,47.84634058653846,47.14636553342738,47.80203909532613,32024400
47.81089401245117,48.14759140126754,47.44761640714479,47.5805242495685,31433900
47.040035247802734,47.75773148138469,46.89826846610605,47.58938110437904,53336500
49.53867721557617,50.362697695887846,49.20197983932307,49.751329079522,89893300
49.44122314453125,49.82222209311712,49.4057805958285,49.60071123370615,32776700
50.123470306396484,50.17663412235405,49.423495272896815,49.68931097269762,32157200
50.265235900878906,50.27409822665352,49.848794469132464,50.03486613054304,25610600
50.29181671142578,50.76142196339813,50.07030588426484,50.07916821014399,28079000
49.78676223754883,50.327249087425656,49.71588054477069,50.158902109589555,32327500
49.80449676513672,49.94626356842173,49.370337408820795,49.61842846957275,37550400
50.22093963623047,50.29182134986619,49.662731353904704,49.84879965468419,30558700
50.132328033447266,50.2829537615287,49.74246684549678,50.15004592382073,26003400
50.132328033447266,50.415861599236685,49.89309595356493,50.37155673334288,35122000
50.4778938293457,50.60193936516147,50.05259340083992,50.22094043087741,22075600
50.850032806396484,50.965219400730525,50.21208044391566,50.3272670382497,26587700
51.355079650878906,51.57659052243721,50.90319896009455,51.080408333338724,29335200
51.44367980957031,51.470260029348545,51.19558536502023,51.44367980957031,19473500
51.56772994995117,51.83354231144827,51.40824185705541,51.54114634781018,16920700
51.40822982788086,51.674042127179696,51.23102050168605,51.5322753422212,15756900
51.65632247924805,51.789230323065894,51.41709038836804,51.41709038836804,18162300
51.33734893798828,51.558859768825286,51.05381534491588,51.41709297228908,21655200
51.49683380126953,51.83353118958107,51.35506701355733,51.399368500969864,19283900
51.21152114868164,51.372003210932114,51.05995664602979,51.363089052385966,20523500
51.31852722167969,51.42551416236031,51.024308883491074,51.30069549805733,18856400
51.354190826416016,51.44334945070597,51.059975868893545,51.193708703747845,14214300
51.372005462646484,51.47007821621518,50.99754956835072,51.20260923442497,17271000
51.416595458984375,51.487922351890916,51.05105363547196,51.354186128217876,15221900
51.612735748291016,51.87129060712129,51.57707230547585,51.621653309521356,18732400
51.66624450683594,51.746485573756374,51.46118475827348,51.5325082616172,18151500
51.862369537353516,51.969359858561006,51.51465949606134,51.60381809706758,18552600
51.7375602722168,52.33491110351786,51.434427775971514,51.96045171354264,20971200
51.79996871948242,52.24575159452462,51.79996871948242,51.87129561199482,16417200
51.612735748291016,51.88020476729853,51.363098450691076,51.69297679409858,16930200
51.2293586730957,51.53249111380852,51.086708312822196,51.39875831414434,20860300
51.34526824951172,51.55032795019065,50.82815851654061,50.82815851654061,26075400
51.416595458984375,51.88021005971656,51.1937040202316,51.416595458984375,18900500
51.36310958862305,51.53250587714848,51.00648188524401,51.514674151874146,16278400
51.407676696777344,51.568158790400055,51.18478527797393,51.238280442865886,17493400
51.2026252746582,51.52358951377589,50.97973381983244,51.38093911872955,20146100
50.11491012573242,51.2828624857459,50.11491012573242,50.63201989462575,35113900
50.863826751708984,51.00647713957757,49.57997326089168,49.927683368755524,29303000
50.40019989013672,50.507190205822255,49.97224883055267,50.373454011741686,30130200
50.15949249267578,50.48937430112133,49.954432758294196,50.27539700377972,24062500
50.9886474609375,51.13129785452729,49.90985364684882,50.06142160313066,26847000
51.042152404785156,51.380948429810815,50.59636941435035,51.380948429810815,44607000
50.75684356689453,51.487927283950306,50.68551666715554,51.059976088677686,20937100
50.64985656738281,51.131299535921535,50.59636139263239,51.131299535921535,17384000
51.49683380126953,51.57707485103736,50.89057224875553,51.27394237425372,33707300
51.55033493041992,51.71081704851685,51.380938650674786,51.63949015111659,19822200
51.2026252746582,51.63057645979722,51.15804766390379,51.59491301077221,19955300
50.73009490966797,50.944068795092356,50.667685576331394,50.89057702426305,21688700
51.66624450683594,51.764317299855804,50.53395540742707,50.75684688208896,28065100
51.7375602722168,51.76430955789227,51.41659605253903,51.60382744805339,20536400
51.175880432128906,51.862383134065965,51.00648074633212,51.541422289456094,25463500
51.354190826416016,51.50575878718207,51.12238520536964,51.327444939655905,29910800
51.193702697753906,51.309607195206176,50.87274189112613,51.18478853689759,19189500
51.03322219848633,51.354182993815584,50.79249905119946,51.05996808116712,20085900
51.38983917236328,51.675139884132115,51.05104330174301,51.07779258169511,16726400
51.479007720947266,51.585994658277144,51.0688848925848,51.479007720947266,16212600
51.53248977661133,51.692971852886345,51.193693904358206,51.577067375342665,20089000
51.74647903442383,52.05852569909475,51.59491108225969,51.63057452995167,18196500
50.9886474609375,51.728648715908946,50.72117839808834,51.61274420828797,26497400
50.917320251464844,51.05997063465169,50.28430938863904,50.917320251464844,22177500
50.74790954589844,51.086705407676554,50.21297157555629,50.551767437334405,25313700
51.193702697753906,51.479006860956424,50.92623365837075,50.92623365837075,27402500
51.015403747558594,51.22937766677487,50.70335363054151,51.14022243394378,23830000
51.407676696777344,51.666231558842064,51.18478527797393,51.29177220670469,19149500
51.29176330566406,51.56814984139602,51.17586223675772,51.23827155110808,22878400
51.042152404785156,51.28287562774646,50.516128340029915,51.26504390000256,49455600
53.190799713134766,53.8951373024489,53.03923520460146,53.74356939286299,80032200
54.38550567626953,54.38550567626953,53.431530684852,53.440444845056874,54067000
54.3765983581543,54.715390905418744,54.20719868346853,54.25177629220822,35137200
54.05563735961914,54.563829611898605,53.91298696250655,54.216119481502524,29911600
53.58310317993164,54.233949206377254,53.574189018401825,54.037803642185224,28479900
53.378047943115234,53.957567121843404,53.11949642436402,53.50286662135111,33574700
53.42262649536133,53.868409440353545,53.42262649536133,53.63660380542134,26434700
53.31562042236328,53.51176593616113,52.82526003892139,53.46718833785782,24533000
52.98575210571289,53.431534974917234,52.86984760742481,53.33346219952374,22147000
52.789608001708984,53.17298155181595,52.70045278584603,53.07490877373462,21600400
52.34381866455078,52.85201081461026,52.174422414881974,52.29032690205172,28697000
53.86840057373047,53.95755918868598,53.29779904222885,53.29779904222885,31664800
53.912986755371094,54.189369985622136,53.627685962242055,53.984310253126495,22935400
53.64551544189453,54.01997486660419,52.78069888204724,53.49395088023968,49632500
52.33489990234375,53.93080309692041,51.380925009731506,53.92188553658604,57822400
52.62020492553711,52.70936012986921,51.71972171693885,51.91586724773313,38767800
51.81779479980469,52.67370041148071,51.06887951524633,52.620205247921874,41328400
52.84105682373047,53.3975643990222,52.347383620641885,52.35636142696943,35904100
53.541168212890625,53.55014259346668,52.78719355542058,52.90387762305544,27332500
54.42978286743164,54.708036620839756,53.82840003061889,54.22333785968863,32132700
54.16948318481445,54.87857916479194,54.124604429227304,54.555446646117154,27686300
54.62725830078125,54.725993622744035,54.23231701293011,54.30412576491386,19652600
54.86063766479492,54.98629957453014,54.58238727153271,54.7349757550597,23206700
54.21436309814453,54.84267249815895,54.079723412981764,54.76188937186718,21848900
54.33103942871094,54.33103942871094,53.97200602616877,54.12459445184268,8409600
54.402862548828125,54.77087385255994,54.04382562732057,54.160513140415,20732600
54.83369827270508,55.12092640610697,54.32207294608112,54.438760445284835,22366700
54.088687896728516,54.914471194831144,54.052786954746594,54.62724311480296,34655400
53.13724899291992,53.989958898886336,52.90387402546184,53.954054530965244,34542100
53.18214416503906,53.37961482556089,52.778228461258074,53.029555690294046,25515700
54.052799224853516,54.38490612576972,53.46039074731373,53.586052632847995,23552700
53.810455322265625,54.268224155393945,53.675815617447334,54.24129758404226,19907000
55.08501434326172,55.09399214719374,53.6758004404833,53.86429323470817,30809000
54.761878967285156,55.27350761927819,54.609290548852805,55.02218048299435,21220800
55.62358856201172,55.64154075197112,54.869613703867515,54.91449246675095,27349400
55.80309295654297,55.9197804569796,55.39918074369908,55.4889382523245,20198100
56.53014373779297,56.92508158779422,55.86592992533498,56.099301513056254,35718900
56.2608642578125,56.95200802012544,56.12622457298721,56.54809238967899,30352700
56.17110824584961,56.68273358335773,55.919781055754214,56.27881794215934,27669900
55.91978454589844,56.5032186667135,55.758218279335175,56.5032186667135,42453100
57.10458755493164,57.2392272187439,56.02748051652021,56.15314580062513,34338200
57.03279113769531,57.266162710790944,56.575018948581246,57.16742739847107,26028400
57.03279113769531,57.1764052036071,56.65580207465847,56.93405582537544,17096300
57.0417594909668,57.5354325763683,56.91609762457686,57.30206102793399,22176600
56.763526916503906,57.03280291770324,56.36858558565009,56.95201977494043,12403800
56.79941177368164,57.50850766761683,56.73658083867768,56.73658083867768,11763200
56.53911209106445,56.90712331050338,56.39549804016217,56.90712331050338,14653300
56.45833206176758,56.72760799393545,56.3057401983206,56.42242769107073,10250600
55.77617263793945,56.539125242854894,55.67743731297146,56.512195248026444,25579900
56.17110824584961,56.40447982519228,55.767192604651214,56.359601070399016,20694100
55.91978454589844,56.323700212306576,55.758218279335175,56.08135081246169,21340000
55.91978454589844,56.24291707902495,55.67743514605355,55.82104922477314,24876000
56.404476165771484,56.68272990588433,55.686405863577846,55.91977742777979,19922900
56.22495651245117,56.61989773809759,56.135199010638374,56.33266619943237,20382700
56.2070198059082,56.61093552335694,55.90183942206139,56.30575513951013,18593000
56.7186393737793,56.754543750290196,56.03647334022127,56.198039610490504,21517300
56.198036193847656,56.90713217869322,55.605627713553424,56.60195184496409,20968200
56.278812408447266,56.43140084454674,55.96465430772554,56.20700366861515,19422300
56.126220703125,56.27881256367453,55.67742635002397,56.26086037866698,20664000
56.09929275512695,56.27881117674918,55.75820809644764,56.25188118788694,19670100
55.91978454589844,56.530145236464136,55.830027030709836,55.865931406397166,18451700
56.314720153808594,56.38652547391547,55.9826098482225,56.251885790674685,30213500
56.51218795776367,56.6558020235459,56.16212888642132,56.27881638487858,23097600
57.01483154296875,57.21230214194925,56.494228481667065,56.72760344846747,24672900
57.158447265625,57.53543286669712,56.95200228065278,57.40079661946954,23672700
57.68803787231445,57.9303907198168,57.04177616708508,57.553405010435505,43554600
59.04338455200195,59.16007546765992,58.244531143835,58.6933255011449,44818000
58.459938049316406,59.052349761681576,58.16373904119079,58.962592278975116,31651400
58.02910232543945,58.477896609707265,57.67904333155514,58.21759510306506,25270500
57.06869125366211,58.00218432447807,56.96995594870649,57.7688093447595,39671500
56.70066833496094,56.916091098377606,56.32368277901761,56.77247706410938,45827000
57.158447265625,57.17639945006116,56.6109176244239,56.99688102972864,30301800
57.1225471496582,57.13152495455924,56.673752777427666,56.996885273278345,19796400
56.934043884277344,57.24819851756077,56.75452548353165,57.2122975766346,20277200
56.853267669677734,57.27513544898525,56.74555798577996,57.059712657160595,18096400
57.499534606933594,57.84062272343087,56.835320832370854,57.01483927177654,22644400
57.445674896240234,57.7149542365396,57.427722711951674,57.67007206380367,18170700
58.091949462890625,58.21761134970917,57.56236849867596,57.661103816613284,22920100
58.308677673339844,58.44413362291891,57.812008154741875,58.16419637947776,23108400
58.27254867553711,58.3086707170872,57.938431847954945,58.24545886676828,17005200
58.26350402832031,58.913686858535016,58.191266850186956,58.46217176972742,20546300
58.353816986083984,58.417028827731116,58.0648475829008,58.21836107124755,21248800
58.23643112182617,58.65182429730098,58.20030907749243,58.344797254827405,20655900
58.11903381347656,58.146123621614905,57.83909660994727,58.09194400533821,19292700
58.353816986083984,58.453150864325764,57.965513704659024,58.17320680311074,20273100
58.353816986083984,58.5163627059729,57.920359436522205,58.27254068135252,21796800
58.001644134521484,58.28158134667148,57.839098391110994,58.28158134667148,15871500
57.775882720947266,57.97454706010401,57.577214937003035,57.86618782491623,23239800
58.642791748046875,58.68793913073524,57.81199860960007,57.91133249691899,26937500
57.8029899597168,58.47123066682766,57.68559501854769,58.41705103612524,24539600
58.019691467285156,58.04678127147504,57.45078146578935,57.784905126470086,18135900
58.03776168823242,58.299641335095004,57.622371969244185,57.76685669772222,18750300
58.15516662597656,58.49831574191338,57.9655310443081,57.9655310443081,18521000
58.687931060791016,58.76920736177353,58.01969063854829,58.02872286967384,21510900
58.45317077636719,58.87758934939074,58.22741313792692,58.868564004348116,19846800
58.63376235961914,58.931764036029996,58.47121661699276,58.79630810224552,19538200
58.43510055541992,58.868558209974026,58.30867684150324,58.706012450713196,20100000
58.16419219970703,58.290615906342275,57.929402363280744,58.272551439922786,14280200
58.47122573852539,58.624739272294306,58.01971048185724,58.29062239168856,24833800
58.371891021728516,58.48025716207406,58.06486395844676,58.47122492798461,20674300
58.57958984375,58.91370671273958,58.408011847516974,58.61571188977673,49219700
58.63376235961914,58.85951995273494,58.44412680815086,58.61570478358287,14598100
57.98358154296875,59.14849159346697,57.91133745699012,58.86855437226884,26640500
58.72406005859375,58.823393944031615,57.90230605765039,57.90230605765039,20680000
58.57958984375,58.91370671273958,58.48928128389526,58.642801701902826,19269200
58.67890930175781,59.10332773653867,58.48024154230875,59.022058320168114,22617100
58.78727722167969,58.89564334911493,58.11000442675348,58.36285183452724,18614700
58.95885467529297,59.121400420208765,58.38091577994239,58.66085299468484,20080400
59.121395111083984,59.14848491787476,58.65181549479564,58.80533588256748,13618400
59.3381233215332,59.58194537357785,59.02206407774829,59.07624369394719,15122800
59.47359085083008,59.77159257719335,59.10334502906186,59.283955267574214,21040300
59.19364547729492,59.54582678213762,58.86855398212086,59.42842842080659,20400900
59.356178283691406,59.428415463866465,58.94981055853496,59.04914443204607,12997400
59.20268249511719,59.9160774785599,59.09432323507501,59.87093008340118,21448600
59.356178283691406,59.65417301465103,59.130420732906835,59.23877994795627,18103500
59.31105041503906,59.56389788211981,59.09432499890939,59.46456396439855,14108500
59.17558288574219,59.43746253679372,59.022069366373316,59.24782697353063,17952700
59.13042068481445,59.24781213088042,58.561507247972884,59.23877989977575,18791500
58.90468215942383,59.157529595430525,58.79631601988842,59.076253268384995,17108500
58.651824951171875,59.47358596738096,58.651824951171875,58.958858886643874,17896500
59.13042068481445,59.13944602634543,58.705995387352864,58.73308519109319,16689300
59.04916763305664,59.33813713601696,58.84147446289138,58.994988004244206,15155600
58.73310852050781,59.37425939213762,58.59765255842795,59.28395771394319,26992800
59.14848709106445,59.3742446753815,58.82339561848194,59.112365050824764,22299500
59.961212158203125,60.23211710930924,59.10332925576466,59.3019970203204,32522600
60.981651306152344,61.09904968576255,60.59334789810004,60.9365039128668,29770000
61.33383560180664,61.44220175211659,61.0448660905567,61.31577802154328,30242700
61.25252914428711,61.68597970446031,61.062893663014776,61.478286653835944,26190800
61.649871826171875,61.74920570433844,61.0267856417145,61.541512606043995,34971000
61.821468353271484,62.43552938027746,61.126137886750165,62.227836219576425,39548800
62.67933654785156,62.80576023892333,61.85757566631068,62.02012139619929,31954400
62.580020904541016,62.95025985357701,62.426500472427115,62.95025985357701,23906100
62.38135528564453,62.6522603309611,62.04723148455305,62.6522603309611,28928000
62.13751220703125,62.38133424410814,61.983998710841725,62.33617997366446,21749400
62.30909729003906,62.33618709957227,61.84854985924903,62.21879562840331,19128800
62.25492858886719,62.35426250095964,61.78534884268897,62.28201840315125,18566100
62.345237731933594,62.561963161734425,62.02014614244374,62.18269193718867,22858400
62.58904266357422,62.81480029186825,62.236861314601605,62.3000731749409,17977800
61.821468353271484,62.06529045096967,61.51444128455654,61.731166679506856,28789400
61.749210357666016,61.956910361186445,61.4421833580679,61.956910361186445,18714100
61.79437255859375,61.83952683589331,61.01776583815416,61.53249290732222,31530300
63.038604736328125,63.065849817597304,61.903346823016335,61.96692098899921,34956000
61.285797119140625,62.75708768148394,61.24038400810152,62.56636508744195,30548800
61.494659423828125,61.87610447931692,60.97698201164604,61.21311763464336,25201300
61.47650146484375,61.848862534376764,61.24036582985584,61.30394000899883,26961100
62.16673278808594,62.21214588517588,61.30393937590324,61.658139360194305,16237600
62.375606536865234,62.43918069823179,62.10314188582921,62.411935618940966,15425800
62.45737075805664,62.55727404785901,62.16674489564988,62.54819696992579,14593900
63.229347229003906,63.46547596071629,62.5845213618202,62.63901154158974,21854100
63.53811264038086,63.77424822120904,63.13849964652766,63.39280323383877,19827900
63.94682693481445,63.94682693481445,63.3655683642254,63.383736375622696,17072800
63.42912292480469,64.24650995817876,63.40187784520288,64.05578747190215,30436400
63.6652946472168,64.1284820506489,63.074958847402215,63.79244304359927,21603600
65.17289733886719,65.263716598816,63.79241964300992,63.97406509197292,34770300
65.64517211914062,66.19917870098328,65.2183139073209,65.3636302896708,33316800
65.86314392089844,65.95397013013334,65.63609225594502,65.66334427615564,31511100
65.74507904052734,66.09019507412023,65.34546589600208,65.97213070372271,22301800
65.34545135498047,65.86312875470688,64.93676122379946,65.8540516791271,24588300
63.86507797241211,65.46352328170929,62.29387774825695,65.42719419183148,49187400
63.374671936035156,63.51998835581352,61.87612927014509,62.89332342138881,47761700
64.16481018066406,64.31920366977731,63.53814528723431,63.59263547655244,25258600
63.8196907043457,64.57350403396649,63.05680029538121,64.4009494485492,25510700
63.48365020751953,63.765192069398665,62.48462421559512,62.911475547484784,26068700
63.5744514465332,63.60169653135984,62.86605152477943,63.329238754028175,48345100
64.36457824707031,64.42815240623742,63.892307125488664,64.02853944629351,23798300
63.492713928222656,64.3645912569148,63.456384840060686,64.31917816444607,21512200
63.8196907043457,64.13756863714912,63.51998771743434,63.76520051201059,19891100
63.810604095458984,64.1103070376124,63.311087643424685,64.0649008604702,22965700
64.67338562011719,64.70971471249632,63.501798374887244,63.65619182069915,27617300
64.05580139160156,65.12748530622763,63.9740661350346,64.84594351707632,19607000
62.85697937011719,63.737940900608,62.829734280154234,63.6743667143389,25215100
63.39280700683594,63.429129163835086,62.47551663865253,62.85696164872555,25806200
62.20306396484375,63.11127050455732,61.839779963145126,63.01136723086355,28918700
62.60266876220703,63.01135887928359,62.43010732523177,62.46643641349315,24161100
61.91242980957031,63.2111652635811,61.77619746115084,62.96595257967812,16165500
62.7389030456543,63.065857921024175,61.9578449466113,61.99417403599299,21176300
62.275718688964844,62.46644122021412,61.86702854044004,62.00325397057123,21117600
63.08402633666992,63.429142332328496,62.39378741628667,62.39378741628667,16878300
63.556278228759766,63.80149087443563,62.847871513227716,63.08400708507173,15014500
63.56535339355469,64.19201792233171,63.34738583404851,63.574437396177714,17460000
64.61888122558594,64.73694555303662,64.07395881795027,64.20110714876311,17750900
65.18199157714844,65.42721126554929,64.76421732813029,64.9367788178148,20269800
66.0992660522461,66.54428528425449,65.35453702091826,65.60883372492306,25868100
66.616943359375,66.70776262079461,66.04477577627254,66.11743395703442,21803900
66.5715560913086,66.65329137106933,65.99030433834072,66.38082658039862,26435300
67.08014678955078,67.243624271186,66.7077787200778,66.75319182628036,22416200
67.4070816040039,67.4797397805827,66.55336535186566,67.3707525157145,42361000
67.01654815673828,67.47065133687957,66.45345771889983,66.7077543911286,46717100
66.84400939941406,66.98024178546909,66.4171511566729,66.78043520979732,21394800
67.37983703613281,67.48881737277064,66.75317238420475,67.0256370839296,22018700
67.25270080566406,67.55240371447208,67.03472623499191,67.51607461936005,16252200
66.44439697265625,67.58873227890136,65.6814998394265,66.9893195369253,36844200
66.33539581298828,66.5806084904457,65.8812926162365,65.99935695292861,18306700
66.02660369873047,66.69868143577374,65.76322993555941,66.57153309180666,23600100
65.91763305664062,66.68052323262715,65.83589086403288,66.38989741381332,22132300
65.62698364257812,65.89944135215812,64.8822548165577,65.89036427884997,26499200
65.52708435058594,65.79046500272204,65.25461969553092,65.56341343319754,18214400
66.0084457397461,66.33540061942259,65.60883268034918,65.75414903979002,22579000
65.75416564941406,66.20826899377595,65.62701726731811,66.117449710717,18705700
66.10835266113281,66.41713954842591,65.16381705972006,65.47260394701314,22044600
65.81773376464844,65.85406286033181,65.4362886535728,65.61792720292316,22213400
64.85504150390625,65.56344159647111,64.8005443920472,65.3000608311978,24734500
65.84498596191406,66.02662453087176,64.7369726756973,65.03668255063802,21443700
66.83490753173828,66.95297880166406,66.25365597369876,66.35355923483665,20096600
66.85317993164062,67.19100224427083,66.68883149420486,67.19100224427083,19181400
67.24579620361328,67.65666385394333,66.8075313394087,66.9627473881126,18150400
66.10449981689453,67.4466779022095,66.10449981689453,67.1818938543732,22977500
66.18665313720703,66.50621760524218,65.67534998835079,65.98578205273266,18761500
65.8761978149414,66.17750433527536,65.46532338740043,66.1683719348463,17734800
66.79840850830078,66.87144685019958,66.05883695645971,66.05883695645971,14343700
66.39664459228516,66.78925428642803,66.22316378422755,66.61577347837044,13766500
66.36927795410156,66.5244940133597,65.80318725059142,66.41492604836233,17098300
66.48797607421875,66.97188909680779,66.17754393368413,66.52449873180835,12794300
66.49710083007812,66.73448762812382,66.24144922234655,66.70709737957884,14569700
66.6979751586914,66.79841071885792,65.78492967789336,65.96753598765929,11478400
67.57450103759766,67.7571073556144,66.49710704293607,66.66145551554493,16897800
68.26837921142578,68.44186000991958,67.38273131391115,67.59272778642136,27652800
67.51058959960938,68.24102185356463,67.23667315063574,68.21363160186421,21736200
67.20928955078125,67.46494121326721,66.63407331018784,66.96276332910882,21556000
67.01753997802734,67.60188853102505,66.97188491739331,67.32797209918928,16535800
67.87577819824219,68.11317190552239,67.2001266870409,67.27317197635516,17471200
67.54708862304688,67.96708858946324,67.41925588319802,67.86665305771344,14703800
68.25927734375,68.42362579749354,67.8484027263993,67.8484027263993,17910400
68.18622589111328,68.69752904955875,67.90318406639997,68.25927118974352,14394900
68.67015075683594,68.68841556766422,68.06754435320418,68.41449913311433,13380800
68.26837921142578,68.92577279942199,68.04011793592605,68.4783826499173,15733900
68.76144409179688,68.83448939270832,67.62926979160257,68.32318621829477,38578400
68.62450408935547,69.36406872564763,68.51493612005926,68.68841699661547,23307000
68.88011932373047,69.12663841691138,68.48750968201216,68.67011590170314,16093300
68.42362213134766,68.98058036330423,67.84839909107393,68.79796711004934,21587900
67.7571029663086,68.69753867854394,67.66579981321485,68.57884527612048,19186100
67.93971252441406,68.03101567251653,67.42840235626959,67.55622815680978,14111400
66.8896713256836,67.7935838262256,66.5792324373685,67.64749329855267,24149200
66.8896713256836,67.3918418411048,66.64314530173047,67.26401611238089,18019600
67.42840576171875,67.72058002999304,66.80753457088788,67.15449630357763,19565100
67.44666290283203,67.53796604516413,66.9353527670025,67.14535626375122,10883800
68.01272583007812,68.0583808703171,67.45576777587203,67.51055521735502,17079100
68.122314453125,68.48753398810342,67.83927262235876,68.2136175953738,15304800
67.802734375,68.36881790631129,67.73882149352997,68.17707926190117,12190400
68.19535064697266,68.22274088939147,67.30056325405852,67.64751793466726,13317700
69.36405944824219,69.50101765004824,68.44188165313048,68.67927540519541,21195300
69.3914566040039,69.41884685389539,68.97145651837147,69.09014992322926,13959800
69.6562271118164,69.89362084144659,69.26361735226693,69.3640528930342,11386500
69.6562271118164,69.966659171655,69.5192689229535,69.69274975991203,13944500
69.77493286132812,69.81145551589745,69.34580037761879,69.7201523624662,15388900
70.41407012939453,70.56928618960809,69.72928601741022,69.83884701709782,16876500
70.75186157226562,71.09882316223498,70.5692553419521,70.8431646874224,15335700
70.89796447753906,71.04404809403691,70.62404811837982,70.68796100671932,12380100
70.84317016601562,70.87056737206444,70.5327381572794,70.73360920574717,16824000
70.8614730834961,71.08060208787512,70.64234407911708,70.9162535930945,13300700
71.13536834716797,71.1536261895935,70.62405820146911,70.82492929806688,15092800
71.95709228515625,72.10318286550181,71.41839894359212,71.50970207331696,22866400
71.97532653808594,72.44097439181574,71.91141367781051,72.12141009043863,20627200
72.0027847290039,72.31321692449357,71.63756505443861,72.03930739305902,17517200
71.7927474975586,72.22187989155746,71.22666388503467,71.74709941337778,20410800
71.91143798828125,72.51404416517028,71.90230558630336,72.31317311754671,32120700
76.52235412597656,78.70453268441983,76.33974778134801,77.03366442971048,71066700
76.59535217285156,76.99709424224756,75.88317811599956,76.42187137634306,31756700
75.94709777832031,77.02449136123494,75.88318489484156,77.02449136123494,27086600
75.94709777832031,76.4766656505625,75.67318143999317,76.40362036487767,22307400
76.74144744873047,77.115792336968,75.89231518275064,76.10231166576686,23992900
76.82362365722656,77.18884313558821,76.1479721501459,76.76884317356607,17633500
77.12495422363281,77.33495078693029,76.76886703718552,76.87842803856356,19860900
76.94234466552734,77.51756781451644,76.63191252529835,77.39886743597093,17939700
77.2071304321289,77.25278549658648,76.54061107335112,76.8236529682306,18034200
76.7779769897461,76.94232542464674,75.69145780466458,76.79624179694778,21178400
76.5771255493164,76.78712210501918,75.99277700981916,76.50408024038323,19397800
76.63191223144531,76.64104463729487,76.20277971431636,76.38539300138433,14196900
76.74144744873047,76.78709552652538,75.76448941935425,76.2392698311149,18801300
76.14501190185547,76.79652897284097,75.87889811213442,76.59464906333068,19383100
76.34686279296875,76.54874264425956,76.10828387868493,76.25510113355452,20962800
75.61276245117188,76.2734575999272,75.46593819546365,76.2734575999272,22079000
75.73207092285156,75.78712653208247,75.4751354118172,75.61278143586208,16315000
76.82405090332031,76.93416211756481,75.92476964817536,75.92476964817536,21237500
76.26428985595703,76.98921896636236,76.20005598546373,76.92498509586906,20553100
76.40193939208984,76.55793494178097,75.96147354482221,76.17253170102624,7425600
76.96171569824219,77.06265566990392,76.43866630007182,76.44783756951813,18265200
77.88848876953125,78.05366257021291,77.09932583304847,77.14521016694698,21926000
76.47531127929688,77.92516893661994,76.32849406135854,77.73246740003357,27381100
77.23696899414062,77.55813831672309,76.4753338856121,76.63133641455171,33054600
77.319580078125,77.82427286264766,76.36524312072224,76.71394033553617,29532100
74.40149688720703,77.47555825148545,74.05279274972304,77.46637998445522,39094900
74.86949920654297,75.86972049379268,74.3097508176029,74.6400914893993,26152300
75.96146392822266,76.29181152161013,74.72266395350277,74.83278215162068,26162100
75.69536590576172,75.97983622634787,75.24572875517856,75.74125024807269,23184500
77.22782135009766,77.61322465507969,76.46618600860819,76.74147108318037,24489100
78.20964813232422,78.3381158382011,77.19107774932542,77.34707324918094,22857900
78.53084564208984,78.96213323878206,78.0720302415181,78.28308140523936,23924100
78.31977844238281,78.9162397945114,78.15460463719285,78.67765385346664,22062700
77.71416473388672,78.79696949783643,77.56734042645095,78.39320965335638,19306000
79.69622039794922,79.91644979325213,77.88848690079588,78.23719102773892,53936700
79.26494598388672,80.29269500023803,79.12730696466024,79.94399781658527,22283800
78.76025390625,79.23741884583514,78.24637589327277,79.23741884583514,23524800
78.47578430175781,79.19154221903105,77.73250558112765,79.09977353665953,23674900
78.45743560791016,79.00801270321074,78.36567392552134,78.96213536250013,17990700
78.46660614013672,78.57671734776001,77.92520036577682,78.36566619917075,14145800
78.36568450927734,78.48497401239682,78.02615853751928,78.28309408329574,9891200
78.65013885498047,78.89790310357836,78.2005017013721,78.59508324461105,14678000
78.65931701660156,78.85201865359991,78.50332145345543,78.82449084845268,10594300
78.49412536621094,78.96211895038032,78.45741930069117,78.57670876290581,18717400
78.87036895751953,79.20071662443635,78.4574378743574,79.03554279097794,22483800
79.23741149902344,79.38423577510852,78.88871434477157,78.97129774934433,26061400
79.93482208251953,80.43952183890868,79.43930059469226,79.45765013084839,21912000
80.92584228515625,81.12772213090172,80.2284410910262,80.43949920275072,23407100
81.00843048095703,81.2837224689322,80.38444137571726,80.93501835070151,22113000
80.95339965820312,81.42139338059624,80.6230519719219,81.34798122787414,19484300
80.5863265991211,80.92585247343499,80.21010165820196,80.62303266669285,18652200
80.82491302490234,80.8707903589186,80.05409960318352,80.8707903589186,17808900
82.21973419189453,82.38490804789953,81.16445716747197,81.36633710269683,24271500
81.07267761230469,83.31169894475336,80.76068650911022,82.67853146937172,36599700
82.71522521972656,82.84369294907874,81.43971919189697,81.74253898292689,25621200
82.67854309082031,83.20159242631853,82.27479025352037,82.403258020066,24159700
82.58676147460938,83.14651675134795,82.2747704028359,82.71522921015922,36875000
84.06417083740234,84.07334910705866,82.34819846203135,82.58678446631632,23601600
84.33025360107422,84.69730724153239,83.99990602475846,84.33025360107422,23412800
84.25684356689453,85.73422943075708,84.03661417753244,84.92671700245205,33277500
84.72486114501953,85.55990160841473,84.35780739146391,84.85332890861879,26383200
86.31234741210938,86.31234741210938,84.95425780207921,85.44977925470117,29172200
86.18388366699219,87.58785768079451,86.00036030607758,87.30339437108664,31569900
85.10108184814453,85.94530753877152,84.51379867264522,85.6149598774322,38635100
87.18409729003906,87.54197271331725,85.80765120021006,86.02788061431198,48756300
86.49588012695312,88.15678961464799,85.87189091042659,86.98222332494329,47227900
84.22014617919922,86.22975969195994,83.9632106983099,85.92693987478319,47867800
80.75149536132812,85.55987789757307,80.75149536132812,83.10062753153034,51031500
83.80723571777344,83.94488175943906,78.2280379032122,79.73295208989445,67998600
82.2289047241211,84.21098380869674,81.85267269824789,83.03641738806405,41107600
78.0077896118164,82.47664674586684,77.77838193139192,82.32065120341022,55628700
80.91667938232422,81.60490244114384,76.92498704136382,79.19153610189782,63499100
81.78843688964844,82.38489835510062,80.6872826464813,81.43056141057072,35720300
82.43077087402344,82.58676641924995,80.56798159605506,81.60490180963755,26407700
83.72148895263672,83.8874386714606,81.50883541345713,81.60102813861394,34960900
85.42706298828125,85.4823772016912,83.54630235996963,84.09024421543977,27823900
84.8185806274414,86.20149226810621,84.63419522222704,85.23345130609991,30596900
85.4823989868164,85.79585565449312,83.90588019818914,84.33919373726903,30911700
84.34841918945312,86.07245219018611,84.34841918945312,85.72211698010265,26922500
84.5696792602539,85.49162056806333,84.22855844417698,84.86470019739876,24392800
86.71778869628906,86.72701007794608,85.15049143955494,86.29369658015928,26329200
87.97162628173828,87.99928339190234,86.89295678222163,87.03124936689498,30199800
86.84685516357422,88.35883811554189,86.84685516357422,88.26664540556393,25869100
86.45043182373047,88.23900018037723,86.32136060560687,87.43690872444873,31167300
85.60222625732422,87.18796601044376,84.67106381460131,86.65323850600073,37135600
85.78663635253906,85.87882907101176,83.76758275887514,84.4313815860443,32830400
86.33057403564453,86.91139446369833,85.05829770254199,85.13204765335209,23901600
86.03556060791016,87.11423022540504,85.6852254510928,86.9759376256061,22175800
86.53341674804688,86.60717374508762,85.21504031982467,85.88806060857631,26716100
87.05894470214844,87.67664387986997,86.45045987595866,86.91143067136687,25887800
89.00419616699219,89.00419616699219,87.5844060045405,87.8517697721956,36937300
89.21627044677734,89.62192693299728,88.54325713157245,88.96734935177739,26073700
87.04046630859375,89.64955438621637,86.6348099566039,89.42829048233676,35387800
86.5241928100586,87.96242607446733,86.20151474985138,87.69506224348015,32132000
86.82842254638672,87.1972004333656,85.5838033324545,86.22915935927767,27611000
87.21564483642578,87.93475791893404,86.58872447636789,87.2894018279276,49081300
85.63912963867188,86.5702923520782,84.9200165262042,86.42277836292885,33344100
85.86038970947266,86.45043157170436,85.7405398740941,85.78663975208407,23075200
85.26111602783203,86.70856327356175,85.01218799186029,85.67598670931511,24457100
82.78112030029297,84.58812462533844,82.66127044881536,84.14558965229342,38604700
80.37481689453125,83.39878225788789,80.28262420103411,82.51371973938241,44068900
86.45966339111328,86.66249162458757,83.34350399041685,83.53711084040923,56396800
82.486083984375,87.7134891344115,81.60102123679106,87.52910369969322,56569000
82.4123306274414,84.10870624376419,81.93292425574262,82.8087656600179,52501100
84.14556884765625,85.08595279517539,81.49960214876207,83.14065633240378,45867500
81.6102294921875,83.78601122192596,80.67907397236648,83.40801899881662,48515400
82.70735168457031,83.02081537851065,81.02941883024158,82.58750184992319,37213800
85.12284851074219,85.5192835818042,80.88191960901054,80.99254807191332,35560000
85.1689453125,85.8050871391382,84.26544666553322,85.22426658037384,29771900
83.1867446899414,85.24266930863641,82.49528889700908,84.34838535769426,38026000
83.68458557128906,85.89724548636443,83.54630004160158,83.93351359243047,31533900
85.62989807128906,85.9986759664468,84.4866929267681,85.17814884249384,26812000
84.68953704833984,86.00791352362451,84.33920185067187,84.82782966426431,24872100
86.27527618408203,86.81000387357125,85.2150421883995,85.2150421883995,26758900
85.81430053710938,86.82843459159642,85.22425864963131,86.7085847510898,23346100
86.8192138671875,87.27097018591212,86.12775786563196,86.7270211404176,20288100
88.57090759277344,89.00422116433192,87.47379510596403,87.584430603124,26771000
88.9120101928711,89.17015259943066,88.06381895636432,88.70918200661627,21043300
88.60777282714844,89.49283557037,87.89787413588984,88.91201512340213,23552500
87.58441925048828,88.60777460654438,86.70857787152482,88.42338916903215,31154400
87.90709686279297,88.77372388943512,87.24329803675673,88.26665338792034,22331800
85.85118865966797,88.93969104936454,85.19661108716579,88.72764142515867,34524800
85.10438537597656,86.01711217960461,83.23284596534683,86.01711217960461,33729300
86.90220642089844,87.72273378055117,85.83275092112098,86.24762881004375,42529000
88.34040832519531,90.25804777059024,86.5795042345366,89.98146258821185,48272800
86.21993255615234,88.87512754835505,85.87881883507549,88.81059194973082,41523600
87.58441925048828,87.85178305857852,85.54692992040778,85.93414355949561,31408900
86.21072387695312,87.74114261659477,85.9157029732961,87.57519291867187,27471000
86.72701263427734,87.51988266767174,85.23346528521623,85.70365728963698,31142500
87.73193359375,87.92554041410197,85.66678010895505,86.03555801937226,22531300
88.70918273925781,89.16093195446801,87.67660607063854,87.74114167281142,24242000
88.33118438720703,88.65386943526143,87.63972848512446,88.36806287938047,23484600
89.37299346923828,89.40065058331567,87.63052494382214,88.5155877635689,27327400
90.2673110961914,90.3041825727115,89.47444070773322,89.85243312984562,22388100
90.07366180419922,90.23039717024562,89.46518420645309,90.16586156088083,16778300
90.37791442871094,90.9863991297161,89.71411549447065,90.27650031187675,19454100
89.72332763671875,90.21195540358097,88.8198220617602,89.64957064409887,24594000
89.95482635498047,90.18631072178981,89.46408062763942,90.14927237537925,17384700
89.05665588378906,90.31593126301054,88.73257921950591,89.5937012499391,17246700
89.22329711914062,89.75108096935843,88.89922055573307,88.89922055573307,17865800
90.37149047851562,90.75112821033689,89.63074478358482,89.81592944123204,19422500
90.27887725830078,90.89925348863412,90.00109327176992,90.44554623735125,15441200
91.35298919677734,91.41780453356726,89.18629196173644,89.54740699018627,21251200
91.02890014648438,91.61224520795848,89.63999409816162,91.41779920891427,26649300
91.07518768310547,91.64927131627552,90.6122190621317,91.01963370917758,18363900
90.7511215209961,91.55668249315906,90.02889151932943,90.59370680282306,28671000
91.62149047851562,91.89927448657912,90.65852192973458,91.02889118803154,22158500
91.51966094970703,92.58449050899078,91.30669927645587,91.93633707169249,34140900
93.3252182006836,93.39003352694722,91.82519728157293,91.92705094632159,28655600
94.1400375366211,94.31596787288717,93.38076928206192,93.76040694151176,27281600
94.62154388427734,94.75117455337325,94.01042181767524,94.4456135200722,23514400
94.89929962158203,95.0011532765522,94.35300007614208,94.89004533610479,21122900
93.40856170654297,95.08451319241237,92.94559300982556,95.04747484895397,28232200
94.10299682617188,94.39929645305597,93.09372865046493,93.60298988124116,22165100
93.56595611572266,94.06595598298846,93.2140954614406,93.52891778030664,23490900
93.80668640136719,93.93631703168616,93.2881638800913,93.61224045588872,18325200
93.38077545166016,94.45486611237877,93.11225278648051,94.18634344719912,29492900
93.90856170654297,94.47338403934172,93.51966972589696,94.1215303993774,25691800
92.714111328125,94.01042512908688,92.6585573435104,93.99190948899597,65738600
93.3900375366211,93.62152186383572,92.05668555127563,92.60299223695952,23586000
93.3900375366211,93.519668194714,92.13076223142617,92.26965424062317,28653100
94.3252182006836,94.9270716851438,93.63076535153134,93.86224963458208,26180800
93.64930725097656,94.87154432570252,93.40856155106854,94.51969065994592,23198200
92.97337341308594,93.30670436243275,92.25113634053385,92.97337341308594,38923100
91.10296630859375,92.69557952368177,90.0936980876023,92.59372586008843,35433300
91.7418441772461,92.66778122288402,91.43628325674422,91.5010985673653,26897200
90.31591796875,92.61223833566535,90.18628732211802,92.20483075953932,31298400
91.32518768310547,91.76964066780798,90.05665818207935,90.16776612999956,26650700
91.30668640136719,92.51040783157687,91.04742506300612,91.6029860829715,28053200
92.60298919677734,92.64928182209586,90.74185328905777,90.8344456040356,19564500
91.71409606933594,93.1770716931159,91.61224239710337,93.03818674401809,14670300
92.37152099609375,92.5196673130418,91.69558355655634,92.1307752836684,18977400
93.66781616210938,93.91781611279744,92.28816456501775,92.49187189153278,19234600
94.30670928955078,94.67708560944855,93.75114834187448,94.12152466177226,18212000
94.55673217773438,94.91784720754868,94.31598646974422,94.44561714381386,19293100
94.42708587646484,94.76041679437802,93.61225655791498,93.6585562471383,19644600
96.47340393066406,96.67711125509827,95.12153639909411,95.158567672318,24335900
97.62157440185547,97.778982054799,96.38081468818328,96.64008307839424,24635200
97.14009857177734,97.98269795441155,96.77897647711477,97.5938059316573,21786900
98.10307312011719,98.6123415595419,96.59379757180575,96.8623202885622,25901700
97.33453369140625,98.19565568219781,96.96415735027226,98.09380201177743,29493900
96.6678466796875,97.510445872062,96.1956167219205,97.15859227344873,40171600
98.39936065673828,100.18642005351673,98.22343736116461,100.07531209091051,56004000
99.97347259521484,100.13088027412697,98.26974392874524,98.42715867199985,29707000
99.68641662597656,100.76050025841461,99.31604028004091,100.52901592524748,26316600
102.62164306640625,102.9179427498951,99.6308621756524,99.96420020262006,30702100
101.50125122070312,102.77904217484927,101.39013619951346,102.53829649444222,31372100
99.70494842529297,102.0197921321726,98.27900385413403,102.0197921321726,37005300
97.5660171508789,99.56603807220817,97.00119482516688,99.25122277687548,34668300
98.22344207763672,98.8160414544634,97.57528165249755,98.60307274200609,27655200
98.40860748291016,98.56601511626263,97.61230090151005,98.1771231758599,23628700
99.60305786132812,100.08454206579012,97.07524636096832,97.59377596308865,26104300
100.03827667236328,100.04753802429829,98.90863192390808,99.81605367631458,18659600
100.12161254882812,100.39013525335744,99.59382849215798,100.11235826078169,20265900
100.81605529785156,101.01976264347519,100.15864063246525,100.51975563085574,16080200
101.38087463378906,101.62162031368665,100.70494434992038,101.23272833685746,15487500
101.54756927490234,102.00128376011195,101.48275392906424,101.5846076245731,13677200
100.9271469116211,101.56604579027417,100.3530633493285,101.31603880978398,18183700
100.19569396972656,101.46423086184004,100.09384028167077,101.14940844484691,18472500
101.4456787109375,101.62160904184941,100.03825725666307,100.51974149871108,16788300
100.07003784179688,101.30626824828296,99.28925365143678,100.84151794901739,29982800
100.05144500732422,101.18543688519658,99.73541820412798,100.66491881333131,21384300
99.99566650390625,100.29310638325525,99.16841161785665,99.79117525719266,18061500
99.33573913574219,100.29312369100401,98.97323444183775,99.93061899709959,17914200
98.50847625732422,99.7818875349177,98.38763664130025,99.38220199508629,22881900
99.5123291015625,99.77258812742485,98.32256950246222,98.3876342589278,18000600
99.97709655761719,100.55338956494319,99.33574587417958,99.5960049447372,18167700
100.75786590576172,100.90658231335225,99.97708171844951,100.07932735121095,17234000
101.87324523925781,101.91042610726917,100.86009317916866,101.56650839680816,19662300
102.48674774169922,102.70982592096776,102.04988128413306,102.1893078054987,19151500
104.1226577758789,104.13195476783537,102.49603166832433,102.66334206590531,20818000
104.05758666992188,104.6710604541522,103.58354648195474,103.79732764322777,22798700
104.41078186035156,104.82905420464837,103.65788171248194,103.81590217038377,23222700
103.83451080322266,104.0668859523906,102.44955689980918,103.03513972276278,22634600
100.84151458740234,103.56495153397222,100.47900993338166,103.1838599888723,32872400
101.07388305664062,101.3062581831862,99.93060140529094,100.61842979423858,23477600
100.58126068115234,101.05530798034968,99.6703540498615,100.59985466470427,22498600
101.66877746582031,101.91044961788492,100.72068993314704,101.1668462691602,20727900
103.39763641357422,103.72296017901333,101.21331159816746,101.22260858904464,24301800
103.83451080322266,103.96464031943457,102.71911292382721,103.57425177079884,18891100
104.94992065429688,105.71211089534839,104.21561429779784,104.21561429779784,26055600
105.37744903564453,105.712069702938,104.51301349372382,105.36815204724073,19122300
104.23420715332031,105.68422596521755,103.97394809390569,105.67493606418668,20736500
105.22875213623047,105.6842054015857,103.84379835866595,104.28066473404849,22170900
103.82521057128906,105.33100404385185,103.21174388422563,105.08004201085467,21728400
105.5633773803711,105.77716562754884,104.03899704279743,104.36432081761015,23714500
106.20474243164062,107.1621269320339,105.50761696923462,105.96307028571233,71229700
106.5858154296875,106.79960365452217,104.3085421524707,105.06143525142735,27334500
106.38133239746094,106.98550915785572,105.73068486566733,106.70666325488398,22668000
105.94447326660156,106.94832844694895,105.7213880340566,106.39992653954329,19352000
106.34417724609375,106.8089275906535,106.14897586083448,106.68808796249037,19091300
106.30699157714844,106.49288886998445,105.66563386126802,106.13968117698516,21647800
107.45956420898438,107.52462896688472,106.64160623944751,106.66019313105043,18883100
107.0320053100586,107.67335596055385,106.37206067460555,107.17143183113232,20787200
107.05058288574219,107.98938048162918,106.82750472635755,107.28295803679651,16648000
104.83837890625,106.66949631688402,103.76015475097279,106.53006980142202,34821700
104.22489166259766,105.19157306280196,102.83993786136007,104.68964192664629,29068900
103.03512573242188,104.13193657122822,101.63157803639683,103.78802593573376,29640600
104.3457260131836,105.10791612416531,102.98865616151008,103.30468292121002,26198600
98.67577362060547,103.63930274264362,98.33185589263573,103.39763063402906,61376300
98.44341278076172,101.2505014961808,96.85396050080371,97.92288761813045,63904300
101.84537506103516,103.39763927880637,99.56810154833016,101.32485702190863,47742100
100.01426696777344,101.76173270120046,99.4100901363551,101.23191762259329,32068100
103.17457580566406,103.55567448960014,101.26909656903858,101.81750565956385,31610200
102.9050064086914,103.92745560899004,101.82678944393922,103.80662308883184,26548200
100.85081481933594,102.73769989744052,100.22805112103549,102.33801435689176,32506200
100.99956512451172,103.04446414493385,100.58128548974673,101.25052723214777,32785500
101.90116119384766,102.74701025143037,100.60915576273834,101.61301824046474,26545600
100.47901916503906,101.28768728605093,97.6998141983614,100.1722822476007,43770400
95.10651397705078,100.84153175308053,94.427975326967,100.76717708458007,63897800
100.6649169921875,101.566526609921,98.66648930024881,99.0382909555092,61646800
99.41938018798828,101.08318706047258,97.37448176912268,98.23891758350779,55523100
96.52867126464844,101.03674940832936,94.46517804183658,100.48834725730012,55162000
96.4171142578125,97.02128406168849,93.05231904779224,96.35204949009379,65350900
99.27994537353516,100.51618273101076,97.96005637563425,98.00653423688784,51062400
98.45269775390625,99.75399995807089,98.09019310231041,99.50303792678396,33384200
98.67577362060547,99.75399048172474,97.57896277877116,98.97321348831345,37680200
99.93061065673828,100.1443918216972,98.4341141359189,98.8709805489133,27922100
100.12580871582031,101.16684487990658,98.78732554310712,99.80977481491769,24340200
104.06688690185547,104.32714593665378,101.68736762195445,101.72454849714376,37901700
103.8717041015625,104.29927357618742,103.09092691090683,103.91818197356575,25644100
101.84537506103516,103.5928335434788,101.09248188422336,103.03513463133946,32039200
99.33573913574219,102.20789280152768,98.62001964873176,101.70596158884601,33621800
99.40081787109375,101.07391505701506,99.1219647943427,99.9678139267001,35374600
97.99116516113281,101.06243332674786,97.52440721113955,100.91306736411269,39495100
100.14759063720703,100.63302292282025,97.0016464231341,98.00983824294322,38505200
101.0904541015625,101.64122515347289,99.6995171786206,99.96090053357212,33502100
97.66447448730469,101.34252373884136,96.66561236578751,101.07180316655825,44773900
94.94792938232422,96.1241617579929,92.74483063774748,95.03194954166787,64052500
96.25485229492188,97.48709334722085,95.44269066779817,96.7122732213381,28130600
96.2175064086914,96.90830634475891,95.2186444430479,95.37734047446725,13823100
99.39147186279297,99.54083075263436,97.62712679842558,97.82316434755934,32336200
100.01690673828125,100.19427706281394,98.35524934685522,99.20474522938963,29124500
103.73233032226562,103.9283678839958,100.68906529267443,100.7170696411839,46788500
102.8641586303711,103.73232903420391,101.78127635369195,102.99485033656839,28123200
103.5176010131836,103.59228401140729,102.08932250242822,103.34023067294298,33665600
104.6378173828125,105.87939551880592,103.36824202521939,105.48732046180675,34732800
101.30516815185547,105.15125720400866,101.0157804281966,104.49779875633932,45197000
101.93063354492188,101.9773050804278,98.01919848806772,98.78468146756418,49107400
97.85115051269531,102.17332719115926,97.36572530820258,101.17446531850509,45044900
100.4369888305664,100.80106664401333,96.98298227965387,97.83248530742621,40801500
101.37049102783203,103.57358918388054,100.29695341021491,102.50005156626342,42381900
101.82792663574219,103.87232182557338,101.79058514121243,103.5175883107834,36183000
102.17333984375,103.49893819056844,101.40785688507376,102.29470150152355,31333400
98.9806900024414,101.99594950126463,98.48592771366263,101.05309644553535,47043100
96.04947662353516,98.76601205337496,94.94792727568718,98.4019413226777,56957300
97.05767059326172,97.56177014470885,95.7040679674789,96.85229591058001,49319200
96.79627990722656,99.77419121454449,94.61184868272785,96.75893841118292,68198200
94.76122283935547,97.37506368837504,92.21272071134459,96.19883851128947,70334200
91.69928741455078,96.15215596989034,90.98047604655908,94.87323637990458,111242100
87.87187194824219,91.45657763972962,87.73185022456776,91.18585710368747,43935200
93.8743896484375,93.99575131631372,87.71318396545477,88.81473339984893,51634800
94.45315551757812,94.46249267241144,89.99094987700683,92.69814788351881,49498500
93.71568298339844,95.60138953956941,92.9035213927114,95.30265754304403,38196300
94.81722259521484,95.59204260708847,93.76235204848614,94.55583924715195,33173800
94.39715576171875,94.98526837292377,92.3620902674664,92.93153568940143,35329300
90.92446899414062,93.52897975146426,90.73776150201411,93.44495959946669,42579100
95.1532974243164,95.69473847770364,92.35274909292929,93.09022767485408,44060600
95.27465057373047,96.404204196358,94.2664586018881,94.8825755223383,35656100
95.96546173095703,97.05767390191076,94.9479254381183,96.18950360962789,31514400
97.33771514892578,97.9071605077314,96.37619475944942,96.9549772729364,32280800
96.71226501464844,96.85229385187884,95.57337425101286,96.3575314662056,30067600
95.96546173095703,96.56291148885461,94.88257959341585,96.32953245460827,28314200
95.26531219482422,96.03079504235994,94.52783368819703,95.12528336811947,28437100
98.02851104736328,98.06585253969645,95.10660159120468,95.69472119275044,31587600
98.37396240234375,99.19546144876614,97.9818871968233,98.261944984861,29853900
99.06472778320312,99.5408158503254,97.7951453598856,98.01918722218798,28393000
100.54900360107422,100.72637391327882,98.86867913961747,100.31562461013621,37427600
98.65396881103516,99.97955979008813,97.8884859941858,99.65283062231616,32371300
99.6155014038086,99.92356342373857,98.33658179274825,99.06473032771797,25874300
99.139404296875,99.8862200055949,98.33657990275798,99.75552832489328,23164800
100.04491424560547,100.70770979225229,99.13940252962695,100.11026008479142,31225600
98.0938720703125,99.40079601573274,97.70179702333519,99.19542133717438,29476700
96.09615325927734,97.99118987463487,95.37734184659234,97.90716971892232,31490500
99.30742645263672,99.30742645263672,97.39372298496679,97.66444347127516,49471900
97.48709869384766,98.22457735893607,96.32020342418184,96.89898604191494,55636400
95.94677734375,97.1790182302777,95.54536516211496,96.88029338270015,35535700
98.70997619628906,98.76599199728811,95.93743263924966,96.03078993352754,31315100
100.09162139892578,100.13829294182723,98.9153888364786,99.00873904444582,27325400
98.9806900024414,99.88620156741139,98.51393205119183,99.88620156741139,20609800
98.27124786376953,98.56997276477837,97.35640597037644,98.1965719801399,29760700
98.64466094970703,98.74734830752304,97.32840673377326,97.4497612829359,21461100
98.25257873535156,99.49415697405809,97.99119534239509,99.13941626462005,18914100
99.78356170654297,100.01694079316546,98.46730736151761,99.08342444667547,25056600
99.7088623046875,100.61437415152945,99.61551210981132,100.35299075701082,18394900
99.7928466796875,100.15691729466253,98.6352890095659,99.24206861975041,21784700
101.02511596679688,101.09979896595313,100.22229153127412,100.73572824776988,26606900
100.97845458984375,101.4358826963226,100.61438380936565,100.62372096639854,18038500
100.45343780517578,101.19406595920144,99.64718473383542,101.11906401010476,21607700
102.57218933105469,102.63781424386248,100.19093125511925,100.21905519595416,29063200
104.03469848632812,104.25032014897984,102.95656871533099,103.17219753056223,27763200
104.61595153808594,105.16908200205589,104.30658099823759,104.77533247673622,23750600
105.33782958984375,106.16282959177087,104.22219881640638,104.3065777992899,21536700
105.15970611572266,105.33783396831883,103.9503264297076,104.70970869690497,21487100
105.02845001220703,105.82532605632403,104.74720343035492,105.03782704404264,29083900
105.49720764160156,105.9565820923151,104.69095451846677,105.83470928163845,23501200
105.24407958984375,106.17220547605116,103.8753261877115,105.95657665775063,26608000
104.71904754638672,105.36592669090652,104.2784272905281,105.23467688659495,19538300
104.76594543457031,105.61907647716369,104.46594480309798,104.87844835358966,17687000
103.49093627929688,104.57844298953216,103.00343795743277,104.43781613526671,25339000
103.60346221923828,103.7909599648779,102.00033289050386,102.33783455471958,22818400
105.7784652709961,105.89096105341319,104.0440861504566,104.05345603060451,26491600
106.51907348632812,106.86594495371561,105.60969460222127,105.76906836575492,26132700
107.34407806396484,107.81282949655858,106.66907485661719,106.99719942891696,35513800
107.42845153808594,108.00032886683742,107.18470593925169,107.38158068565443,30763400
108.66596221923828,109.92221264479788,107.42845155155841,108.13157871133325,54681100
110.22222137451172,110.25972235076316,108.79722003985614,108.90971581603061,31207600
110.29722595214844,111.03785415743714,109.67847055814269,110.70972239557224,37588700
110.1753158569336,111.32844734286137,109.41594094704095,110.05344307898109,28113300
112.70659637451172,113.26909666698754,109.77220780858772,109.81908581320208,29854400
109.73469543457031,112.1159460316881,109.725318404717,112.03157422074258,33624500
110.30659484863281,110.63471943371599,109.05033724099783,109.27533593468637,27067100
110.54096221923828,111.29096019237413,109.5472043547793,111.20658837083518,26097700
109.47222137451172,110.82222797361547,108.30034263295087,110.51285026922415,22733400
109.62220001220703,110.23157824783664,108.87219492949697,110.10032843124917,18334800
110.56907653808594,110.92532500788148,109.6503206966639,110.69094932056323,25399800
111.58159637451172,111.66597535815288,110.71909538940078,111.51597145504849,22789100
111.74098205566406,112.01285877715333,111.11284962546054,111.6191020910702,18142300
112.47222137451172,112.90347183991517,111.70346930095263,112.36909548576531,22860700
111.90034484863281,112.71597493294888,110.98158887483152,112.59409498033213,20112800
112.397216796875,112.71597148715192,111.90971845904927,111.9284653690283,15826200
112.43470001220703,112.5190718226563,111.22532066105457,112.3221971123633,15116200
111.8253402709961,112.06909301791684,111.16909112841623,111.2159619799838,17612000
112.678466796875,112.82846352949575,112.06908853026442,112.27534029612453,16477200
112.8097152709961,113.29721358690699,112.42533568420306,113.00659000353197,14209100
113.3909683227539,113.41909941678662,112.84722209863477,113.10034472429547,19745100
113.48474884033203,113.98162432019856,113.03474422215095,113.38162293101097,15792600
113.22221374511719,114.04722081399223,112.5940885650084,114.03784378296073,14071800
114.15972900390625,114.23473095516515,113.00660440176463,113.66285359383062,19300900
115.65974426269531,115.80036398647033,113.71911339621947,114.55349046932483,27991000
116.02536010742188,116.25035879914961,114.90972937528204,114.95660738099089,15648700
117.6003646850586,117.73161451731232,116.0909844615613,116.34410709445652,24025500
117.19723510742188,117.98473408045493,116.7378535539067,117.92848619740379,31257000
121.07847595214844,123.15973322754627,120.77848250708439,121.93160689853771,38033900
121.77224731445312,122.36287870070032,120.95662439451826,121.59411948017802,23654900
121.65977478027344,122.04414015877607,121.2660252159694,121.78164044924006,16324200
122.43790435791016,122.53164608004755,121.30351937030554,121.69726893566975,24166500
119.88787841796875,122.4847585234948,119.71912759559153,122.37226274363006,26821700
118.32223510742188,120.00036608520415,117.67535584516847,119.98161917513818,27350200
120.84410095214844,121.34097627427842,119.29722710855995,119.40035298514299,24911100
120.14098358154297,120.52536318032503,118.22848407651986,118.49098372808857,24239800
117.67534637451172,119.23160443016765,116.45659704609282,118.5566012808508,36017700
117.66598510742188,118.47223813337725,116.95348093627034,117.60036019380128,28419000
117.65662384033203,117.92850056249578,115.84724280513049,116.52224609428465,27235800
119.18474578857422,119.93475099909723,116.08161335638036,117.10349527690346,30915100
115.64097595214844,117.70348652859145,115.35035235537485,116.35348012601632,33944900
116.93475341796875,118.01287615586968,115.96911931087593,116.1285002583101,25266300
118.58143615722656,119.23070994419304,116.39837868202451,116.92532854090473,24722700
121.31967163085938,121.74312107077519,118.99547378357154,119.2683568817107,30112200
120.51044464111328,122.75937001525946,120.3692900462168,120.73626901996914,25770500
118.7696304321289,120.05875903447827,118.33678365084577,119.05191806563253,23706900
119.40947723388672,120.00228764984313,119.10836615575823,119.90819178400066,15293300
120.13404846191406,120.67041008558014,119.05192783042168,119.14603089502997,15396500
118.73197937011719,118.83548697962244,117.37697588499711,118.75079567227513,23603800
118.78845977783203,119.8988084879173,118.53440016188009,119.41891730455738,14123400
118.71318054199219,120.44456775756039,118.60967291725107,119.48477826702683,23128400
117.565185546875,117.98862058514813,116.7183082912735,117.97920884368165,22763100
118.30855560302734,118.33678364847161,117.41462681597886,117.86629708025303,16829600
116.37955474853516,117.26407177087881,116.04080385398036,116.8970928316203,26646800
112.76620483398438,117.02881870407712,111.98520267263972,116.53950870662399,37983600
115.89024353027344,116.00315570094416,113.52839917999799,114.12120961318308,29382600
118.40264892578125,118.44028871191313,116.8782698931886,117.57458798899036,24926100
120.27519989013672,120.41634731269959,118.18623813756345,118.97665939648182,21459000
123.64385223388672,124.44368506450148,120.68919745015789,121.56430984726303,33885600
124.77301025390625,126.16564610298614,124.20842077984607,124.58480419048168,26477100
124.30255889892578,126.31624086626039,123.53095402378007,125.97748995782509,23913700
123.72853088378906,124.18019385221135,122.99457317581279,123.64383241124804,17092500
124.50961303710938,125.14946808731459,123.79446403027379,124.18967115389147,17200800
124.63190460205078,125.89280531627537,123.86971856372269,124.45311738651952,17821700
125.00830078125,125.83634746962264,124.70718245230563,124.80128551962879,14517800
127.18193054199219,127.25721011468195,125.68578672482302,126.26918546553067,25934500
127.68070220947266,127.90652667035472,125.91166735594031,127.03142816820315,23744400
128.86627197265625,129.53436923684384,127.70887900089768,129.33675855478214,33042600
128.88510131835938,129.60023578679758,128.4052101516838,128.51812234193414,36727900
129.6472625732422,130.23066125566555,128.91330476048086,128.91330476048086,20628800
125.55404663085938,129.46849857155732,124.8953682653841,129.14857113091384,33327400
126.02452850341797,127.72770198486519,125.7140199955671,126.41974986599556,23657700
126.23155975341797,126.75851685096869,125.62933742861564,126.22215518953972,16557500
126.05280303955078,126.6550254415032,125.3000214475816,126.62679738813938,30043000
127.67124938964844,128.63104616793285,127.00316639275144,128.56518550369972,22613500
128.5181121826172,128.52751674502406,127.35130032919045,128.08525822402177,15237800
129.34620666503906,129.609678061838,128.24525517927623,128.72516079053548,13629300
128.9697723388672,129.2238390991918,127.70887181565809,127.91588704879513,18141100
128.87571716308594,129.00745285860933,127.3795586147893,128.3487600228785,16779700
128.4051971435547,128.88508826161473,127.78415144386977,127.97234319459272,19953100
129.71316528320312,130.40007171969035,128.93215578062745,129.03566341007993,24204400
130.23069763183594,131.0023026217617,129.73198293663532,130.04250584540205,22327900
130.701171875,130.91760604906926,129.86370630043865,130.6541347014395,18936800
130.701171875,131.3033941493125,130.2871557273758,131.20930544407994,16651500
128.9886016845703,130.84231994676125,128.46165901558197,130.75763580884046,22726100
128.22637939453125,129.78838347555472,128.17932787853684,129.57196373170868,20211000
128.36756896972656,128.5557607479981,126.72086578315403,127.54892683728359,30381800
128.55577087402344,132.36671570617833,128.39580713198706,131.94328058218633,48992400
130.2588653564453,130.9740139150528,129.22380383135987,129.29908338269257,25074900
131.06814575195312,131.7268384535232,129.88252473372688,131.51040428787084,18034600
132.4137725830078,132.43259607051033,130.6541569915451,130.70119417313032,20738300
131.91505432128906,132.31026139958567,131.0964121132542,132.1408787328222,18356900
132.99713134765625,133.31705874810743,132.01852566447917,132.0843863136969,19037600
132.7053985595703,133.15706150278316,131.14338019824768,133.1476569432955,16605900
132.06561279296875,132.88425499661437,131.5480745891241,131.8680020758231,16846500
128.22637939453125,132.1972861282637,127.10661936115599,132.04672702032434,38598800
129.9107666015625,132.62077419796006,128.8474622180652,128.91333723847524,40557500
128.81919860839844,130.1553929102932,127.2760034549164,129.93895878136018,30791600
124.40609741210938,126.0245584230708,123.06049800681426,125.43175495468812,42749600
126.73963928222656,127.67119324260456,125.34700344253878,125.90217399481953,32696700
127.2948226928711,127.64297809843441,124.04846880626354,125.89276779358653,33414500
130.69180297851562,130.7859060675411,127.90651522587815,128.53698007774096,27496500
129.58140563964844,131.15282891753128,128.40518932164247,130.42827564536898,23466700
127.77470397949219,129.72252477752474,127.25718037014319,128.97916250289302,20484300
130.41888427734375,130.60707603564092,127.03137519555139,128.01939987425007,25154600
126.4914321899414,129.267108643997,126.19876137032405,128.73841111102018,32527300
126.2081527709961,127.05785728317043,124.85808736125207,126.87847473929178,28074400
128.52125549316406,128.83281244696497,127.19006152853991,127.3411220647935,24449100
130.6737823486328,130.80595668060178,129.23873645445423,130.14508502075694,24355700
129.5880126953125,130.95697821923116,129.56914094344637,130.48492511606403,21170800
131.0325164794922,131.69340246184515,130.28667878735772,130.8059401709551,14970300
130.0789794921875,131.41960886026482,128.67225576083516,130.90979773952802,18697000
125.93437957763672,130.61715468124206,125.3773601376089,129.5219875610384,38508600
127.87925720214844,127.98310952153177,126.41588884935626,127.44497616176417,20312600
128.15304565429688,129.0782661650523,127.13340871337421,128.76670923261,23102100
127.98306274414062,128.17188114511805,126.0854140445486,127.34107729963328,17393300
130.39996337890625,130.7020843232612,129.25760277212294,129.57859547106045,20168700
130.154541015625,131.40075428023866,128.6534149264152,131.37243223371954,23940100
128.4362030029297,129.53136966849587,128.11521034761745,128.9743504597039,18869300
129.9373779296875,129.9940220128763,128.85164684685714,129.62582106622773,17995900
132.2220916748047,132.53364848599904,131.00418646687044,131.3346294379333,26101800
131.3252716064453,132.34489435059209,130.47556677841953,132.20328408221823,20824500
129.83352661132812,131.9388800191201,128.83277605172984,131.78781952554107,25773900
128.4740447998047,129.23876894170837,126.99179032748243,129.1538027939247,28903400
128.51181030273438,128.65343496331107,127.53938147166447,128.3135559462237,24726100
129.83352661132812,130.6832166773474,129.21984875838393,130.14508347711427,27010000
129.64474487304688,130.34337464312534,128.9366648157453,130.07902590754014,23363100
128.71005249023438,129.05936731686623,128.07750280685522,128.23799919762993,16731400
129.71083068847656,129.8335691804926,128.80448183575498,129.30487168554095,17814200
130.7776641845703,130.91927442727277,128.89888666447607,129.68249695458798,23982100
133.18516540527344,134.41249283309057,132.24105851868927,132.45819906894383,35772100
131.6461944580078,133.73266146712885,130.52270557344113,133.12843396693162,39167300
131.36297607421875,131.82559343915412,130.7021044142552,131.4479422006594,17139300
129.70138549804688,132.82637642893943,129.22933213915857,132.51481948336212,29773200
131.5706787109375,132.13714835735334,128.42680242576486,129.81464009415427,21382000
131.7406005859375,132.34482810509775,130.70209219052603,131.64619858958395,17456600
130.03175354003906,132.5147576592543,129.0121170318357,132.31648900241535,22477700
131.25909423828125,131.43847673544747,130.0789613947335,130.333874122597,17280900
129.40867614746094,132.41092770026117,129.3425817820733,131.85390836022654,21466600
127.12394714355469,128.74781163801288,126.11376057886552,128.63452345660713,30521700
128.66287231445312,129.10660365866084,125.77390783917829,127.40720855381494,24132900
130.39996337890625,130.52270181329038,128.79498547829925,129.10654229994546,22897700
129.4558563232422,130.45660673554366,129.36145433309116,129.47474248364017,15303700
128.08694458007812,130.06012397653248,128.0397363674609,129.41813838389473,25550500
130.5133056640625,130.94758664636785,129.3142862107932,129.776903645437,19749900
131.3252716064453,131.86340503219347,130.5227750031867,130.7493658385124,17654600
131.87281799316406,133.14736781070172,131.70288570065244,132.28822724942597,25446000
131.75009155273438,132.44872128397756,131.7217695044907,131.8822659131797,13304300
133.65716552734375,133.8648557060827,131.99552885005554,132.23155547754106,19695700
132.56201171875,133.10959527775475,131.73119329737403,132.9207624322249,20751600
131.88223266601562,133.51553279532317,131.24968307149675,133.0718016101363,21460600
129.72967529296875,132.1749076266404,128.92717902000976,131.9483168845772,32273500
130.6926727294922,130.75876710785582,129.3520430553644,130.7115588955852,20078200
128.74777221679688,132.18431859112957,128.64391994699895,131.20245437242835,27431000
129.5692138671875,129.76746821478483,128.03031527485095,129.22933486538082,29844600
132.11825561523438,132.5714226662481,130.9192364200497,131.59899419953072,37029300
132.86410522460938,133.2511923514394,131.41962341563107,131.55179775089962,25959700
136.13072204589844,137.52799566822608,135.48872211828478,136.32897634868806,35280100
134.84674072265625,136.42339693779408,134.67679405199993,136.02687391415967,20589500
136.5272674560547,136.8954684847076,134.80898638505795,135.4981946331433,18496600
135.3565216064453,136.8293251946243,134.99777099260655,136.80100315684544,24605100
135.68702697753906,136.34789883944836,134.9789468956521,136.1968382978902,33128400
136.47056579589844,136.89541074115277,136.10236492255552,136.73491440209753,16912000
136.38563537597656,136.91433272671864,135.8663739043826,136.8671245191333,18250200
136.00799560546875,136.44229098363357,135.19606334657902,136.30066634891907,16575800
136.19677734375,136.78213307883354,135.734174450412,135.80025440406615,17786700
137.80181884765625,137.8301408958898,135.72477260436398,135.9324772286932,16732700
137.94338989257812,138.2360605784464,136.6405184203431,137.21642391399126,14362600
138.84979248046875,139.32184587533385,137.89623540304834,138.10394004926312,18641600
139.0763397216797,139.21796435399204,138.10391108467948,138.53820645547805,16919200
139.784423828125,140.11486690743746,138.78367311604555,138.80255928210093,19729800
141.58767700195312,141.60656316881852,139.9826985605794,140.60579800789372,23485700
141.93701171875,142.13528048377106,140.65302590478782,141.68211325705687,21534000
141.98419189453125,142.8716544090842,141.8048093344505,142.44680931758558,23935700
141.73785400390625,142.89358425753426,140.63897502835712,142.39150637988567,25696800
141.6052703857422,141.9084194690082,140.67690161439177,141.52948311492568,18576100
141.70947265625,142.38207563417407,140.98004729526477,142.1641962701748,15901800
143.2630615234375,143.37674964327292,142.02207583187874,142.09786309345495,22420900
144.0209503173828,144.39040426181063,143.34836171711572,143.3862481284912,24620100
144.29563903808594,144.466149522101,143.53778093649,144.30510702443976,15184400
143.40524291992188,144.27677520059277,143.31050517976104,144.08731417522077,11977300
141.6715850830078,143.83147163906838,140.50638654867225,143.81252120824163,27418400
141.4442138671875,141.55788753469812,138.92434156779072,139.72010060519244,24066000
141.95574951171875,142.2683520428285,141.33998352527908,142.23046564524972,17574700
142.03155517578125,142.4010235261113,141.6052644434032,142.14524330470715,17869100
143.7556915283203,143.86936520905383,142.3536631311451,143.0357341254345,16403500
143.38619995117188,144.1914268580623,142.95990930544062,143.11148380990429,16687400
143.1683807373047,143.88833825333413,142.81786274171776,143.3199408504528,16476100
143.7082977294922,143.8693402342234,142.4104752499314,143.55672321153048,18856600
145.16722106933594,145.35668204661292,143.06417097518553,143.66097233086074,24612100
146.38922119140625,146.73025664985508,144.77878159231992,144.9398241067343,23845400
147.33653259277344,147.68703602021847,146.66394415335506,146.9386603212284,24144200
146.54075622558594,147.5070255066041,146.3133944962468,147.26071335275202,25425600
146.23760986328125,147.28913439096792,146.05761696454243,146.1713050587105,24129200
147.50706481933594,147.56390165308392,145.6503130055619,145.8871427828067,24958900
149.11752319335938,150.14062969449932,148.05651582831925,149.06068635245342,53477500
149.11752319335938,149.79011175067217,148.9848990795974,149.79011175067217,17718200
149.0890655517578,149.40168254944408,148.84275336603747,149.18378877670062,8989200
150.31112670898438,150.3679635447825,149.1080273498001,149.2596018818904,14520600
150.5858917236328,151.14480667646657,149.88487019392764,151.05006895855232,18412800
149.2880096435547,150.6426834381321,148.4733146604014,150.61426502226158,16348400
149.3922119140625,149.4585311862097,148.2080630966477,148.51121213227788,18369400
152.15841674804688,152.2626224460996,149.98906197669726,150.41535275784207,22622100
150.2637481689453,151.5236842826628,149.7332517957889,149.9795640082844,21116200
150.65219116210938,150.71851045326142,148.2649424147143,148.80492136856677,20813700
149.27854919433594,151.25844269298102,149.03225142604057,150.92688967276914,21634100
151.65631103515625,152.32891395537885,149.62904874222338,150.55741741152548,27746500
153.5509490966797,153.674105204978,152.5467931657798,153.31411932222434,21385000
152.84046936035156,154.6214340015497,152.68889482600636,154.24251212062987,20725900
154.6782684326172,154.70668685049705,152.7646797173632,153.23833928861814,21626500
153.58889770507812,154.98145836820834,153.200493285033,154.7825149356411,23477400
154.58351135253906,155.3034830617299,154.00566062481232,154.05301501204548,21417900
157.41603088378906,157.48235016664844,155.38876835912026,155.6919174437164,23865400
158.2969970703125,158.6475004445923,156.71496175600086,158.60013160767733,34371700
157.7286376953125,159.32960936368943,157.66231841676765,157.89914820309696,29517200
156.9707794189453,158.66648878308445,156.95182898866327,158.58121907428676,24138800
157.9370574951172,158.0128447653816,156.56344755206595,157.43497947769117,19680800
156.3455352783203,158.7043650014878,155.7866204878923,158.6854145724222,24918100
153.73092651367188,154.7729831980211,151.76050125459204,152.6604514156532,32078100
156.743408203125,157.02759233935902,154.47931636983554,155.15190476551047,24899900
159.18753051757812,159.8601335879613,156.96133881169087,158.99806954653704,34754500
163.6777801513672,164.88087936173753,161.7926100859004,164.88087936173753,51597500
161.26211547851562,163.31779605239475,160.6463638869867,163.13781757767464,36142700
165.19354248046875,165.3072161697308,161.4232012972318,161.45161971954732,30107000
170.631103515625,171.1237134714776,167.02182022982586,167.80809677985968,36433300
170.4226837158203,174.49615834021887,169.0111876454054,174.3351158434909,39186300
173.9561767578125,174.13616966421563,170.57424129734784,171.4363049780474,27751400
174.2025146484375,175.85085514230525,172.86679120280033,173.21730911108827,33529100
178.75914001464844,178.89176413177015,173.59625298069977,173.90887006854624,35844300
174.72352600097656,180.65373798592051,173.83304379083776,180.60636914294562,53159900
174.97927856445312,176.0592215210554,172.2699459603542,175.80344137332511,47062900
174.03201293945312,176.41924686578838,173.23625384239782,173.43519723039753,35295800
175.58563232421875,175.64246916757827,173.0278587334808,173.5962560769659,23149500
177.3665771484375,177.81181834735847,175.7277189116326,175.8319246061661,27792200
177.8985137939453,178.75342396936063,177.1290917371865,178.63943981115193,29997500
175.1817626953125,177.86999994787422,172.0280805137108,177.5850250864562,36862400
169.64378356933594,174.30782755645598,168.37091244894728,173.99435669944893,48572600
162.32952880859375,165.80619024009897,155.05324119911742,159.36582502799183,68311100
159.65081787109375,166.0816754656081,159.25184432237913,165.4737357884397,68073300
161.64564514160156,164.58085379705224,159.78383585302421,161.2086961123026,56206100
150.25621032714844,158.66288904796488,150.06623191703775,155.1387438829772,93174900
153.89437866210938,155.50923164149168,144.3858178493649,144.77528307354186,97012700
164.13433837890625,164.25783086258915,154.17932227965255,157.02904179044228,71030800
156.26914978027344,166.23367652237985,154.13185965355714,165.0937913536831,71677000
162.006591796875,162.1490720051714,157.32354419371018,160.049786299332,49814400
157.9409637451172,162.31052511256803,157.39001621509487,157.73198314771483,47817300
153.47642517089844,154.93927504171984,148.18543814642317,154.46432171432747,72821100
143.07492065429688,149.84775902864055,142.48598322850134,143.435889783358,70419300
152.85897827148438,152.96346858405525,144.93676019104754,150.2372411030131,65354400
145.93414306640625,149.8002550593637,143.57836446468625,149.25881588095203,56371600
132.0940704345703,145.78223433593274,131.63811911460053,138.0214955719022,93226400
150.87367248535156,153.79938665871734,133.68035660445514,140.11122857796408,92727400
128.63636779785156,141.86857610037168,128.2374087100847,132.98694236601375,87905900
139.22781372070312,140.111219878546,128.23738768544888,132.98692056268771,81059800
133.3668670654297,138.68634927369683,128.25637994155176,131.08709725869974,81593200
135.56118774414062,142.62848121921525,132.03702760813172,135.61817982543892,85922700
130.4696807861328,139.73127038304972,129.0543146964059,138.6863672974225,84866200
129.1683349609375,133.5284186057588,125.8816652354361,130.14673789897077,78975200
140.90914916992188,142.10604082694735,134.19331668258258,136.5490811192796,82516700
139.56024169921875,146.59905135729474,137.204477967515,141.4505605875255,75638200
148.28993225097656,148.81238382335576,140.9376493369031,140.96614537772146,64568100
142.2010040283203,147.13102121684818,141.7260507653704,144.14831530529963,57042300
152.20352172851562,152.5549970065621,142.49547567385673,144.8037561165446,63420300
149.80978393554688,156.52561640437477,148.71738259294858,151.41511399644187,77927200
144.4902801513672,149.8477523004297,143.26490712816815,145.33569636745324,57969900
147.4824981689453,147.69147878711792,142.82796147930063,144.25282142442757,49630700
146.12413024902344,149.49630149094543,144.56628404497476,147.33051565835152,41243300
156.99107360839844,158.1594547108867,149.68628926690775,152.28903866452734,67111700
155.3002166748047,161.48410268308842,155.08172774695498,161.09463754501482,62769000
156.85809326171875,158.3209431578964,155.30974074936518,157.3710364866465,48318200
156.86756896972656,158.98585654320863,155.1482404127014,158.02645613418778,51385100
157.21905517578125,157.2760617539971,154.16986273762387,156.11717440218635,41905300
164.99876403808594,165.04626226424094,159.58429962815816,160.53420617356386,52874300
163.26995849609375,164.87530304245226,160.76220553744395,162.62401444151914,40940800
168.17147827148438,168.39946110084114,164.23886505524362,165.56874315151887,50479600
169.6533203125,170.98318372145278,167.06006492340595,170.50823043333762,52765600
166.29066467285156,169.79582271685595,166.2241787409171,167.78202514998281,36669600
159.41334533691406,164.97029069532127,157.7889985432716,164.8088082997189,56203700
164.82778930664062,165.2837403941168,162.2630445097546,162.80448370842808,34620200
162.83299255371094,166.2906521024293,162.34854539106306,165.38824370404214,32790800
165.80618286132812,165.81567670835807,162.1585453714661,163.44091045280888,34277600
165.3312530517578,168.03847827027482,164.61882307408098,167.74400953194305,33194400
161.3036346435547,166.87008780328102,160.90467561776978,166.7940935372614,34392700
168.54193115234375,168.77940781653479,163.2699608028428,164.54283224424475,51286600
170.23280334472656,171.3631802570195,167.4020706557273,170.98322333626544,53875900
165.82521057128906,169.69132309324073,165.29325067285902,166.9935916904016,39370500
169.88128662109375,170.03327515016903,165.09376391061315,165.74920175962944,30372900
171.70506286621094,174.45029157811007,170.88814284323644,171.5720765598858,36839200
173.39593505859375,174.97278340842882,172.53153111485707,172.95898616297717,32139300
174.40286254882812,175.30527094576834,173.43395373066107,174.94430178922232,28316000
175.4287567138672,175.7327338053412,174.1748874476006,175.7137316135177,30877800
177.3855743408203,178.11699203070202,173.69043802497885,173.97539842652998,30892700
173.3674774169922,177.67055387694649,173.1680051144238,177.44258553115407,32038200
170.74569702148438,174.83029795760064,167.69649071381875,173.405438177171,44711500
171.48670959472656,171.63869819342915,166.87965484576472,168.64648244599817,41873900
173.98489379882812,177.68952368706329,168.13346574945095,170.09027099782256,46610400
175.647216796875,176.87258982109455,174.7448085084128,176.44513478913066,35264500
174.43130493164062,177.25252790610182,174.29831862451945,175.76116800285246,26799100
176.85086059570312,177.03184785529155,175.21246950388453,176.0411853401111,31261300
174.72659301757812,177.81286649401784,174.59323632917085,176.60312147681617,29119500
174.80282592773438,175.7077620261806,173.87884925285118,174.49801682204026,20826900
172.95494079589844,177.65101700325025,172.50724001921918,177.49860513570079,36073600
173.1835174560547,173.3549844144041,168.2207285103278,171.64990779458807,39517100
172.79293823242188,175.4124564029149,171.821345594234,172.1642649179447,33810200
174.55516052246094,175.5267676685074,171.8499162297259,174.0598293942111,42130400
174.15512084960938,174.317052979787,172.85012898389996,173.87887257152337,22622400
176.13641357421875,176.22213977548927,172.74533039924086,175.50772569531836,30794600
176.56504821777344,177.1175301498481,174.86950673493328,176.05067650710572,27311000
174.24082946777344,177.02227987283794,173.65025181324634,175.5553560250542,28761800
178.31776428222656,178.82261577227575,173.3740161676006,173.9550735758374,39893600
179.4227294921875,179.60371673224284,175.68872668481072,177.11755495708823,33211600
180.7943878173828,181.65167887606577,178.3748973930078,179.07979116522557,29783900
187.5003662109375,189.10066141937924,181.94698529918034,182.06130144357863,43872300
177.43186950683594,186.47157890859128,177.24136200907282,183.9663769701649,52854700
178.83213806152344,182.623291383171,176.39359245482194,181.49927233718,43373600
179.97518920898438,181.7659917395545,175.2790999776886,175.82206163060056,32770200
184.3855438232422,186.3001685905178,182.37565801817837,183.73780074282863,42556700
185.02371215820312,187.0050221314009,184.49980563299377,185.7762218691107,25687800
187.00506591796875,187.166998057351,184.7951377068354,184.7951377068354,23061600
185.8905792236328,189.83414524257645,185.14758957765756,189.1673615262903,44441100
191.0534210205078,191.2343937475536,185.9667807124898,186.50020767278062,32818900
192.32980346679688,194.27300341072882,191.8725679807489,192.50125587297086,30917400
188.4529266357422,193.60623760474027,187.23366096391769,192.0345322646708,36740600
190.83424377441406,191.09143685663835,186.19532068186237,188.41476834857986,27803900
187.0145721435547,190.4056555951069,185.63337438286644,190.2532437572232,54675800
189.02450561523438,189.11023184516617,184.36652483658554,186.49071267540913,26701600
193.8538818359375,194.7016526637686,188.35766642321764,188.49102314215313,34310300
194.98744201660156,196.55916194472687,192.19647091012706,193.50146283713315,32061200
196.47340393066406,198.1499050400059,195.27319343767005,195.92092193188483,29315800
200.7027587890625,201.11236382000442,198.2165968027034,198.92149070943458,31897600
198.36895751953125,204.4843397238577,198.1212992276616,200.46456904975432,33600700
202.73170471191406,203.1412952180682,198.78813883046487,200.10266563587942,33600000
204.1510009765625,206.11325624543244,201.43622130626395,206.06562572695827,33121700
203.53184509277344,203.9223950181679,201.06473816174983,203.48421457154092,26177600
197.24493408203125,205.5607083173541,196.70197250809474,204.3033327996836,38135600
198.46424865722656,198.94052473796404,192.44411202000435,196.34958169596874,37591800
198.1689453125,201.30285006378293,195.30176853848567,199.61682866793632,32179400
194.24449157714844,195.9400337554394,192.71088156927885,195.65426511683825,29940700
193.2537841796875,195.31128577018185,191.8344762485348,194.76833860463782,31635300
201.56005859375,202.22684225080772,193.37762385459058,195.27320803339165,36884800
198.84524536132812,203.78899294881228,198.15940670556205,203.52227953099117,37990400
201.7029266357422,202.22683324824817,198.50235068955192,199.27391563942754,49605700
192.92987060546875,200.9122608064509,192.5583759166406,197.35924600973155,67457000
191.7487335205078,193.23471241579142,188.13855305601066,190.91048305248486,39827000
194.17776489257812,194.2920665013878,191.32962868313254,191.91068608590263,30160900
192.4345703125,194.98740284441632,192.16785689975623,193.94912459232157,23251400
194.3778076171875,194.93980994999856,192.4250726197522,192.8918284495138,19632600
194.22540283203125,194.75884431463618,190.10086427671118,191.4630070516711,25079600
195.28271484375,195.36845558536268,189.56740183239614,194.7016574395373,51044000
206.265625,207.3134381221961,200.455065920416,201.48382393090174,78983000
203.16981506347656,204.57960252584857,200.3312140980677,204.0080654968015,49280100
202.83651733398438,204.7987730196752,201.53152515238926,204.70351196249158,28806400
206.08465576171875,206.1036963389564,201.51240270569892,202.2649124807569,32656800
202.3982696533203,205.46548863137218,200.92181096572025,204.6558280531857,27820400
198.36895751953125,201.826725992013,196.55911450133638,201.62668367315615,36716500
193.73004150390625,197.79742831175162,193.50142377829144,197.33068710729214,36446500
199.264404296875,200.30268274431842,195.03507004935855,195.54944186077296,28013100
198.797607421875,201.32187904342692,198.27370089402152,199.50250116251334,22588900
198.98817443847656,199.64543786684007,197.66412729104678,198.8548176946633,17958900
200.3026885986328,201.169514645871,199.00721694022218,199.65496003682452,20184800
201.4552764892578,202.28399227877523,199.28345856619634,200.54081995254023,21336200
200.2330322265625,202.5246923005992,199.8033505157827,201.94223033756498,27627600
204.89276123046875,205.29379853036912,199.4787358269198,200.0802844918058,26981500
203.40318298339844,206.48736005046817,203.24085940828198,204.20525755571333,36249300
204.04293823242188,205.79032438204533,202.83981177895026,205.0932698409318,25460100
206.69744873046875,206.83112783843276,203.47959226523687,203.47959226523687,23043700
211.16612243652344,212.0636882339954,207.54722933961594,208.04375788990563,39600800
216.3509979248047,220.71467669554357,209.49513302411248,212.82758145339662,57602200
218.5758514404297,220.22774643446985,216.3510376449073,217.87879683230926,26292900
215.34841918945312,218.37530740038187,214.18349507421502,216.7520570238805,28774200
217.00985717773438,217.181724050309,214.29805843882244,215.3293033840546,25725500
221.19210815429688,222.34748887077873,217.08624417836464,217.6782494908161,34080800
207.48992919921875,218.9577288996764,205.2555726982678,218.91954112244858,58400300
204.57763671875,208.50209044933735,195.92665473875113,205.38926911013266,59664100
193.51089477539062,200.54817062580975,193.07165511687595,197.17753404239843,52924300
201.75125122070312,205.14098845525137,197.3684714692086,198.22784947553285,45679000
196.0985107421875,205.04550944722897,194.89539903060142,203.7659930391178,35461500
194.8190155029297,199.21135322657878,192.15497713349296,197.8459033435166,33620100
196.13671875,199.75561186121092,194.81901452553066,195.019540434878,30375800
199.3545684814453,200.30942320721906,197.58808141079317,199.0108201973697,21823900
195.79296875,201.14014659025136,195.40147480702015,201.11150211344088,26328100
193.74960327148438,195.10549542521738,190.9327843465496,191.01871778722526,34011300
191.34332275390625,194.45614366811049,187.3902250852239,193.64452595746747,55225300
193.39627075195312,193.55860887771348,187.5143766837805,188.28780668448618,39839700
198.05596923828125,198.7052780405181,192.95704840245924,195.80251145980125,33517100
191.53431701660156,198.70528574638803,190.99960067045066,198.51430313425325,30803800
194.01695251464844,196.28951164051597,190.2070765512696,190.82774092401178,31202500
198.4379425048828,199.60285202097856,193.39629547770284,194.360708203797,29437300
199.98477172851562,202.973471617275,198.6670675733569,201.35976483478098,32004900
197.9031982421875,200.5863524369217,197.47351650129846,199.89885582352807,24221900
200.83462524414062,202.41012994138174,197.21571715131006,198.35199677037934,33829100
202.86846923828125,204.32939600324374,201.77993528458512,203.8519685749572,27158400
196.88153076171875,201.46483711654338,196.26086634548096,198.6098157696797,33154800
200.88235473632812,200.91099921434176,197.63583971881565,197.86501011285242,21331600
196.6141815185547,200.69140156656152,195.57339314489093,199.3928128529531,28554300
200.357177734375,200.62453590384288,197.3875788228527,197.71222594721692,25681100
201.07334899902344,201.65581107779784,198.91538214434803,201.00650216165653,19925800
206.0672149658203,206.11496062047993,201.69397817169286,201.69397817169286,26458000
211.4048614501953,213.75381083072148,207.0220811131626,208.9126896677775,40461400
212.79896545410156,215.0428803166582,210.47866045048664,212.66528634973199,28950800
210.8892364501953,214.09754923309413,209.23734168865147,212.9326251853201,23421700
209.7434539794922,210.41184956927498,206.25822446788095,207.29902749689745,22733100
209.7434539794922,212.25471273609966,209.41880677444502,210.21132360737457,26057900
204.54896545410156,212.26419281845352,204.0715381263812,210.46906140384877,27625800
204.95960998535156,207.55681662503048,203.47003858875664,206.05770192407343,22753500
205.10281372070312,207.12710123202376,203.49865008216514,203.49865008216514,22724900
205.1887664794922,206.30594495104054,202.14277705291187,204.27209937543927,22351500
206.46824645996094,206.5159921132841,203.53684984099252,205.32242362984323,18879600
200.5958709716797,206.57325596516677,198.70526280324816,204.19567715984522,37111600
203.62278747558594,204.9786795523544,200.8346131891416,202.03772500009524,36700300
193.52996826171875,199.4118774599647,192.97616528668934,198.29469906700677,51195600
195.47787475585938,197.9986908313189,194.18881495491607,194.8572249672143,31432600
193.32943725585938,195.06726527827394,190.60809546277156,194.3129364566058,36953700
193.19577026367188,196.01258896348594,191.0855347795148,195.0672774818165,30842200
197.11065673828125,198.72436357805273,193.95008988401975,194.68533211248038,27512000
206.6210479736328,208.46392547796825,202.83027291474843,204.35804655865567,42311800
213.20953369140625,214.00206496769775,211.16614488901527,212.0159651252917,36080100
213.62008666992188,214.23119307229723,208.18696129868533,212.22599244922995,25231900
208.53076171875,217.8214958469359,208.04379096331203,214.30763679686595,44395000
201.4839324951172,206.7260912789593,200.25217605253826,204.81638142880726,44045100
206.7738037109375,208.19652799591586,202.62017962636645,202.80160436416497,29440800
205.71389770507812,209.2182126853454,204.7781441840893,207.40399459384702,21593900
206.73556518554688,207.6044863724677,204.4916656068137,206.59234282283467,18621100
207.42311096191406,207.91009625072095,204.8354625277745,205.16965297683396,24953300
204.7781982421875,207.85281776565722,204.41534870013092,206.34415977168877,24154100
202.07839965820312,205.99397625190795,201.93478771122201,204.53879324931168,28372800
203.36126708984375,203.94525399369454,200.9774488217173,202.3656247103316,24792700
201.41786193847656,204.19418482435066,201.0444941764718,203.1506716700391,22843100
201.14976501464844,203.2367909210462,199.28292656441394,201.9539393304308,25683500
204.73985290527344,205.11322061050996,199.95307996220436,200.65194472163236,33979700
204.7494659423828,206.10890800236606,203.39960677954608,205.93659115062835,21012900
206.0514373779297,207.04709439516884,204.91218300631596,205.68765254415658,14512200
204.94091796875,205.60148040979328,201.8486519158757,204.9696374397487,33064800
206.98968505859375,208.0523494571735,204.25164978168124,205.36217023318213,30904500
206.18548583984375,206.28122715714795,203.7250917523255,205.7163913660457,23724500
205.1036376953125,207.15237578450493,204.53878742618159,205.45785419325355,25120900
205.21853637695312,206.19504217699352,204.08885033218635,205.08450731483558,24666000
205.15150451660156,206.3481977299115,203.90695526121635,205.22809463522196,24620000
206.7981719970703,207.69808770235701,203.8112301736273,204.84517494514358,23284100
202.7677459716797,206.05146586566656,202.2029101556179,205.98445862705185,32440600
201.5423126220703,203.9931382813653,201.38913236634608,202.73900597977865,26733300
204.1654510498047,204.22290460061276,200.19243502451116,201.09235074888988,30979400
205.06536865234375,206.98966090003364,203.80166807637727,204.0122872737172,28798400
204.99832153320312,206.23330239723967,203.18892213217688,205.99396377483902,27000600
209.92874145507812,210.72334762421664,205.56320627702797,205.59192574993037,35023300
210.062744140625,211.47005656833366,208.62671224362202,210.49355078811152,32515800
209.26815795898438,210.32125396009562,206.80776400449466,209.26815795898438,63354900
213.0975799560547,214.44745359399022,208.01402881752463,208.27251867774226,37181900
214.38999938964844,216.00793106077268,212.3891317075916,213.19330609539352,22612200
211.5945587158203,214.02623344268295,211.38393949442968,213.59542671095656,18699600
213.25079345703125,214.0741192147462,211.76689051360512,211.97750974986306,10550600
215.36654663085938,216.39090869156607,213.50927594366328,214.87828632372674,17933500
214.59103393554688,217.4918172885593,214.0453493940068,216.65892343712179,17403200
212.22637939453125,216.00794208381058,212.02534309135797,215.62499144526328,20272300
212.934814453125,213.49008188993298,210.311657515392,212.24551795281667,20942100
208.40655517578125,213.49010649539775,205.6493688567727,213.0401486000575,37130100
208.60757446289062,209.2011442852732,206.5013971335944,207.9948680651304,23823000
203.19850158691406,207.2576901048468,202.90172401611616,203.12191147056765,35930700
208.98095703125,209.98618241670528,204.5962852345555,204.91219943951467,27694500
210.2542266845703,211.17329358978736,207.77468161014076,209.35431096289832,22956200
208.21507263183594,209.5745145115379,207.4874737327891,209.1532761190525,23031300
205.7642059326172,207.84167815630275,204.22287913451353,207.26725958443384,23249300
207.1141357421875,207.51622300874428,204.80690714801807,204.89308018291067,20087100
203.93569946289062,208.1863566093762,203.66764131924498,206.70245392329073,29480800
203.58145141601562,205.36213157006432,202.9878962340234,204.41435985792472,31746500
207.2098388671875,207.7268039408653,203.5623200569144,204.63455257006677,30480900
214.77293395996094,216.16109525037086,208.02358090402097,208.4160998078411,37777300
215.37603759765625,216.64932080348763,212.93478076265833,215.1175477989207,30709400
216.31427001953125,220.25858092455158,216.17067267204894,217.39608539747118,30172700
219.7415771484375,219.98091577336353,214.65802709229996,219.34905829762192,33152100
222.42222595214844,224.1933234360386,220.26817781179568,221.97226806085106,49169600
222.96786499023438,230.1863263527391,220.32557173690137,227.85037895390354,69870600
228.74073791503906,232.29253006928437,225.0644995906523,225.5623280954357,49111200
222.06802368164062,227.86959137607727,221.48403667498192,225.92616231957325,42503100
229.43002319335938,232.15848963643907,222.5179218384246,225.03576910164196,33314200
229.29595947265625,231.9765548590874,228.5109364184417,231.00963212175483,25916300
232.63719177246094,234.63805958670622,229.05667994059564,229.35347216795947,27158100
231.6893768310547,232.86693348320225,230.11931590292957,232.31166607339227,25296100
231.87127685546875,232.9052215570717,230.16718686803185,231.89999632428507,18054800
232.12974548339844,233.28813624139045,230.54053351636333,232.7807395278782,22211900
233.37432861328125,234.3221002924528,231.08625176555742,231.55534615768994,23565000
232.46485900878906,235.43264960639695,230.61715697080717,234.55188509696072,22186700
234.0636444091797,234.69548737812784,231.82342341865782,234.34127083104315,15751100
234.54232788085938,234.839105493822,232.3786969588708,233.52751965114385,16561100
233.3073272705078,235.6337066860198,232.56059180579354,234.5806107188213,26728500
234.32447814941406,234.43003030313588,231.19631876722457,231.56095614221252,21653500
233.9310302734375,234.06536803282074,231.1195276514465,232.0215160251843,16925600
231.22508239746094,233.9982091087317,230.46702209962763,233.89265696504796,25262600
225.02630615234375,228.30799807606732,223.0016349040027,227.81862797364326,36446900
223.83648681640625,225.33339754887209,219.48007774451878,221.01537906288905,30228700
225.06468200683594,225.68838982058668,219.73912389245297,220.7082737093452,26339700
219.72955322265625,225.10307807896038,218.66444150450877,222.69458880716616,39542200
222.9824676513672,225.8515415247869,220.2573072215553,222.166836123275,37819200
227.3580322265625,227.86659759459576,223.72129349094783,226.36008213862527,25324000
224.41220092773438,227.70349799818933,224.00918764921863,227.4252175123957,22812500
218.3573760986328,224.13392888093216,218.06950529574024,222.77135603173917,34029500
217.56097412109375,223.08804755279928,215.19086040970717,217.57057908912242,44727800
222.23397827148438,223.8364408233417,217.30184319993336,220.23809282439743,41872800
218.1942901611328,223.93245334526267,217.94480989807317,222.01333385234915,35267400
224.3258514404297,225.8611527209292,222.30118001460858,223.46225362122254,33080500
223.02084350585938,227.41562829059083,222.6562061675543,227.41562829059083,29746800
227.54037475585938,229.4978699157633,224.83440963059357,225.4581321614422,29907600
226.2161865234375,226.283362726676,223.79809211606153,224.54654746853438,22653700
225.31417846679688,225.67881578579735,222.4354997800782,225.458121186163,26034900
228.09690856933594,230.35186474160002,226.39848405501235,226.72473079014074,28092200
227.4539794921875,228.90292372097375,223.79806010683893,226.5999721151421,29562100
221.38961791992188,224.71929129183843,221.0153902179175,223.15520427595692,34833000
221.03456115722656,223.06882283713475,220.07500155097284,221.67746433641042,46430700
226.4464874267578,227.31967558191016,220.83305760883877,220.95780504888268,30127000
227.97218322753906,231.30185638179913,227.48281307743645,227.8858263731183,31638400
225.9379119873047,228.3751869519147,225.80357422770754,228.23125886724554,25620100
222.94407653808594,227.35805660601366,222.20522617954543,225.78437942941395,34061900
226.91665649414062,227.13736575038837,222.18603456103727,222.18603456103727,25479900
225.726806640625,227.22371728101677,222.50268578373593,227.02220332170978,25227500
222.473876953125,224.3929959619362,221.75420732482078,224.0859298925027,24792000
226.2353973388672,229.43073293599943,222.99208082780365,223.49105597759478,43623500
232.54925537109375,233.0194301648767,228.42314650954665,228.82615975066759,30338000
238.99752807617188,239.85153557551078,232.88512317429942,232.94269441038907,36910600
237.83645629882812,239.31417172284125,236.89609193809252,237.5965663854565,22931900
239.79391479492188,240.78225991518588,237.1935167319145,237.78843894053895,22719800
243.0084228515625,243.8624301487681,241.8089735778628,242.54783843014195,23625200
245.5033416748047,245.63767943978883,242.23123976274744,242.64384338315648,24326800
245.5608673095703,247.24970134628438,244.32302739477737,244.40939887472064,27148700
248.03656005859375,248.70826351478416,246.44368755447493,246.85632045190187,23837500
245.25387573242188,248.36283998650472,244.84127206333113,247.06745773626352,23070900
249.0056915283203,249.41829508741483,247.30728174663673,247.49917607756265,25627500
250.19554138183594,250.4450362292379,247.1825396982639,248.97691132612795,24878600
248.2764434814453,250.9056567188117,247.39366504124206,249.66781662573698,23209300
247.8158721923828,249.67742016300645,246.45328467278097,247.39366362481238,19722900
250.0420684814453,250.13803031378995,246.84674737679163,248.46840570806458,24030400
246.76995849609375,251.19351425483057,245.30181881820317,249.6869986347857,25606200
250.58897399902344,250.9344306690591,246.86587820955702,247.4512247703219,21462600
250.9728240966797,251.82684627305457,249.64865632842103,251.07839088950067,19763300
251.37588500976562,252.54654915122538,249.6006935016627,251.00164262719926,31014200
244.26548767089844,246.1654262072266,242.72059614037644,245.72400771033827,46903100
242.2983856201172,245.7432156591493,238.93033674663465,245.1290981102082,40589000
241.98175048828125,242.84536297608295,239.5060994250514,239.64043719314697,30945100
241.67469787597656,244.0640067134721,240.96461845267157,243.1524133181081,19626600
237.7692413330078,241.0509476976474,235.82133672532257,240.82064814733633,32756100
236.502685546875,239.41015032943804,235.8789775850692,238.98794170962884,21901300
239.6308135986328,239.75556103135267,234.79463968140215,236.48345929785845,26491100
242.25042724609375,244.0160134266029,241.01258714133363,241.95295146590863,27032900
237.18394470214844,241.54994399092692,237.126373466444,240.72472211515404,29299900
236.27236938476562,236.62741641293383,232.76039218061487,234.66031619488902,33641600
229.3347625732422,234.4971983156802,228.4423791025512,232.37656498927853,36684400
233.2017364501953,235.66781131217894,231.65684512029483,232.02148240366125,29624300
238.11471557617188,239.10306082061462,235.5622980961346,235.64865494854968,23901100
235.26478576660156,236.61776814447018,233.67192816097048,236.57939220770857,24970200
233.249755859375,236.44509117389674,233.07702751284302,236.31075341180204,20168000
233.8268280029297,233.93262388279754,229.47961380869796,230.16246611695865,25739800
237.05836486816406,238.47217569165701,234.53851835238595,234.63470174976987,21800700
235.79844665527344,238.83766010110827,235.38489032383154,238.10671616214,21863100
241.1940155029297,241.55949482361876,238.04900607225056,238.31830198996036,21411500
242.0980987548828,243.08872621785105,241.2325067869294,242.14619045877527,17704300
241.87689208984375,243.2714634355035,241.16517303578058,241.819173240438,17771600
239.78021240234375,241.86726317029425,239.72250822888856,241.56911515709095,24426200
240.1360321044922,242.44430145913847,240.02062377319373,241.40558245087644,18270200
237.94322204589844,241.68452766984606,237.52005320809064,241.62682349539628,23213300
237.84703063964844,239.74172912294227,236.4428322679461,238.64530588633542,19406700
236.31784057617188,236.92374910031265,233.71142277848813,235.84656534581532,25307700
241.20364379882812,242.0307712219281,238.0490216910813,238.28946553877864,25281100
244.1082000732422,244.3774959981243,240.2610986600382,240.42459870903608,23079200
242.91558837890625,246.22409767473246,242.85786953493397,245.40658282034158,22455000
243.89659118652344,245.76243758892673,243.53112655730328,244.10818292342645,17937600
247.4070587158203,247.61865044725548,243.97352866576068,244.56982463133653,24563600
248.03224182128906,248.609283510247,246.80114128203925,248.12839586874716,18999700
249.95578002929688,250.01348419533974,246.98386872283527,248.04182735203915,19150500
248.48426818847656,250.05196672313224,247.83026798722594,249.84037496966238,18038900
247.54171752929688,250.6193807060856,244.69485634370264,249.48449295997696,27220000
250.92723083496094,251.74474590869687,246.22416373841554,246.28186792234422,27565500
249.513427734375,252.27371890920963,248.8594273945589,249.70579458776135,37202200
252.5910186767578,253.44698331918406,248.06106582492026,249.88843278554896,26696100
255.36093139648438,255.6302272664753,252.36979539486003,252.6775704894349,24694100
255.1301727294922,256.6305401403005,254.3222848429845,255.82265225379285,19518700
256.4958190917969,257.61148179657937,255.3224522256505,255.9860794323836,21446900
254.88967895507812,257.03444843637993,254.63963733626937,256.05344819862387,25611100
258.4482421875,258.6213546854569,255.74565612665353,256.01495201827004,19590000
261.02581787109375,261.26626170283777,257.7365626894256,258.59252746788644,19937800
260.544921875,260.9873302929651,259.2946257303389,260.3429572810892,21656500
261.2181701660156,261.44898683933064,259.2946196189184,259.3042174129385,16725300
267.0368957519531,267.3735229640247,262.0837590204918,262.3915341487316,26458000
267.0465087890625,268.6911361826912,263.81492881537,267.40236092120523,31565600
269.22979736328125,269.96075610492034,266.5560627596186,268.7200575437323,23260000
266.8157043457031,268.07562758256216,264.36315983308367,266.3155624280756,24618600
267.31585693359375,267.4216381390511,264.7960100826157,265.1807143722743,23916700
266.7196350097656,269.07596778321596,266.0079010574806,268.48929871487195,18931700
270.23974609375,272.0382619521962,266.78697486129295,266.91198104709366,26120100
271.7111511230469,272.8171868548692,269.82605039030216,271.557263551942,23113700
270.2877502441406,271.7111884591669,269.1336079777888,271.22067359330885,22604200
270.0184326171875,273.24038594694457,268.77773418312665,271.28798313803793,26186800
266.4213562011719,269.6529067683761,263.95921404966873,268.2679481392744,32935600
268.6430969238281,270.2300203759046,265.70006671057956,267.40239850810826,26259700
270.6435546875,270.75896302355244,266.69067242244347,268.23911651623393,24364300
275.2023620605469,275.4716579349154,272.58633241623176,272.99026155226005,23384100
278.59747314453125,278.90521894376,275.5486324297109,276.3853722718105,22768100
278.00115966796875,278.616709994847,275.6833068492784,277.95308263976796,23176100
275.5871276855469,278.5109037300761,272.13435756738795,278.36664329219724,33604100
275.2793273925781,279.0590972753007,272.98067033830415,277.943434405772,33566900
275.548583984375,277.58754263217537,275.144625501769,275.29851304985465,18168300
274.0193786621094,275.70248527997103,273.0576034519027,274.2694496090991,20944800
273.9328918457031,275.8083363703218,272.8941579188168,275.41400491206474,16267400
276.1448974609375,276.2507079980633,273.14416345994005,274.509897191702,17879000
275.55828857421875,276.59699312691515,273.7693710071133,275.2793654804813,16191300
278.45318603515625,278.558996585167,275.1639308070006,275.91411439860224,13900200
278.3955078125,278.4339870480046,276.6258445430264,277.4818387644274,16589300
277.3087158203125,280.4056340911744,276.8086031288222,278.6744499389659,16117600
275.49090576171875,278.1934918740184,274.29831384057627,277.7606812698353,18616600
275.9813537597656,277.62598082585407,274.93299315893137,276.231395306283,13955900
278.7321472167969,278.8860348144574,275.3947851546205,275.6737082598213,14561300
281.6559143066406,281.70399133323906,278.24159423758465,278.41473610565794,18249000
283.3390808105469,283.55067260402876,278.9341323874401,281.98297377292107,22507600
281.8770751953125,282.21370240044297,279.953524710054,281.21347728086533,20075300
280.1522521972656,284.09344038644264,279.7089674078397,281.4145875343293,21813000
285.9724426269531,286.6469859033091,278.1382656084222,278.1864346679161,29850500
293.2862548828125,294.71241765143077,287.21548370876025,288.81509036069724,40817600
293.5657958984375,294.2885083597371,290.8676811391506,292.21673851879405,22830200
291.6096496582031,294.5294067686128,291.0122120736746,293.92232360780326,18175800
291.0218505859375,293.50796840478165,289.4897037639269,293.228511364618,20006100
288.2080993652344,291.42657543670686,288.07320832644916,290.0389651127222,17666100
288.8152160644531,289.92336945539535,286.03034951661374,288.1117652440638,22605700
292.5443115234375,293.1513945858638,290.10636310625455,290.1641777400818,16348100
290.8965759277344,293.4212466452703,290.5303969246272,293.34417025857385,26285300
290.8484191894531,294.0861866329376,290.5207930363041,291.8505888037755,18983800
290.1931457519531,292.3227302959744,289.2584364332611,291.20496087003505,16285600
290.1834716796875,291.5903434617449,289.33548449908074,290.0389056864893,14747900
289.2584533691406,290.1353480932548,287.35051112759913,290.0582716965981,17180400
289.2873229980469,289.67276374560055,286.6470229996981,288.8729749296078,15046800
286.4350280761719,291.1471272624396,286.1941239314484,289.8751463205612,19927000
284.9510498046875,289.00789676784274,284.63306927340466,287.56247190206864,19633400
286.1844787597656,287.6781021035082,283.38035098235275,286.7241016921292,23652900
288.88262939453125,290.4244218394307,287.25411498430714,288.66098698942704,21853400
293.7295837402344,294.211391982283,290.8387342879429,292.2263443776221,28356300
294.1150207519531,294.2017427055618,289.8172995209801,292.7081489368997,19550800
288.9596862792969,293.4212355512948,288.6320601855472,293.103255033234,41372500
283.5923156738281,287.8515134151559,278.98623011838976,285.5484559338163,38278700
284.07415771484375,286.7144871567123,283.3707364278861,284.93179059163447,22364100
287.7167053222656,289.29705106728926,283.79480710333974,285.93403768059585,26626300
288.66094970703125,289.9521922582794,286.70480943359127,287.9767902418922,18604600
288.4586486816406,288.8922585277224,286.12668346058666,287.3794027439531,14999000
283.46710205078125,285.68340842010866,282.2818430717225,285.3654278881508,23571700
273.20458984375,280.2004563333736,272.4626155886146,279.25610140272624,43186200
273.66705322265625,276.33626002135594,272.71308241223153,274.7270371271494,26353700
271.6628112792969,277.3577596425143,271.3737086480666,275.3148971070343,32343600
278.58154296875,279.42953021502547,271.05570026891905,271.8554890446492,30086300
272.8094482421875,277.2806428364156,270.05351921774275,276.94337118609593,31350700
278.2539978027344,279.8343140699178,273.715341481542,273.715341481542,24993000
282.4455871582031,282.9466865037661,275.1221260888592,275.3822919286594,28002600
284.122314453125,285.84719612226604,283.22615821775884,284.44029494052455,20430500
284.122314453125,285.84719612226604,283.0719760578184,285.44246427651734,17685700
283.52490234375,287.1288187573514,282.0987392920623,282.26256704142725,19298600
282.2239685058594,284.690824072325,281.71325300359666,284.5944565534147,17974100
285.52923583984375,286.4639451294158,282.81182993730505,284.1801784650092,23416300
291.7348327636719,292.23590264952657,286.9938276619869,288.32362285174867,27262900
293.1417236328125,293.3730115553381,289.58597692406954,291.3397657509714,25384800
296.1097106933594,296.99622136989956,291.67706908893643,292.52505628022925,22729300
297.0155334472656,298.046580784232,296.04227134224186,297.1311627256362,17682100
296.2253112792969,298.4320009965169,294.9725923562855,297.9598089791739,16537100
299.4535217285156,299.7040420623986,295.2135849120758,295.99414145888375,16918100
297.9117736816406,299.77154704955325,296.60123954070536,299.10664910438226,17449300
296.9191589355469,298.14294131253496,295.309906430058,298.10438841823645,17554500
298.82720947265625,301.03390030968865,297.3721680152071,299.6848425910508,28107300
311.4119567871094,314.2353460702273,304.50281355306396,304.50281355306396,52588700
312.5490417480469,313.0501117800628,309.667808194034,312.5297505959251,26297900
319.5544738769531,319.92065282329474,312.11535390609777,312.33699627026226,34766000
317.3863525390625,319.429214753653,314.49550312432325,319.3039399071891,27073200
321.00958251953125,321.3179468699199,317.9934580456365,318.292176820312,26487100
321.84796142578125,322.7152105302098,318.6198397635644,321.7515938792344,21500100
324.19915771484375,324.29552525226745,317.52130201351525,320.778330690629,23992200
323.8329772949219,326.4636610780947,322.2526614356384,326.1938496188393,22570100
324.7291564941406,325.3651469944245,322.27194586748317,325.0278752948011,20897000
323.72705078125,326.3962585249897,322.3587020914844,324.8448203047502,21307400
318.7643737792969,322.45504199048236,317.91641583544316,322.3972273444752,25500900
320.33502197265625,321.62626453740313,318.4848947841872,319.197961574822,16849800
324.4689636230469,324.96041747042767,321.6455742090313,321.77084906481406,23831000
323.8426208496094,325.5867644516325,321.87683485459274,325.25913835367027,16723000
327.15740966796875,328.2752082081739,323.3029441116358,323.4667424297264,20886800
327.3795471191406,330.3432697598769,326.2983266086432,327.2057858501784,19053400
329.4549865722656,330.59415654864347,325.4486683273101,326.4719680391964,22463500
331.2314453125,333.1525711264162,330.3529756301041,330.7777450942125,21963400
328.06488037109375,337.5642399354129,327.7945753077866,332.6890561129603,31031100
325.9894104003906,327.6981513264288,322.0120507455828,325.38121647492284,30427600
326.2114562988281,326.45280122259743,322.34993751851977,324.6378826820844,21661300
318.26629638671875,326.23067700890783,316.7603067714065,322.77463147147154,24217200
324.9757080078125,327.29261293135295,323.1511265991085,323.34421428483876,28563500
319.144775390625,326.08585570049416,317.60016244351027,323.7110306026671,42885600
318.6524658203125,327.5339693788618,317.9863810414146,323.5276501773053,33337600
318.0829162597656,321.94443467534484,316.4514223722996,318.8648713820366,30766000
311.8272399902344,321.1817696501505,307.01963950096615,320.49632899700646,41779300
314.8971252441406,316.1135127790288,308.1780925192748,312.7346847030442,30032600
323.324951171875,324.17446047936613,318.6718143921365,320.1585072370792,31021900
323.37322998046875,323.884880028301,319.34758378446827,323.70145553369605,24761000
321.5679626464844,324.8405842928064,320.6218799972191,322.832607612771,22214200
330.6811218261719,331.12518817346324,323.19943025665486,323.38285472943636,38095700
327.64971923828125,331.88774838642314,327.34079080039083,328.8854035288056,28899400
316.97271728515625,323.05462611476247,312.8891511907512,321.68377419361184,44438700
323.0642395019531,323.5855526741377,313.26564359900055,317.23333915012444,35381100
313.65185546875,325.1012739148149,311.8369369373193,324.0876075634264,35034800
312.58990478515625,313.6711546916639,306.2666801473062,309.77101283249925,47750300
308.83453369140625,311.62446489459614,306.5755493846343,308.9696714904224,28326500
315.95904541015625,316.38381472096694,308.7283333654757,312.09752764718075,24740600
321.66448974609375,322.0602694505174,314.4724000480661,316.9341062072316,24831500
323.1029052734375,324.74406240118367,321.2107694796361,321.23006646593336,19617800
330.5942687988281,330.62322900952455,323.8172848853802,323.84624509607664,19947000
329.4357604980469,331.90712970709734,328.53796461701063,331.2699756899296,15661500
330.1114807128906,332.3800986179056,327.9200507320242,329.4839605661863,15042000
327.5726623535156,331.2507568274334,327.08997248070693,330.07299235933823,15994500
324.6764221191406,327.6111544209489,324.2226926014007,326.7906054612649,18000800
323.1607971191406,326.29828058631676,318.3628596847403,323.7400307283668,28865100
317.61956787109375,323.59527025765954,314.82960654307294,323.2380550401067,32674300
305.4267578125,314.7812871228152,305.04061192128523,314.5785362245669,40054300
303.0133056640625,307.66644167118665,300.7060346434731,302.30856806148427,39646100
303.167724609375,305.5425494460259,299.35446457752903,303.2739021914228,32720000
303.3898620605469,303.8242947018731,294.14153766971515,298.77534835896216,44289500
304.0752868652344,305.6488309169334,299.16150807736625,302.5306735629834,29386800
307.2513427734375,312.2134078663537,306.10253873709456,308.60289772987363,34372200
294.2476806640625,309.77100062212895,293.47538879376066,309.3751914637592,45366000
299.4607238769531,300.0592544355826,293.2340145006697,293.7167042364733,39846400
292.17205810546875,299.0745146536486,291.2935593504582,293.54290976278105,42333200
292.8285217285156,303.0422523236715,292.2203574511124,295.6860659770476,45933900
291.1585388183594,300.8605935323066,290.7144723819565,298.3699267373795,35380700
285.7813415527344,293.5815962967534,285.3758691298615,292.21077366823675,57984400
286.1094970703125,286.82386842126607,266.49297997417904,282.08388134377833,85731500
278.5023193359375,284.77728601402885,275.2972818230597,281.4274180089752,72848600
286.4378356933594,297.81967192291194,282.8852450567957,297.32731879138544,90428900
289.4593811035156,296.6611038089516,287.6155027527548,292.18175832051594,53481300
297.5878601074219,297.80024475160536,284.2559730920568,289.83586478628683,49743700
300.2137756347656,301.56530125918164,295.7633601067022,298.25405611410014,46444500
298.07061767578125,299.87587283189384,294.56628497930495,299.66348813934843,40950400
302.6078186035156,304.21035194352163,298.1863939124947,298.9104284628024,36636000
290.8205261230469,300.45502254049995,289.57517852557834,298.7752424556932,43730000
295.34820556640625,298.10917678556535,289.5848887928777,289.816570444543,35096500
290.53094482421875,297.18239363022644,289.5172787684884,295.57022651592763,28533300
294.0159912109375,294.98137075377906,289.5656056597399,290.82058728101566,32421200
300.43572998046875,301.1308043619736,296.7480028768317,299.1421250545375,31284700
291.9115295410156,298.4181795398157,290.2896986537681,293.5140634395048,45386200
284.82562255859375,293.75538439550695,284.0340041683453,292.69346087944797,39175600
284.7869567871094,286.48603416022104,281.26332745127445,283.59952937825824,36359500
290.0675048828125,290.3860670729581,286.736934680652,289.62343867620336,27058300
289.72906494140625,291.05436512263174,284.09893045059476,288.63592551544133,29982100
281.2451171875,287.1170646088115,280.53892237568306,286.6914169855192,32461600
278.5365295410156,284.27306141380194,276.9693853417557,283.489489314172,34264000
278.3333435058594,282.02872584374245,275.2183925047165,275.702080365006,41736100
271.12640380859375,282.18353159730316,270.9619664555194,280.71310149282795,37811200
284.97918701171875,285.53059821327315,262.6618238516017,263.61954581271243,56989700
287.6105041503906,287.92007149964275,282.13515343860865,285.5113151425781,32546700
289.042236328125,289.38082377748896,283.44112193232166,284.7083819245961,34627500
285.327392578125,290.1836065695197,282.6187236828731,286.73006922709993,31217800
290.3965148925781,291.63475461259384,284.118256021791,285.7240737108103,31873000
286.2658386230469,293.24060936073806,284.45682121195006,293.0084486328815,27314500
280.40350341796875,286.0143001348497,277.80128997128503,284.68900016266156,32356500
269.8107604980469,280.23906938127266,269.4431530078945,279.1169100246889,43157200
266.85052490234375,274.6959256640992,261.19137259179695,268.73688932455536,48159500
279.0879211425781,280.1520404378098,271.6197787096346,274.19300190647954,35204500
276.2728271484375,277.24988606847967,271.4262653649747,273.7866644734184,30628000
270.932861328125,280.06488834104937,270.31372684225215,278.5654386141769,27209300
267.42138671875,276.0890662106608,266.8216184054348,271.1941466911913,30660700
277.7819519042969,278.4301066725858,269.63666429329595,271.20380834794634,34245100
284.78570556640625,284.95982608211176,273.96077067732267,279.67793426336954,37826300
285.58868408203125,285.96594529158506,279.9295297629921,283.7216558783688,30816600
290.6286926269531,291.1801038956817,283.1799169846614,285.73377364082944,43390600
289.4000549316406,290.348093539092,285.27902590005374,289.1388741774251,28351200
294.1402282714844,295.04956371485423,289.02280298221535,290.01919868863627,27599700
289.7193298339844,293.3373349131294,288.0070855267432,290.7060719110069,25715400
294.1789855957031,294.2757290797384,288.5875546732744,289.3808099116107,24484500
293.7725830078125,295.5332134926127,289.5258199394837,295.27203273707045,22566500
300.56365966796875,300.6603736261478,294.4014512941623,294.4014512941623,29578200
305.1199645996094,305.51659216822173,298.967439967182,303.66890108993795,30393400
303.6205139160156,305.6423550476428,301.41489856711223,303.52379996649006,28163600
298.2515563964844,304.8587480003614,297.8452751937795,303.6591822316137,33422100
299.3253173828125,300.0121456693092,295.57189600541363,299.27693089832644,27110500
304.6943054199219,304.8297226576166,299.60590012472653,299.97350759012323,24289600
300.73779296875,304.59761295783267,299.76073396521116,303.0498057758005,23156700
289.72906494140625,296.98438376297736,287.0300780736308,295.23343584912897,40110400
291.5379943847656,293.7436096818607,286.6817792585373,286.9816633477329,31411200
287.2815246582031,291.2961273756615,286.6140331520905,290.6383190722913,24361900
275.95355224609375,283.06373875112814,275.7020251620772,282.2705132557711,34569300
272.8579406738281,281.2547532210791,271.3391540006482,279.80368992052826,30966700
278.236572265625,279.16524459856345,272.122751236361,273.5061208154424,21907200
270.7007141113281,278.9040702197633,270.2073726066549,278.6912463967013,28221600
271.3681945800781,273.2449056189471,269.25932284261444,269.81073402373755,20778000
275.99224853515625,276.8338901106772,269.3270459623916,270.26540148092727,22297700
277.0177001953125,280.2487611166092,276.0600076685243,279.9585306840921,22906700
271.6487121582031,283.7312227224096,270.9231805322284,279.1652091753969,29454600
265.0899658203125,273.96081411049454,264.46117751038287,272.4903841306375,29405800
271.56170654296875,271.93896771296136,261.9363065596579,264.37411220746367,35678900
261.40423583984375,269.2786578732366,261.1914120269434,268.4467290276918,46518400
273.98016357421875,281.47732570453576,270.0526203554486,272.89670744793256,63477700
280.1809387207031,281.48690140062206,272.27746880062506,275.88578963054323,33646600
268.466064453125,280.4228421568128,267.47935197429007,279.1942562573067,37073900
275.1893310546875,275.64399875590436,267.2084825593842,268.64986271938767,35151100
272.58709716796875,274.8604357472129,271.01027020615345,274.69596890447576,25978600
280.5196838378906,281.3903162736888,267.70195271839185,273.37076151843183,33599300
268.3016052246094,277.0079848672341,265.3897954748828,276.22441306115445,43260400
265.76708984375,270.1396166091243,262.4199492559165,265.8444668964473,37780300
255.94822692871094,263.4744080237602,254.72935373016503,261.2494559206379,47726000
260.70770263671875,264.819048596667,256.4222361684426,262.82625738724875,39336400
252.04971313476562,262.507041521962,250.84049357545095,257.01235492970693,48975900
247.01937866210938,251.4015891851371,241.86326466522425,249.28303414533278,51033800
252.60110473632812,254.45847882495977,247.0193583116015,248.95410945636132,34925100
252.96873474121094,257.14780467191986,247.43534479276178,251.47896796071555,32550900
258.11517333984375,259.5758904699336,253.8974002308721,257.42831538498064,28828800
246.36325073242188,255.59411968175985,245.09303956011053,255.01233656992056,31356000
245.4518280029297,249.8442599742027,244.23010107031448,246.1887405470746,32692300
244.88938903808594,250.6877785338064,238.95526692986724,249.42724363958078,39199300
252.7337188720703,253.55790919869958,245.73299835989616,247.73044594268052,33175400
251.7349853515625,253.3930420574841,245.80086274871203,250.05754672530148,29043900
254.5469512939453,256.54438432821877,249.32066725672652,250.30000184980992,28547900
257.8242492675781,258.9974916357113,253.49000806634814,254.3044925724609,25002100
264.9413146972656,265.0382834774228,259.4338312366583,260.32590258710013,26910800
263.6129150390625,266.42483197869467,260.76220467116406,264.2528734472352,37827700
264.1463623046875,269.2562968129183,261.8386404007346,266.8419299156095,25292200
266.2406311035156,266.30851221318625,253.65486971991317,256.4183173881909,44008200
261.819091796875,265.14494022982973,260.25800402669876,262.1002923632558,28059000
260.58770751953125,265.85278414550214,259.10417682407206,263.7971760802352,22400300
264.2239074707031,264.8347784867117,257.8631434782998,258.54189562736025,22860700
262.197265625,264.708600074824,261.42154501320846,263.45777093192714,17372300
256.7480163574219,264.42745982638615,256.59287219967115,259.647196979162,26439700
245.306396484375,252.66586076150946,244.86036072451404,252.66586076150946,31422800
234.90223693847656,241.4569362354191,234.19441215005645,237.66568457400948,46135800
237.06454467773438,238.27658064725975,234.17504027372604,236.4536738145781,28651500
244.11370849609375,247.54620227137175,238.9358949520811,240.76849254553994,33111700
237.5299530029297,239.90554045067185,235.6391799239251,238.5092727014499,33169200
240.12855529785156,242.892003168209,236.61850393867869,237.26815342919429,43084800
246.03359985351562,247.0129195467826,241.9320596633375,242.65928121254296,29928300
245.442138671875,249.35944724213846,242.76595376071094,244.23979365415195,25939900
250.99807739257812,251.4925975110486,245.92693810206876,247.80802019464696,25861400
259.56964111328125,259.84113599314713,253.77125024741073,253.85851328836165,33923200
256.8449401855469,260.1513477506031,255.2838227151279,260.0640847254071,24615100
248.6903839111328,258.8036043245108,248.53523976557486,255.9625992863611,27295500
252.35560607910156,254.01366307535287,247.9922615951773,249.76668411063616,20069800
249.0297393798828,251.64774884681984,245.21910548593416,249.24305888897192,31730900
251.69613647460938,251.88036824476313,246.87709675793013,248.60304898626984,22837700
254.8668975830078,254.99295404252342,247.00320860845787,248.38007952148388,22941000
258.1248474121094,259.8507853109402,254.430564439945,255.73956910040374,23824400
260.24835205078125,260.8883105802799,256.97100212276746,257.067970916459,20859900
259.5308532714844,259.95749231914675,255.29358006652834,256.74802329517996,19658800
256.4765319824219,258.43517157163143,254.2172802316378,257.58189346441975,19455200
245.96571350097656,257.8630619352438,244.3852139665222,257.8048865798043,35868500
245.04457092285156,245.84936453464945,240.57458193875394,242.59141144867633,29497400
246.36325073242188,247.39105474069336,238.47047406309875,242.95985947563167,25102800
248.92308044433594,252.4622192726145,247.0323074429904,247.95345174668594,29774100
246.5281219482422,252.91797217764622,245.60697754900244,251.86108033846966,20975000
251.6477508544922,251.8319826861172,245.975416691355,249.7569629365393,25012600
254.3045196533203,256.8255603020686,251.04658128193176,252.00650426801573,22788300
256.7964782714844,256.8449774641106,249.2236799929457,251.89986485024778,22404700
252.45249938964844,257.27155493092874,251.20169974499134,257.18429190390975,21881300
250.9689483642578,253.55786965174494,249.01030931635506,253.07305536942803,21056000
244.24948120117188,251.98712943704783,241.9902591873935,251.9677179235894,39348000
260.5779724121094,261.8481834714514,250.98836124274186,253.22820087200702,45994000
268.01507568359375,269.40163763919867,259.734438202384,261.55734491443076,33459300
272.2135925292969,273.43533434326656,268.22843217911804,269.26594214524397,32152800
269.5664978027344,272.7371731572371,267.4623903988592,269.3822659732868,21539600
266.473388671875,269.45015613104664,264.10749207919315,267.61754353157727,22754200
273.8909912109375,274.8897074830674,268.208952240517,268.35442020276383,23518900
275.0351867675781,275.18062516074315,271.6608976832657,273.2413676766203,18098700
274.3176574707031,275.03517323549517,270.2161174409248,270.67184411090017,16774600
271.80633544921875,277.23626231037696,270.83670670939483,275.4230317107007,18739200
273.72613525390625,274.48244435979353,269.1785748637903,271.14694928077154,23405200
280.3778381347656,281.0080908709291,278.2252612395024,279.4179151918508,24687800
278.3028259277344,282.3655726517332,277.80833539979704,282.01652051436565,20065900
283.0443420410156,283.0443420410156,278.2252857983071,279.71852241187486,22619700
284.5569763183594,285.2454045080501,281.29900803496633,282.16199190447594,18085700
283.820068359375,285.10969137320546,281.59963947332545,283.12193436448484,18102900
283.07183837890625,285.0443616245307,281.2742116606303,281.536556451653,18253400
281.9543762207031,283.64510179006146,280.89521149700556,281.9737992817374,17186200
278.0481872558594,281.06042243303864,277.4748955705993,280.7203261035374,20570000
269.88604736328125,274.4626845439324,269.3710544716456,274.0934387624706,25061100
268.6131286621094,270.96459435110165,267.6025659844231,268.6131286621094,17527400
267.9814758300781,269.3807070113778,267.3207063558082,267.6122301498013,18137000
270.9549255371094,271.1200957209209,266.7475042264658,269.4779423207206,16583400
260.4995422363281,272.40270697945806,260.3926709090645,271.1783719738918,27549300
257.72052001953125,259.82906392811554,256.3795873901303,258.3229611362696,20338500
255.52444458007812,259.48891314277694,253.27985074655712,259.11969711744905,22767100
254.06698608398438,259.54728502076154,253.93093567831625,257.8760119467737,24791800
253.02728271484375,253.5034294976654,248.17857419191103,251.54060282714602,23263400
248.8101348876953,257.2443697118644,247.265156339412,254.29046300933095,22855400
246.07969665527344,250.53000941495102,244.80678924426493,248.94618474623337,21328200
250.7826690673828,251.501707885987,246.05055859753543,247.4886510615093,24126700
251.20050048828125,253.05642612748184,247.5761123040182,250.21911682986428,20319900
256.9722595214844,257.72047726789003,252.92034253890802,253.12438844541632,22084700
259.1003112792969,259.8776786073918,257.65250725767163,258.254948403488,18747700
244.8553924560547,253.0272681898394,244.4667087917609,251.51143896600806,33353300
245.07887268066406,247.03195802459214,242.78569098884205,246.35178015556986,23913000
238.43252563476562,244.28206983666107,237.111030916621,242.69823034248557,31530900
237.81065368652344,238.3547959701018,235.2065251235573,237.34423330622892,39791800
237.59689331054688,238.19933446520724,234.0308040411177,235.60493213001268,26826900
235.58547973632812,236.6154654509246,232.85504199150714,235.21624880625103,26660300
232.18458557128906,240.64798513191113,232.13599826014462,237.35396708033133,28625600
234.15708923339844,236.9555520614077,230.8436483959942,231.13514258494146,31061200
231.1837158203125,234.30283689307328,228.54072660512506,232.75784365187135,34176000
230.72703552246094,234.61378285432556,230.19260479897667,230.33836671998023,27694200
229.71652221679688,234.95391443946426,227.86059652886274,233.18543702119823,27018700
234.24456787109375,235.46888802626256,228.0840616627681,230.10517219200622,29029700
230.77565002441406,233.15628008036532,227.77314091515188,232.1262942883284,27484200
226.3058624267578,233.7295494002438,226.14067744074515,231.5432539781558,35694800
233.92388916015625,234.76925194456734,228.01603154626426,228.74479665745017,28880400
241.8334197998047,243.27151213771026,238.04383231681499,238.15071845977334,34888400
242.14437866210938,243.48531136271737,237.18878424235803,239.0252719369114,20347100
239.80259704589844,243.25208841301955,239.11270766853326,240.91031948888858,20239900
227.60792541503906,234.48746986052475,226.56821340371297,234.0793483497187,37769600
222.7592010498047,227.91885563531727,220.3105461386793,226.45161389079223,29743600
219.02792358398438,222.5745744479787,217.7647277876426,221.17534309367792,30474000
219.35830688476562,221.40856673598395,217.6189939430992,219.01821055578878,21903900
227.60792541503906,229.41526348823245,212.92573701301367,213.62535270758946,42551800
222.08876037597656,230.5230105633838,221.87498806713398,228.87113093564267,30198600
230.80474853515625,232.19426827345444,228.48241783603675,229.1431725244845,28142300
231.747314453125,237.02356694835538,228.7059298585046,236.3531154742312,26329600
229.7845001220703,232.8258846804723,227.65650356694331,230.32864238101766,19985700
229.46385192871094,234.47775981300623,228.22009390223283,229.09462099466492,21811000
235.26483154296875,236.1199207742884,227.86058198177213,228.09379217943177,26299700
240.24957275390625,240.8228644348146,234.4680389836242,236.85838032259602,24911200
243.5630340576172,243.93226498550914,238.86978470276068,240.2592898081023,34775500
224.7706298828125,231.55300056663893,223.54629485034351,224.62486794587923,82543200
220.33001708984375,227.07352693116061,219.38747955716596,224.49854760384136,40424600
229.19180297851562,229.90114514841537,219.64984455522253,219.8344674535042,40647700
225.5576629638672,228.2686626281402,224.60539921895975,227.14150237504404,28357300
221.70980834960938,229.06548563639697,220.89359487464492,227.95776311272633,30592300
213.86830139160156,224.7511921525638,213.80998772072712,222.9632917416644,38407000
208.1838836669922,214.16947753294704,207.92152409617492,213.85853065986538,36633900
215.12176513671875,215.31609955402047,207.3871307832787,211.39049094816932,36789100
221.41827392578125,221.9429931186714,215.01486125373305,215.7047654290473,33498000
222.3899688720703,225.091257180639,219.44575884635148,222.22478388362,28192500
218.15341186523438,222.15677181548412,217.97851534706965,220.93243688127146,27852900
236.10047912597656,236.44057547213717,228.34642180511014,228.764240055821,46268000
240.11354064941406,240.9686298310699,235.0801950029828,236.1101955294159,34620200
234.7109375,237.00411882377543,232.43719406272422,235.13848204241353,31123300
235.11904907226562,240.00663234232658,233.23397436498706,238.70457562812342,31390100
235.54782104492188,237.5648885308963,234.271326294768,236.58070947272424,24093300
235.4990692138672,237.02892387588912,231.5526591490044,231.69881697787037,23123500
235.0508575439453,237.50641331153858,232.9168638897255,237.2822848010197,27613500
235.859619140625,238.41260836887963,235.02161288629395,235.25546541495947,26394700
238.763427734375,239.0362656262226,234.55391821119068,237.36025293713024,19665700
241.24819946289062,241.93029414801862,238.02285434078252,238.84136796293612,19508500
241.1605224609375,242.33956874564888,240.4199497182592,240.9851181755742,9200800
235.57704162597656,240.34198047417644,234.64160171816698,239.78656581676748,24778200
234.1836395263672,236.5807174931827,232.11786260072932,235.22626688973236,17956300
248.61485290527344,248.79999607817797,233.72563656132382,234.41748501766983,47594200
248.17637634277344,249.56979735290415,244.50278888285192,247.37734047819936,26041500
248.49794006347656,249.51133581657106,243.30425151606138,243.4309315609044,21528500
243.80117797851562,247.32860725398484,241.71590868022093,245.56488518197608,23435300
238.8511199951172,245.4187517382797,237.54539368771614,244.4053559887348,22463700
238.1202850341797,239.8645144954358,236.0155378698541,238.56852717524598,20481500
241.07278442382812,242.3785254696705,236.8437826963573,238.57825833331165,22611800
239.14344787597656,241.95953631031935,237.91567738898425,238.44186049239534,20609700
246.05213928222656,246.08137085318384,240.84871149211713,241.12154940008574,30665100
250.34934997558594,257.1703267708484,246.59780679077178,254.9973477435735,42196900
250.64163208007812,255.87429024836365,247.80605139518312,250.5539373871962,35410900
242.64161682128906,247.69888605332656,241.01432850057725,247.2311661145022,35560400
238.43211364746094,243.45039767115878,237.28228413602537,242.19339565744826,86102000
234.300537109375,238.93881059195638,232.60504677186884,238.5977558234553,29696400
235.61602783203125,236.69764045155708,232.32246573736623,233.2773983167744,25150800
238.1787567138672,239.33832514030232,233.9692473656318,235.5088410448142,23690600
232.09835815429688,235.8011771653982,227.88883383804284,235.08983601075406,28651700
232.62452697753906,232.7609459126413,227.95703674860303,230.07153767696204,21207000
230.89984130859375,232.81944560087155,229.79873588689108,232.59533192984796,16688600
228.53195190429688,233.5892213133109,228.18115822076558,230.83159608110222,17457100
234.84622192382812,235.73295246137508,229.62330203859167,229.62330203859167,19770700
233.68667602539062,233.82309496882053,230.60748859534408,232.11785074167162,21938500
233.4528045654297,239.46500660940322,231.32854977617055,236.86329296068058,25740000
223.2407989501953,226.91437091450726,220.1811046954011,226.33946366728142,50623400
216.6244659423828,221.7304593927792,216.0885291034545,221.3894046220388,39585600
219.17745971679688,219.98623444144232,213.74018002094996,217.2968261609176,43613600
221.31146240234375,225.3261046224166,220.61962878753835,220.65859925614794,27369800
222.99722290039062,225.39430067277652,221.516092367223,221.93508808498302,27033900
229.74024963378906,229.91563904515138,225.1994243157805,225.37481372714282,28669300
232.41017150878906,233.76462207264603,227.58676927741644,229.2432893034318,27269500
233.11172485351562,233.24814377999738,228.91195482909734,230.93876092864622,21333300
234.20309448242188,234.74877019615067,231.0264589269251,231.8839578305264,29831300
229.7792205810547,236.1812017430098,229.49664379486572,235.39191965313583,30028700
225.99844360351562,229.49664158993286,224.78041202749904,227.80113628343994,28623000
234.07643127441406,234.58313656009622,228.51245663723557,228.85351141709936,35389800
236.3760528564453,238.89981040711766,233.52097945722034,234.9339078087108,31934000
235.84988403320312,237.7110398533446,234.29081253406932,236.29812619619068,40234400
234.45645141601562,237.07765762154605,224.9947760426561,228.48322009420318,66526600
241.657470703125,241.95954016253594,235.81091899256552,237.41871476554942,33454500
241.8133544921875,243.44064274681827,240.5173672279143,242.62212916997672,26498900
236.5027618408203,239.31885025276583,236.00579544141553,238.25671541727394,25867400
241.47232055664062,241.60873949787776,236.73661321290928,237.22382584140612,26541100
246.28599548339844,248.65384183422793,239.1921804627177,241.65747529132665,31259900
257.8329162597656,257.92061096012765,250.6708850258921,252.20073974099043,39940400
251.74273681640625,257.44312974111796,250.52470541100183,252.90230509331886,29077300
250.203125,251.69399423007144,248.26402854533762,250.85600290857124,22518000
260.7172546386719,261.89630103268723,253.42854202536165,253.86704534514652,50841400
259.90850830078125,269.6819942739038,259.4017880402651,266.2130420866827,54686000
256.8779296875,266.9729887774278,256.07889400099884,266.79756966634966,42375100
256.371337890625,257.3360095553817,253.99373745030576,254.84148282080156,25818500
264.3810729980469,267.5771867135627,260.3177065131593,260.7951951195851,44630900
265.2093505859375,267.9377295681392,262.39324715689656,265.69656324255214,37047900
263.0894775390625,264.46686175376715,260.0221049308035,262.11261183883863,28922400
256.0853576660156,260.56916800834415,255.84114122158655,257.91209190049267,29603600
252.0899658203125,254.0730020433987,250.07762481803098,253.38921392498247,30000100
246.82472229003906,249.57949147395604,245.7697052561427,248.5928473067925,28397400
245.69154357910156,248.4560759372167,244.54861223485597,248.21185945581914,22491100
248.87612915039062,250.89823380940385,244.68536609831472,249.6478466517071,29219100
243.45449829101562,245.19331823985505,242.36041335398122,244.177384356293,24990900
244.3727569580078,246.97122361499612,243.62056610345024,246.61955132378125,21190000
243.64988708496094,245.6720066203372,242.9758472398355,243.30799296891402,22491000
240.57278442382812,245.12496847434377,240.10387803031043,244.9589030496448,27565300
245.30079650878906,245.5840810609681,239.9280340639678,240.8462903940092,24808200
249.3841094970703,249.70647705919302,245.57433813705987,246.35583390228538,30760100
250.92750549316406,254.1023192446913,250.05809555436198,250.49768216956957,24109800
248.27047729492188,251.72859113392445,247.52806453283253,250.37073314257202,21473200
247.83087158203125,248.65143534651415,245.00772977586786,248.1630024049233,17340200
246.48281860351562,253.55531839675493,245.75993244925678,249.90184935839267,26653400
242.83908081054688,246.94191444562173,241.8719931478548,245.2714821705408,28333900
248.04579162597656,251.94349199727765,240.04525738823747,241.67662167942007,33339700
254.75686645507812,255.03038771466515,249.94090981618157,250.81031987110978,33620300
259.29925537109375,260.3152041308793,253.21337082147616,253.96557655248083,46028000
269.8103332519531,270.1619906139307,257.18921458978684,259.0745583407351,54768800
272.9656066894531,276.7753773938965,269.9275683237235,271.8226903839095,69527400
265.93218994140625,271.06073543914164,263.60724454591366,270.5723025345954,43466600
267.4463806152344,268.6381583648071,263.2849217859486,268.52093921101067,34558700
265.9908447265625,274.538422009309,265.8833739672702,267.07515164944215,34873300
271.236572265625,274.55791015384574,268.8334906504202,271.5100935079119,36610900
274.0792541503906,274.1378637154936,268.9116255422268,270.82627422927686,28172000
269.9862060546875,274.9486717802247,269.1460858667074,274.0108888501196,26840200
268.8628234863281,269.75177506940884,265.756367139309,269.40986602798046,21878600
274.0207214355469,274.63615185330787,271.9692966468728,272.50656108152157,25087000
277.478759765625,277.8792783804837,274.9682369436602,277.65461829253616,25053400
281.6304626464844,282.57802388172956,276.4530846466407,277.16620757595643,32766000
280.585205078125,281.60112415662576,277.3810860970175,279.89160882011697,24883300
280.5363464355469,283.7307170583828,279.0612991751383,280.585207618267,25824300
277.7620849609375,280.5070761358077,276.3749518849941,279.2371622142725,22064800
284.8541259765625,285.3230025679542,275.5055113851009,276.6582060877172,29770300
282.69525146484375,282.9003849670169,278.123496163904,282.5193929371124,23103000
276.2869873046875,279.36413893859026,275.1245442349261,279.1394490348436,27276600
276.9316711425781,280.3702577764048,275.4370676878089,278.20161454678106,27403400
283.1348571777344,283.1934667568059,276.6191772077297,277.0294442612303,24222700
279.5204162597656,281.8062788337825,277.1270829372931,280.36050660414264,20987900
282.1188659667969,284.85410843164084,279.53995543823305,283.22272922701467,23836200
281.69879150390625,285.01038094044696,280.37026829939435,284.82477404987856,20161800
281.77691650390625,282.3630120609477,277.9573681287882,279.37380547373783,17150300
279.4911193847656,282.3435812467073,278.4849485884654,278.6510289270091,23244400
279.149169921875,279.64735118903843,276.51162043764214,278.4165205997633,21676400
275.2514953613281,278.35795159650013,272.27206627525993,275.564099605755,26611000
269.0483703613281,275.0853933705517,268.999509188266,273.04374758827026,45772200
288.5368957519531,292.6397447358396,285.957985102446,289.83614418187,64599200
297.778076171875,298.1395416657845,288.4197121758665,289.1230569509434,46462600
300.15185546875,301.78320498757233,296.2932228599409,296.9770409817703,36469600
298.4910888671875,301.46076902162355,298.09057034211753,299.86847311830843,21294100
298.3446044921875,302.02737803508757,296.8793057090036,300.640245214825,26404400
297.3580017089844,301.47059918400157,297.05517563669,299.5266454015473,22360800
298.3446044921875,300.640245214825,296.38109458301545,299.15539003512066,22519900
303.46337890625,304.7528490194279,297.2309698374708,298.6474372845863,28197100
301.5096435546875,303.02380353381574,299.00886932285215,302.95541576842186,21318600
299.8977966308594,302.86747697079767,299.223756852854,300.8746624179306,21340800
305.0849914550781,305.75903132119197,300.55234911259487,301.4803538446717,30078000
302.93585205078125,303.922496091225,299.17494240713177,302.92610366423224,31680200
301.82220458984375,303.46333185493665,299.5070375888062,303.3656393200101,19774700
302.30084228515625,302.7306655654427,300.4741082497261,301.9491849530534,16336500
304.52813720703125,306.4525640397429,302.66231993782725,302.66231993782725,26730300
307.4064636230469,307.8274270875237,304.2149092490743,305.7323794637119,24315000
311.8315124511719,312.3406122958503,307.1323177228801,307.9253064598199,27276000
311.6553039550781,312.05669811668946,309.7266699904712,310.0888957303577,27546700
314.4356994628906,315.8160951844515,311.3322813908734,311.90988869959654,24115700
308.6399841308594,315.94332604860966,308.63018455651456,313.3098099504378,30797200
307.2596130371094,309.8539609209706,306.04563091509715,308.1211390989395,23384900
319.07611083984375,320.03551297467794,313.28041010709336,316.4523646988683,43301700
325.8997497558594,326.3990200914225,317.07893868101803,317.2159833240213,36630600
324.25506591796875,328.6899413465032,323.5795525189351,328.19067091699185,29503100
321.4942626953125,328.88571082280095,320.4564937937518,325.31236192591416,45950600
325.59625244140625,326.5263156649062,317.9013162515011,319.08589950715634,26773900
328.3570861816406,330.4129952384752,325.5669260242761,327.2312404695121,25873800
328.8857421875,331.45072114916485,327.6326215544442,328.18085996410906,21307100
326.6732177734375,328.3277327209836,325.1949458046118,328.2885642949618,20396200
316.5895080566406,327.4662003191764,315.72798196124086,324.6858396601391,40717100
318.4300537109375,319.7810806302074,316.5601571652422,317.1377644945266,23277700
319.9278869628906,323.06067362544843,317.59785876983193,318.16566645574613,22529000
324.881591796875,325.1263421252022,318.3320706206992,321.6802383812358,24260300
327.2703857421875,329.90390189326365,323.4522862648796,327.44659882342825,22951300
330.2563171386719,331.9206314111561,325.82144214687054,327.3193130414061,26003800
340.79034423828125,342.49379686840723,330.11923649037317,330.3933556478273,38899100
335.1415100097656,344.08959644957883,334.76951460321436,343.9427522263679,46552000
330.9513854980469,334.89675963715365,328.8073702091856,332.1849367263642,26375400
326.5556945800781,330.6381434386612,325.0969920993696,329.30668603957923,25117800
332.5765686035156,332.9779627764546,326.34033425250004,327.1039541755478,23556800
327.9850158691406,330.86328217867896,326.44800648245837,327.33887140406574,23146900
321.6998596191406,329.0521396707675,321.59215393137123,326.7123419071995,21520600
327.5444641113281,329.0912729817788,322.3851082652234,324.89134914186997,24354100
328.7976379394531,330.88291577640626,326.80046664644476,327.6326238415943,20259500
328.014404296875,329.05214338180554,325.6354380857654,327.6815474089493,16997000
333.3891906738281,335.53320642291396,330.1193291362637,330.6577680291321,26832800
330.8927307128906,333.7416288636086,329.5025652160325,332.06754454627674,12508700
331.0492858886719,334.47579046215725,327.7011181507027,328.05354428027886,18172400
334.1037902832031,335.78767385230776,328.45496307477555,330.21715360852994,28161200
330.13885498046875,334.61289857162126,329.92347347630437,332.19476390626494,21214800
324.86199951171875,328.1906279486803,320.7110434161663,327.5738523279874,32791400
325.4885559082031,325.8703508704989,320.13341772549273,324.1081605217917,26698200
330.11932373046875,334.47586255833005,328.62145260340657,329.5319168444775,29995300
335.4645690917969,336.5218772871451,331.9009902308977,332.4296592669453,20567200
337.99041748046875,344.0504382444472,337.07995339278386,340.29107663490123,28352700
338.4701843261719,339.70370584522345,335.01431037964596,338.42121632729265,20363900
351.941162109375,359.0780898369436,334.98488257273925,338.5680009815039,64738600
347.62384033203125,354.84887620014064,345.039291901566,354.15379349891674,39732900
339.5862121582031,350.4531337158096,338.11771005249284,346.1455335144098,33778400
336.55133056640625,342.9442090840303,332.6940623159266,341.81836334887606,69405400
337.8631896972656,339.63520987985777,335.1219974773937,338.5876711156817,26678100
343.60992431640625,344.5008191812914,337.82402242034016,339.8211637778006,41637700
330.67724609375,337.43237871487065,326.1150966195682,334.2701938774004,58383700
323.7753601074219,334.1625511308161,322.14041454334006,333.3304238013421,39635300
331.2646789550781,332.8702554950669,326.1738899082172,326.66339057868936,28484900
328.86614990234375,330.6087711275723,326.35987893485446,329.8451512620621,25446000
329.27734375,331.431158888361,326.69279546072005,328.151498059074,18311900
320.6229248046875,326.62420753627333,319.50684898513873,326.62420753627333,27761300
319.80059814453125,322.9529838203489,319.1055155220307,319.154453640907,18253700
320.89703369140625,328.1024985432112,320.36836464241367,324.9109448563175,23741500
323.1781921386719,324.1571937032398,320.6425816716518,321.4747389768859,17741500
319.20343017578125,321.8467462017524,316.2174875229385,320.0943251345085,22327600
315.463623046875,320.24112464866727,314.3083787208824,319.614579306117,22373300
316.14892578125,321.3670201533067,314.4356732724542,319.1740366258562,20113700
314.2692565917969,315.63985260966695,312.5070361030333,313.53500552400016,24355500
317.2356262207031,317.25519549333154,313.3587591141242,314.64127845171237,18836100
315.1013488769531,318.26353387975075,314.1615159801267,316.2174247167932,16966300
314.3361511230469,318.2800883607637,313.7475006460735,314.72857479436016,20698900
310.88275146484375,315.77830142047725,310.2254186741254,314.47348610040007,21257200
310.4903869628906,312.3544220351469,305.65366819423417,308.538028861624,24755000
315.7881774902344,316.66131798487817,311.03978181664064,311.9129223112844,24040000
316.357177734375,319.9086615433213,315.3761035356602,319.33965168167043,16084600
320.811279296875,322.96965461983046,317.3382680735776,317.69147037188395,21166400
313.91424560546875,326.67802778915836,313.9044252847735,326.55048338012807,23281400
316.8673095703125,319.20224067535247,312.76639725943465,315.3858781640861,21684100
317.5736999511719,319.97731354583135,315.63116244372804,319.49659681490056,14808500
322.194580078125,322.7537995550599,315.7881667802801,315.7881667802801,19284600
322.5673522949219,323.5680370692741,320.2716425608164,322.44962819676334,15222100
321.556884765625,324.6472624633452,320.5954212849975,322.9696339885842,26411000
322.4397888183594,325.70675210919285,320.5953648828727,325.03962896571977,14942000
327.2372741699219,328.51268854222997,322.4398370951833,322.77339871686183,18553900
326.5799560546875,328.13003998213503,323.9310439692956,327.0704931119819,17535800
323.66619873046875,326.7761872339446,322.8028486285546,325.0200859411969,18381000
327.9436340332031,329.79787848396427,323.2246699296337,323.8427514132207,19530100
331.544189453125,332.01511580762883,329.08168383895804,330.85742559530763,16583300
325.490966796875,330.41597829482106,325.2064768442106,329.46433515175244,17565500
329.6998291015625,330.47488618702863,324.90239131079244,325.039726144919,16544400
332.2898254394531,334.40891924896704,330.20013271673093,332.7312908414323,20267000
323.9703063964844,331.0144115945299,323.4110869464427,330.54351516502703,37679800
322.8322448730469,324.14688059021836,320.1833327948617,321.59608191122635,16834200
322.4300231933594,323.15603844559445,318.36839165791633,319.9969783891352,16505900
314.6990966796875,323.35217655843377,314.4440377985017,323.27370381191565,21436500
313.48260498046875,319.1924634099481,309.0383405191742,313.21772575271143,35560400
311.0103454589844,315.3663173545135,310.166606068044,315.23877291658,21447900
311.5303039550781,311.6578483890655,309.0383671510389,310.59827150671464,17836000
306.23248291015625,309.9016904509528,304.15258067558153,309.1658848784398,26297600
306.8702087402344,308.35161042949267,303.82887271896175,306.3894620209308,19410100
307.7041320800781,309.50930504825243,303.59342871178666,305.1042614505791,19683600
309.7741394042969,313.4237361635249,309.01872314440465,311.7362875557097,24147300
315.70965576171875,315.7979787841784,309.21494955018176,310.294137124608,20570000
307.4588623046875,315.30745601689233,305.3200977637049,314.75802691222975,21033500
312.9234313964844,313.9830083427308,308.0573115463436,308.086742575961,20720100
313.31585693359375,313.92414811592056,308.9402741782087,313.0509776654909,16965600
321.0663146972656,322.9597804960645,310.31372116687385,310.5589896881692,25673600
323.577880859375,324.04877728616253,317.063534182084,318.6038277713841,19891200
322.17498779296875,324.83369063109717,321.46861313435045,324.6963258646944,20557100
326.128662109375,326.5210857572993,322.91074029238723,324.9415409038971,20063200
324.89251708984375,327.3157714229003,322.4986937835042,324.313686937738,19313100
321.5274353027344,327.5119635418574,320.1833385954494,326.0894240178062,21072400
326.3445129394531,329.7782723940854,324.34311333126567,324.78457872571454,22158000
325.7754821777344,327.1489800095309,321.2134933356926,323.3522278123477,18338500
323.8623962402344,329.23869374170175,322.0866542980727,326.1973576731345,23153600
325.04949951171875,330.5042694735543,324.6472555112947,325.86377789501114,25052100
320.48748779296875,325.63812679181063,319.2905761994472,325.441899996805,25027700
323.08734130859375,326.4328077015871,318.25065300887303,319.31019990102027,24374700
324.2744140625,325.55961871050516,321.39987419726737,325.02983032476106,31153600
334.2225341796875,339.64787287454516,331.2302401447983,338.4901826566504,55053800
321.6844177246094,335.1643669777935,320.75238530520863,334.0949997460641,37828500
323.56805419921875,330.3472799837888,322.1847360926127,324.1763153652428,29856500
330.9261779785156,333.0256914040032,325.549879902231,327.0999941012384,22828100
331.7109680175781,332.5841383863149,328.355711175483,332.4369832511366,20265300
339.52032470703125,340.8447807446002,333.2218157421507,333.35918048886424,28158800
341.7277526855469,342.22808013928716,338.244921513789,340.66817584467145,24348100
346.1229553222656,347.6828896003234,340.75647841286957,343.01296696867126,23637700
349.78240966796875,350.77330426538856,346.66260066264067,346.7607140780306,23828300
353.7066955566406,355.6001616596292,350.86158624054224,352.5980768718827,25833900
356.3261413574219,356.9834442680157,353.7262709217689,354.8348894957631,26767800
353.8636169433594,357.88602671202375,353.53984572631765,355.4431318616368,24847300
362.6737060546875,363.09556076737016,354.236462100994,354.64849649105355,28042100
359.74029541015625,361.49642668428953,358.97505869997684,361.2511581241037,19986500
363.2623596191406,364.91058714916625,360.3976395136401,363.98837493903653,27683900
363.4098205566406,366.81121863639925,360.89314538692616,364.99254154145893,26860100
369.7997131347656,369.97665770103697,363.91113117269197,364.6779209606421,27182300
363.5867004394531,368.0301447124906,360.78495838643414,367.28300549814645,40157000
371.0482177734375,372.45399413615905,364.7172740131472,364.9335496074717,52465100
366.752197265625,369.8488471174716,364.8352078331243,369.30817317536815,28423100
371.4512634277344,373.35841268345206,368.62003030581224,371.5987172360064,23345300
371.03839111328125,371.56925486439644,368.7871927998492,370.9400785666633,10176600
372.1983642578125,374.1940157538783,369.8292031236525,370.39936783626126,22179200
376.2190856933594,376.51399327002497,371.7559610282717,371.9427458270835,20453100
372.434326171875,377.792014506202,371.0482003824139,377.2611808001932,28963400
372.4932861328125,373.653296016865,369.1115390125993,372.0803854957098,30554400
368.1678466796875,371.75602952719976,365.0220252786822,370.37974391455106,33040500
362.8887939453125,363.2623336149724,356.7544451480774,362.84946292716745,32063300
366.2115173339844,366.76203156592914,359.4283719754838,360.2443330697854,23065000
362.55450439453125,367.8434010010659,361.7975548433351,367.2142547508921,21182100
364.6680908203125,365.15962347811006,360.11649360898355,361.9941519618629,23118900
367.892578125,368.11866396815253,361.99418568198814,362.94776032697274,20154400
365.01214599609375,365.3070835963392,359.90022426700926,362.23992455873395,27708800
368.0400390625,368.07937007976545,364.1864093914376,364.56981930802976,24838300
368.0301513671875,371.24479409698984,364.49111028889564,369.6522031111794,30955500
359.7331237792969,367.430542857679,357.9636180145618,366.98815141610726,43277500
364.451904296875,366.0936069746011,360.0772505733147,360.6376051403,78502300
366.33929443359375,366.68337330414107,362.4365238179664,363.1935033333252,21802900
366.9389953613281,366.9389953613281,363.5768985428581,365.19895042864266,20603700
364.3436584472656,369.6620453460696,364.2551861699306,368.64948928220537,26316700
367.2142028808594,368.069464850555,363.7734744965304,366.25078813296983,17708000
368.2366027832031,368.8264479888416,366.39827539290235,367.3518499751321,17107500
368.3153076171875,370.5566956584925,367.1749480872917,368.6495462723812,12673100
367.73529052734375,368.7085156973093,366.4966184922779,367.3617208659254,14905400
368.92474365234375,370.08475350322914,367.82371531924764,369.0132159290277,14327000
369.6719055175781,370.77293391810167,367.15526060187455,369.6325745030526,18730800
364.5894775390625,369.5342955375811,360.55890320609336,367.528833625427,25258600
364.323974609375,366.9389316808665,362.26937191051087,362.76090451791674,23083500
361.70904541015625,366.78166590955874,360.95209593669983,364.3928244536736,20901500
361.5223693847656,365.75937966192504,360.29353740181267,362.721710600159,21004600
368.3447570800781,368.84613000704053,362.7609531121448,363.0460204620728,23134000
369.4261779785156,369.6227730702436,364.90407085789354,365.71019173607624,20830000
376.28790283203125,377.66421828465786,369.94714950002793,369.99629076586194,25514200
378.1164245605469,384.0639578363486,373.9383968872458,379.4632192692285,27850800
381.8914489746094,382.0978843256019,378.13613163335935,378.9619030381072,21661200
383.6609191894531,387.3572546583597,381.0558019045163,386.9935252639614,27202300
382.87445068359375,383.5035968868469,378.2933627006387,381.4096929597069,22234100
387.199951171875,387.317914215752,383.51345604684644,385.0863666336801,23392100
391.9187316894531,391.9187316894531,386.8362699111173,389.0580075164466,29331100
389.7952575683594,393.83564181909105,386.9246935015416,393.2457965997971,27016900
392.144775390625,392.61665757487873,387.2589392356876,389.04812543344485,20525900
395.7427978515625,398.7608157750505,393.66854429552797,394.7400819620146,24867000
398.0137023925781,400.1174768477645,395.7133328486228,397.4730283974927,21021200
397.0896301269531,399.2917171915394,395.61503191441454,397.5221813360267,17803300
402.78155517578125,403.03716177894273,397.48281829193445,399.1835322269837,24510200
401.670654296875,406.05511721074,399.5669101187714,405.2785172108199,33477600
390.8470764160156,408.2866746871425,390.4833470666394,400.0682334385884,47871100
396.94219970703125,401.0907374562422,394.9957191514484,395.02520991740664,30657700
404.25616455078125,405.6619409058491,396.72587980855803,396.9716461643717,28256700
398.7804870605469,404.19718719885634,397.14859484100157,402.95851515251775,25352300
398.6231384277344,401.0611511691438,396.0868431570583,399.0065482946539,18382600
407.0381774902344,407.2839438164574,400.50079921285686,400.5401302252688,22340500
407.0971984863281,408.52265531696276,405.5439683543155,407.0382169623767,21225300
413.4281311035156,413.693577955035,408.060602560808,408.2178966207668,22032800
408.2277526855469,413.61493194410616,407.7263797250581,413.43798737008973,21202900
399.4391174316406,403.1256124684785,396.55874317637694,398.08248245796057,27824900
403.29986572265625,403.6445808998677,398.454256564083,401.9013482236895,20401200
400.41412353515625,402.9452806494458,398.17844942358096,401.97025586986575,21825500
397.9519348144531,402.11800189970467,397.3413119912312,401.7929735865366,22296500
396.7011413574219,398.37542488528044,391.99340052173363,397.1443207958614,24307900
396.1003723144531,396.20872511051635,391.2153593903598,394.12077725006736,18518900
405.4272155761719,406.5893706886108,402.393788153555,403.98929433440406,27009900
404.1369934082031,409.57353818458586,402.7877081506477,409.3864380168882,16295900
401.3793640136719,405.92952022656453,401.2020621700657,405.24008986741234,16193500
401.32025146484375,402.1475498168189,397.74512033420825,401.8225215015325,14835800
401.5566101074219,403.11271245725675,399.1928962585418,402.0096479981962,13183100
407.38714599609375,407.93867824413843,399.7838456551883,402.4627294555139,31947300
409.218994140625,409.583396137478,404.6688382927548,405.0529271345384,17823400
408.6478271484375,411.04108655942895,406.0871243373175,407.19018891902937,17596000
396.563232421875,407.98788407033936,394.5836375385052,407.70225951365865,26919200
396.0117492675781,399.03534841652714,392.3676988449284,396.87845143918287,22344100
402.9551696777344,403.5854793634372,396.159450830879,399.98080286179095,18718500
400.07928466796875,404.21580644025056,398.2178408535662,401.79297194630584,18002200
398.40496826171875,399.54743645794565,395.19426925023413,397.6564774172096,16120800
409.00238037109375,409.2880049750951,400.6407298572385,401.45816986092404,22457000
408.8250427246094,411.8584699071754,405.2302248765396,411.7796924719957,17115900
418.7920837402344,421.3527863664109,411.6713665638625,413.8873540190868,34157300
410.1251220703125,416.2116937258995,406.54999083820695,412.95173236718284,45079900
411.01153564453125,414.3699915467621,407.52504009505543,407.98793648172665,20106000
415.0396728515625,415.295752126201,409.2682411150174,411.5137738248201,19837900
418.8019714355469,419.52091706855344,414.3010471653659,415.62078729077075,17860100
422.87933349609375,424.3074262893576,420.7027498405441,423.3323713938263,21296200
422.25885009765625,423.3619145681295,419.62922855755534,423.2043596919927,17648500
416.4677429199219,420.9489800236463,415.2366387798196,418.8117700116772,18060500
415.27606201171875,419.5504521799467,414.9806090267337,419.1761916947957,16725600
415.0593566894531,418.0337234540762,412.67595596490696,418.02386500319915,16705000
414.360107421875,415.4927172172239,412.78428811448583,414.5964697982947,21871200
418.1519470214844,421.42176708130677,415.83746504973493,417.5413241302687,16316000
415.0692138671875,415.9950065592136,411.5236280313696,413.7593022671653,17912000
414.09417724609375,416.86169679254687,412.75472038791173,413.38506009911544,16502300
411.56304931640625,422.1899488258563,411.2577378896696,418.5655553413228,19370900
419.0875549316406,420.0626098925823,411.99641280038685,413.6608680769513,16554800
418.1716003417969,420.8209388461148,416.9010924581036,418.7428494922185,14272400
419.8360290527344,421.2739501766581,415.2464695179833,419.9936139789009,12496900
416.86175537109375,417.62010476496505,413.35557288951713,415.80792292497927,16216600
421.4610595703125,422.87929377947376,415.97525294572694,419.38297045020465,17966400
415.5222473144531,418.7526632511182,413.42444113170603,417.6397403424306,19253800
407.38714599609375,420.36790078356154,407.18029886088704,420.15122525352587,20273500
408.31292724609375,412.0751888679084,407.4758004410801,408.3030988508173,16765600
405.61431884765625,412.5479054250206,404.1271355046504,410.9425408996239,15855500
398.15875244140625,405.66358827577534,397.8436126348303,404.4226257260466,21029900
393.08660888671875,399.35048216055003,391.7570104509112,397.922389385747,30565800
394.8988342285156,396.76027825597146,389.7676002006902,394.0321320394096,20286900
401.408935546875,402.02941689941457,396.9671017838586,398.12925698523895,15734500
402.8763122558594,406.23476751515864,400.6307798018594,403.3687538471423,15065300
393.00787353515625,393.84503042188726,382.16429787123263,388.0735981687377,40586500
400.17779541015625,406.7568087350332,399.6262631587446,405.9393688090581,29694700
396.1693420410156,400.1778246357648,393.1556012841848,399.1239921991836,19582100
383.4446105957031,396.0806804506466,383.2870557136592,395.4207954000411,28781400
388.9697570800781,395.6472636934468,384.4097432465482,386.67496248893406,23562500
391.82598876953125,393.88439136644655,388.6842084752251,391.6487169798458,17709400
400.5126647949219,400.9952480161036,395.7852067038653,396.1988709336313,17446700
407.2886657714844,407.67275464571117,400.22703898277103,402.58092459776026,16996600
403.1521301269531,408.4015749957849,402.90590929968624,408.3917165446932,20018200
404.333984375,405.9984394987751,400.5618646353196,401.99981584395204,11792300
406.08709716796875,406.48104448418644,402.91577167959764,404.3635513602943,14689700
408.47052001953125,409.1008598045123,405.5749605018169,406.6977419727187,13402300
407.4659423828125,412.0259571204268,404.60978666771797,411.6911003868472,15440200
410.2630310058594,411.1789653639721,405.3287555020644,405.7916519071735,15109300
417.4360046386719,418.15627711467357,411.7035137509103,412.32511422725236,22239500
415.3738708496094,419.744796345379,414.7424242787078,416.1730628235195,17530100
414.60430908203125,417.2781788386251,412.4533979292135,416.903243294278,15352200
419.6658630371094,421.07677928196154,414.3872272445279,414.6042935983872,16272100
423.3164978027344,427.1940633042462,419.1823911367933,421.1359581260157,21453300
424.7767333984375,426.6415347292138,421.43197259260825,424.3524769437673,18073700
421.3037109375,427.8156712738496,419.7448017896618,427.194070817087,17211700
424.42156982421875,425.30955759417924,418.7482761527639,421.49118910602255,11855300
424.5794372558594,425.0727671383065,420.9090617260336,423.8986396092449,15718000
423.44476318359375,425.19114003957617,420.0111765352336,420.0111765352336,15517100
409.1382141113281,418.639722265152,408.7139275324575,418.639722265152,28394500
409.592041015625,411.19042489219277,399.1137199488239,411.19042489219277,47995300
408.0035095214844,410.8746928703061,403.46489897631534,409.98670515974976,17484700
410.51953125,410.88459054146256,404.21476096620233,406.9280752908703,14348900
418.3536071777344,418.42265047577604,410.7464388812518,412.23630472822083,16988000
418.8568115234375,419.63628120393724,414.96936946485204,418.35363549566944,14861300
418.1957702636719,420.59334639709124,417.3571033955117,420.51442686018504,13621700
422.1621398925781,422.3693300275411,418.2352530096641,419.0344450692757,13982900
426.9079284667969,427.04607528322305,419.57705383558175,419.8039964152252,14551100
435.1761474609375,437.4849276655188,427.47033721280536,429.51273012432705,22366200
435.689208984375,437.4750908737884,433.508699318619,434.9689666213265,15960600
436.6660461425781,437.2284494695541,430.8940801420427,432.4332670607897,13582000
442.3886413574219,444.92436422206765,434.84070005199675,436.68574902549324,20790000
440.3857116699219,444.1350368072149,438.95507309068336,443.7107502283828,17112500
439.7543029785156,440.5732173975681,435.383377000911,440.3462747944722,19877400
443.77984619140625,444.569161991758,440.5534794666223,441.4118686798834,34187100
441.6979675292969,446.7101856291095,440.4547666539863,443.79952742787026,15913700
444.9342346191406,445.3979659147229,440.7902515475345,442.27024120018433,16413400
446.1280822753906,447.5488747436615,442.21104180989477,443.0102338094888,16507000
446.8089294433594,450.0846474477425,445.7433199188156,446.1478540799415,14806300
440.9875793457031,449.305113661538,440.45477465939115,447.02593208902044,28362300
450.63714599609375,451.2685926172397,439.71481466960876,442.67479410049566,17662800
453.153076171875,453.45893827703065,447.0653724350894,447.15419830732895,13979800
454.6231994628906,454.869864398923,451.7717684597979,452.07763057164084,9932800
461.3226318359375,462.1021014719612,452.8472281684966,453.478674753155,16000300
460.02020263671875,461.4607474586628,458.26394959902103,460.32606473072207,12962300
453.4096374511719,461.09569535136285,451.89017298008986,460.77011087707854,17207200
460.0301513671875,460.2373415030919,452.7387206812327,455.06725356597207,18196100
448.6342468261719,458.5797648874454,445.5262442034591,456.8037891977259,23111200
447.4995422363281,450.2720538778231,444.6382348256943,448.26913567933263,16324300
447.904052734375,451.1600479833261,445.40780476541227,447.2528536845848,14429400
443.5232849121094,448.23951736513413,440.7014524487549,448.1605978328616,17175700
437.6033630371094,438.9156374910901,433.32126292871686,436.68577660898285,21778000
434.495361328125,438.71826397070777,428.6050012530057,438.4124018485707,20794800
431.2787780761719,435.2550453064195,426.236961800489,427.3222934197587,20940400
437.0310974121094,438.6689563053254,433.05485959349295,435.8964446559175,15808800
438.9156188964844,442.40840302613475,437.1889642431626,437.9782800404941,13107100
423.1783752441406,435.5905721860423,421.88585333621705,434.5743138131604,26805800
412.81842041015625,424.0663351847354,411.94030891768244,423.0796754657291,29943800
419.5968017578125,423.19813411147953,411.7035233681291,412.6211398648851,23583800
421.0373229980469,426.38500194360023,419.0344049240428,425.8225986635412,15125800
417.27813720703125,423.32633592791996,411.79228152562297,422.01409176409487,32687600
412.76910400390625,416.1533396507724,406.7109988096176,414.8904164009859,42891400
411.5456848144531,421.7576205131753,407.5793229682275,415.1766160278779,30296400
403.0406188964844,409.46378330120876,398.9459870855653,406.98725777167675,29437900
389.87860107421875,395.6900415573509,380.43625987349014,383.9783949357412,40709200
394.27911376953125,400.2582999432438,393.18393582915473,394.6639255499671,24946500
393.11480712890625,404.6093863218842,392.1676222717273,403.1886240913476,20650900
397.31805419921875,400.4457490366174,394.6047396336136,397.0713892387092,20203000
400.6036071777344,402.60652539742165,396.8937867490897,398.6401637815713,19276700
401.3830261230469,403.3070245629386,398.84730349296393,401.6296910455733,16762900
408.4869689941406,409.41443146866993,404.10619776437403,404.1259201174945,19414300
411.29901123046875,412.1475543601763,406.94786778270196,409.2664943452795,18267000
416.162109375,416.2411711538097,412.8310776655769,414.94631960204117,20752100
413.6316833496094,416.46849580465874,412.4751975268654,415.7370612802868,22775600
416.6563720703125,416.87382969073013,411.64498293028373,414.11607854196563,15234000
419.8885192871094,420.93626132598814,416.7650812391523,416.82438511571235,16387600
419.23614501953125,421.46999458583696,416.8441115746798,419.17681098270833,16067300
410.7454528808594,421.8555179747642,409.8163186254232,419.45359039351575,19361900
411.9711608886719,414.4126044200127,407.32548933843145,412.15896655760116,18493800
408.7093200683594,412.45550946116737,406.58418387561824,411.5560270388973,13152800
409.0552673339844,409.5692443465509,405.5067777613987,408.0865870238401,13492900
405.85272216796875,410.2018441208808,402.6007521142328,410.08323636580656,14882700
408.34356689453125,417.17031240351145,405.85271359636084,410.14253158113485,17045200
412.3171081542969,412.663037378181,407.3650233246306,410.7949049431994,24308300
404.7060852050781,415.0253810540411,402.32394584007614,413.07815685238506,20313600
404.17236328125,406.4853049884444,399.6947395600007,401.2169427939581,15135800
403.6682434082031,408.3237783354607,401.4343636867301,402.9071267784607,14195500
397.05560302734375,405.9021060614487,396.165984591682,404.33049307771034,19609500
401.0290832519531,403.9251994729139,397.5003522055993,402.531498215159,15295100
409.4111022949219,411.5164502597468,402.9862541865475,403.48047327180706,19594300
418.1488952636719,419.08789343392027,404.84449566929334,410.6960629554886,19266900
422.0630798339844,422.42879711427406,414.89690341994134,418.415740735589,17395700
425.6116027832031,426.83725650385696,420.5409099686256,420.90662727786975,15874600
426.3529357910156,428.5176178937892,423.26901338836296,425.6215011650568,13834700
430.11883544921875,436.7413828200211,427.2721288798558,435.14011791593873,18874200
425.82904052734375,430.9886889198146,425.43367129700556,429.9705988234429,18898000
433.617919921875,436.39542861722236,431.8486072464737,436.12856118496126,21706600
430.23748779296875,434.161588684006,429.1996397408119,432.16495436382024,55167100
428.49786376953125,431.4137384289729,425.4139413396685,429.2589503420484,15128900
424.2079772949219,428.33964116383595,421.1734651982217,427.9936818084109,17015800
427.1139831542969,428.1123153119531,423.61493391499886,424.8603454388432,13396400
426.3232421875,430.2671006249204,424.1684543301705,430.0595370663028,14492000
423.0713195800781,426.8570548863857,422.52769062045775,426.53085337882084,14896100
425.3249206542969,425.4435585697777,420.4519278512811,423.2590885562286,16807300
415.8260498046875,423.52599147760804,413.9677812470877,423.49633953955015,19092900
412.30718994140625,417.93140514988795,411.89203266645677,417.6941594936009,16582300
411.72406005859375,414.69923855591765,409.5000740881514,412.8014540867281,13686400
411.2496032714844,414.8969427153237,410.17220923179,413.4043913508732,19169700
404.8049621582031,412.287415913181,404.2711971193028,411.190264062665,20919800
409.9151916503906,410.8542199929417,403.4508276328713,406.14924457508937,19229300
412.63336181640625,415.51961434814075,409.5098937927917,411.0518548194861,14974300
411.0320739746094,412.5246250787664,408.37317321416026,410.4291412448218,13848400
411.506591796875,412.30722431233596,408.4720793339732,411.32868016338136,14144900
414.2939453125,419.1372858012014,412.6926503077809,412.9397598241915,16653100
413.8985900878906,417.5953693595967,410.4588445581101,417.29881980944174,18900200
411.308837890625,411.54605337068887,405.7340629559766,410.36983983888206,15508900
411.9019470214844,417.61511832115826,410.78500708577025,417.4767225011017,14820000
413.3253173828125,414.79808063402476,411.44729085370335,412.3171212877513,17145300
413.9381103515625,414.1160219717621,408.9662678666254,411.30886136013186,14206100
422.56719970703125,425.60168187753965,413.2066892964129,413.6514683614362,25482200
419.6908264160156,426.09588604624633,417.64475229425324,425.87842845603865,19654400
419.8193359375,421.0548835944768,417.5162582126422,420.4123746810587,13581600
423.1997985839844,427.51926858228103,421.638079540004,421.82588520642906,16899100
421.6578063964844,426.94595627618617,421.37115090072086,426.66919481416045,14882400
426.95587158203125,428.16176733338216,420.87695281886124,423.05152881793293,17644100
427.5291442871094,433.43012114532394,427.10412312962825,432.38237913794643,29749100
401.65185546875,411.3484314804884,401.60241546152275,410.55766284750285,53971000
405.6253662109375,410.69605883957496,402.78855349489004,404.2811047814158,24230400
403.7374267578125,405.67478719502446,400.88085627166146,405.06193022116906,19672300
406.7027282714844,410.1029577159873,403.36180269923256,403.64845819160416,17626000
415.32196044921875,415.58885807174516,405.7736437068039,407.65170044035887,26681800
420.5112609863281,421.9148565188348,415.02544097960697,416.40924844245427,19901800
417.6546630859375,421.568869701991,416.90344044148964,420.40251992805025,16891400
413.17706298828125,419.8984307044044,411.19029254705583,417.6348987728619,24503300
418.1390075683594,419.5327090402253,412.37642617579047,413.4142742125201,19401200
420.283935546875,424.3661599826618,413.3747320030266,416.76509796101305,21502200
421.954345703125,423.2195452366953,415.14399286491056,420.0861832561595,30246900
410.2018127441406,417.91161788162964,408.8575514031372,414.96609164012756,28247600
410.95306396484375,413.56252505276035,407.33537663624696,410.0733395128572,24727000
412.9595642089844,413.10782389174204,406.79168992363145,408.3336509537854,18133500
410.6861572265625,412.46536399512735,405.8329222910528,412.05020669970736,19191700
408.913330078125,415.7571129679985,406.35806834126146,415.4797975064388,20780200
413.0036926269531,413.39985319356293,407.12061602620037,407.42764273220655,24814600
414.776611328125,417.0446437711569,410.87436717729366,414.37053686089325,27691100
423.888427734375,424.92838338966095,414.83603494213827,415.5689336176803,23458900
418.93634033203125,423.13572759358533,417.97563494679554,421.03601885024915,18332400
419.4018249511719,420.808229889217,413.7960631011275,416.06412568619913,16271900
426.84979248046875,428.8504232970242,417.27244986667705,417.52996787602956,20207200
427.0676574707031,428.32547569363487,423.6407942127541,425.72067515411175,18302000
433.22802734375,435.4564646159383,428.48392353237045,428.8800841135143,26009400
438.37823486328125,440.39869339406243,431.99006528414975,433.72329450893346,21697800
439.31915283203125,441.8249059308298,437.53638459654593,438.0613042504407,18821000
441.7456359863281,444.03349609525384,436.2785468030062,438.35842787251636,19144400
439.0813903808594,445.31111943385133,437.3679889585384,440.13125981361975,18469500
444.68719482421875,446.0341772846715,439.7945337941877,439.7945337941877,19200200
445.2516784667969,451.78843398650577,444.8059789125675,444.8059789125675,20834800
442.9836120605469,447.10374865296643,441.3098056253416,444.14241275611795,20177800
447.26226806640625,447.8466102847365,441.0127411892908,442.9836607244317,23598800
450.104736328125,450.92679906279125,445.26161469090005,446.6878170659997,22733500
433.1983337402344,448.3120705924071,432.83185420697276,446.9948298056794,24444500
432.841796875,438.93285336164837,432.1386095010433,437.38780577162396,22963700
432.41595458984375,439.4875143941051,424.5223319655796,428.95937961527454,64263700
431.0788269042969,433.455820708947,428.6820054234919,432.5545379722653,19152500
435.1197204589844,435.3871522905164,430.02899474815183,430.484577930417,7164500
433.9114074707031,436.7143034093448,432.44561022869516,434.8721127935591,8194200
426.4040832519531,431.04913980352325,422.2641488688207,430.4350863105853,18117700
420.7586975097656,423.45263204127576,417.8567839421245,421.9769208859116,13158700
417.4606018066406,422.64049156656444,416.6286554798762,422.016524265212,13246500
414.568603515625,421.9868450538027,410.8743686174563,421.45201157982797,16896500
419.2929382324219,419.9664143701195,415.51945282325784,417.0446728600811,16662900
423.7497863769531,430.15778356293015,421.4025036603563,423.8983428352595,20573600
418.3222961425781,426.52294519780327,416.7673346717813,424.88876369017254,18139100
420.4913024902344,422.87821031177674,417.5002550030301,419.4018380991605,15054600
414.9350280761719,420.6398068835906,411.0426680414125,420.5605868581897,20201100
413.1919250488281,414.48936844362913,408.3388895039501,411.2606004893305,17604800
411.6864929199219,415.7174656234234,406.783918522941,413.80596878606093,16935900
422.2245178222656,424.04688082339095,414.2615595275802,415.11333355996726,19637800
420.5110778808594,425.3740271428382,420.3229265289763,424.5916197701724,15300000
424.9184875488281,430.3162708057646,424.0667436709179,429.92999377383796,26197500
424.3935241699219,426.7705180269004,421.52132200002626,426.0772445238866,26085700
441.9239501953125,442.9836731089654,431.8216876151847,433.36673527212855,27803800
442.4290466308594,442.4686717628812,437.2689839581691,437.7641923205226,18389300
439.8044128417969,442.3695883246394,437.169900939795,440.89387719602587,15549500
430.39544677734375,431.0293279263355,419.4414413066827,419.9465634582157,35647800
442.914306640625,444.08299095093025,427.24590909189664,430.4350516883182,23491700
438.09100341796875,442.5974175154718,436.17950645057016,442.40923592540474,23581400
411.01300048828125,418.8075747745586,409.20055129765046,414.75677425796516,54586300
411.08233642578125,416.6583870568431,410.933779971825,414.964783031506,34161900
406.9820556640625,411.4290171061556,404.7437041840203,407.6555317858933,25679100
408.4181213378906,409.9532853263689,405.81332063447735,408.73506192939664,20532100
409.3293151855469,409.8641184268012,406.4669964929513,408.39832109505767,16316700
411.8350830078125,414.19227961020647,410.0325173442031,410.0325173442031,16309800
405.8232116699219,414.63791357819275,404.1890302854019,412.48872643025265,22886800
408.2695617675781,411.47850211303046,406.9820321839411,409.74527293691693,20817900
407.4970397949219,408.5369652151938,405.3775335991668,405.714301867279,18140600
405.1200256347656,406.813629604169,400.4947666868975,403.30754628100544,19121700
406.6056213378906,407.0612044905901,402.465657162982,403.0995382668374,23891700
404.515869140625,404.99128001840967,401.99031874797896,403.8820181953633,22758500
405.7142639160156,406.6650553734785,402.6043413346739,404.08996621044764,21423100
410.79510498046875,411.5082061808428,403.7433432351679,403.97114994678657,24114200
412.9684753417969,416.1243081620841,409.4057538443196,412.1348608394034,23508700
405.108642578125,414.8738801834256,404.79109677447474,414.16928284227896,27524800
400.9306335449219,406.25983043716724,396.2861968407472,405.4063787741937,26443700
394.8769836425781,398.86646142853965,393.6861187086097,398.05268403794094,29387400
396.6930847167969,400.53367776380867,391.25470780563023,394.9861511086002,19619000
389.5477600097656,402.657388820498,389.1905096396701,398.22134834414993,21127400
393.9739074707031,394.60905968634097,383.63308910279267,389.67681744038765,32845700
385.5384826660156,395.79001865109893,383.22619789604886,395.79001865109893,23007700
385.6575622558594,389.5974018138781,378.10539295987144,380.487153157592,29342900
397.9732666015625,398.61835249883035,385.85603973587394,386.3820118850688,23433100
393.8746643066406,399.09468114787944,389.6966277473878,391.28447789138556,23304600
390.32183837890625,391.80050846371955,382.61088158953936,389.33936956128906,22034100
377.2717590332031,383.4643412864511,374.3540930979484,382.90859827837613,32840100
377.5595703125,383.0673924681545,374.0464567305875,376.1205744700273,30380200
380.3581237792969,382.2933209136247,376.0709676751301,380.0405779726452,24253600
375.892333984375,382.39258939479765,374.58238552740926,380.2489960755926,20473000
385.60791015625,387.2652356448431,376.62667971124,376.8946174814204,19952800
385.74688720703125,389.7264008785539,382.6406623483486,383.7620820869245,22474300
380.6062316894531,384.4269877309022,378.2046343736099,384.1292790671939,19486900
384.8735656738281,386.719419886704,381.0825806498319,382.60095534567967,19185500
383.9010009765625,388.8134057411041,380.36805030146087,382.8093521082507,18470500
388.2874450683594,388.76377892625936,379.8916973941909,380.3085198055768,39675900
390.0935974121094,392.3959786933822,386.84845184017416,392.3959786933822,21004500
392.15777587890625,393.34864070852024,389.65693247956807,390.9272064692555,15775000
387.0072326660156,392.30665877239477,385.61787512073846,391.99901639757354,16108400
387.6125793457031,389.259971232933,384.4567464670721,387.1660163642304,13766800
375.9220886230469,386.1736243280803,374.0663006272135,385.13158343812927,21632000
372.53802490234375,374.2052539943911,364.44991951956155,369.7096714477169,35184700
379.2863464355469,379.9413357760227,370.3944277527412,371.80362246362756,19689500
379.2367248535156,382.1543604865691,373.7586433966847,375.0983928958324,16092600
370.2752990722656,374.61212363444304,366.54388609690864,371.9425583652147,30198000
357.10614013671875,371.74407816646067,356.74888974568233,361.363555677575,49209900
355.14117431640625,368.1813588125757,342.17049555544185,348.2142236601539,50425000
351.86627197265625,370.8112344321485,347.5890190857086,365.46220003690814,35868900
387.52325439453125,390.24245792204835,350.41733953240174,350.85399906862426,50199700
378.4527282714844,380.9833427250372,365.0056552003408,379.1573256201752,38024400
385.498779296875,387.0865991344375,376.0114134245454,377.7481178718862,23839200
384.8636169433594,391.6516465120973,381.2909618319917,390.23251818413166,19251200
382.7994384765625,388.9126416904877,381.24135923720473,385.5583162962043,17199900
368.7867126464844,378.71073856569086,365.2041538267982,377.7779079921512,21967800
364.98577880859375,371.47609943534326,364.10255635982776,370.9104227594851,21120200
356.3916015625,361.71089501866106,352.9678309109542,360.0635031391147,20807300
364.0331115722656,364.9758758256959,357.12596800122816,360.6192443688487,19485000
371.5456237792969,377.50003937654276,370.18600677791767,373.20291916052497,20545500
384.35748291015625,385.49877003384853,372.33950296048084,372.8456379358323,22232300
388.8729553222656,389.1805976978566,381.67803664886475,384.05979677325973,18973200
388.18817138671875,389.75615403464093,383.70252292195136,388.9820812843996,16579400
391.0462951660156,392.0982394081848,387.41409832984397,388.3270916828822,14974000
392.25701904296875,393.6463764759126,381.51921680100196,387.33468087236696,36461100
422.1680603027344,433.6700028111626,421.67185900235836,427.8346706730253,58938100
431.9729919433594,436.1013902925972,426.7231738378541,428.4598783453456,30757400
432.8562316894531,436.1609188409604,428.827049490993,429.58128511716615,20136100
430.0179443359375,434.4043769104007,427.8942186382879,428.91639204817295,15104200
430.05767822265625,434.7914277818458,427.83467577616403,430.5439458113932,23295300
434.84100341796875,440.2992170006134,432.35006352791333,434.602806230982,23491300
435.39678955078125,437.3914981181206,432.5684361749063,436.65712990925,15324200
445.8468017578125,445.9559515066627,436.4388142071549,442.55201785730986,22821900
445.72772216796875,447.24609694771215,441.9764112331301,444.37803887168343,23618800
449.4988098144531,450.45150777480933,444.73528972695,444.73528972695,19902800
450.512939453125,453.55526390744575,447.82852124457236,448.16655392379437,21992300
451.6463317871094,451.73580834700897,446.1383501578063,449.43915228561843,23849800
456.2197570800781,456.9355998797858,448.1963586877965,448.27591363294266,21336500
455.5238342285156,455.69283539558984,451.69606398891386,452.9587181303489,15441800
449.9561767578125,455.1360777634671,449.20055644956204,451.94462570262056,19216900
452.23291015625,457.5917944035942,451.27846319798533,452.32241705541014,18025600
447.5799560546875,451.06969358680703,446.3173019248347,447.3811293692874,16883500
458.0292663574219,458.2877744248074,453.48565331857327,453.8435898996704,20974300
454.7184753417969,459.84867709346275,454.2909661144885,458.55619745791415,17086300
456.0308837890625,459.05333474747385,452.68035209769624,458.884303233251,13974800
457.701171875,459.01355548435544,452.909032890277,457.064883978579,34770500
459.3018798828125,459.44105553120437,454.2512329224997,454.49978904014216,16626500
460.29608154296875,461.4593374660713,458.19825223653834,458.8047449110186,15743800
461.1908874511719,463.00038321907994,460.3457906064832,461.3201414833542,14162700
464.9788818359375,466.93750520910584,461.3499686746429,462.2745901279283,20131700
467.6632995605469,470.6061954238558,466.0725343793748,467.37496597576217,15285600
470.0196228027344,470.69568816704816,465.9134708467471,466.98725027602023,16469900
468.2001953125,470.06931180763127,464.26304461137784,468.4686249933991,15375900
469.8903503417969,472.72389606625393,466.9474544926898,467.30536072753216,16399200
476.104248046875,477.6453141185156,470.7851412769109,472.2764779222473,18950600
472.2168273925781,476.4124557062983,470.0295518485209,473.6584649544854,16814500
476.37274169921875,477.9137775383536,472.2566377036087,472.46541635312803,15626100
475.2790832519531,475.97502218951,471.34193242947174,472.65431603696555,15414100
477.4663391113281,478.2219594008936,471.71972301658775,475.2392860574369,17526500
474.6427307128906,480.6677282539423,474.11579298541653,479.4448516392065,37576200
483.1930847167969,484.932977511559,469.7810065395394,475.44806772339973,24864000
487.2793273925781,489.009298556199,483.9884469122188,486.1260537385937,22305600
489.4268798828125,491.7036624656625,486.56353883181055,489.1982276680394,17495100
494.57696533203125,495.1635541172166,489.9637493151316,490.13278082199906,21578900
493.07568359375,496.4162632322767,490.1824867596744,494.6763704185467,34539200
494.53717041015625,497.86782827206525,492.4691666337086,494.16931223084276,28369000
489.2080993652344,495.1734457101395,488.1443023264632,493.60258452282886,19945400
488.2536926269531,490.6497772469701,485.87751191483574,487.1600396387865,16319600
495.9589538574219,497.2415119784696,490.59014753996934,490.9580057562307,13984800
494.84539794921875,495.8694479262707,492.36978876052433,494.50736527479916,13981600
493.7517395019531,495.3226311177228,491.25622643335066,494.36815380384166,11846600
500.60198974609375,503.8530929514779,496.85374394735805,497.4105072423231,18659500
498.58367919921875,501.52657502305914,494.87521114411277,500.14458849842043,16492100
500.4130554199219,502.1131707269345,494.9249170598048,495.59106078877636,16459500
500.1147766113281,501.05930198422453,498.1362796464767,498.6234399223271,12058800
502.89862060546875,505.36427783294863,499.88612172349406,500.11477392946824,14927200
502.6997985839844,503.7934516278089,498.9913605307617,502.2623373664546,15154400
508.7446594238281,510.40499725185873,502.6997578215743,502.75940886082554,17503100
507.1041564941406,511.66767331118785,504.4992933518648,511.5085634207008,21209700
507.1141357421875,509.1324405638626,502.6301736290422,503.7834776665751,14066800
502.3517761230469,508.2475501614973,502.3517761230469,508.01886761548803,13868600
502.94830322265625,503.8630030405687,497.80817995491657,503.8232255681408,16396600
507.9294128417969,510.703277326071,504.37007217269974,505.83158338819493,16107000
510.7430725097656,515.2965768746373,507.41238413754473,509.51018319793565,19125700
509.5400085449219,512.0255695622142,507.1737496018482,511.1109000989904,14308000
509.609619140625,514.6304403339567,508.6054427654301,512.5525452747698,16469200
510.2757568359375,512.9701269930791,506.49771598970693,512.1946027794743,26380400
530.4187622070312,552.2420017670738,528.8280273057109,552.0232408256204,51617300
521.0829467773438,532.7054326872741,517.8517174087783,531.9100652869249,28977600
532.5463256835938,535.1412365772,525.0796913822776,525.2188973499576,25349000
524.7019653320312,534.196796907337,524.1949011418618,534.0774948252555,19171600
521.908203125,528.6291703469228,521.0034855448089,527.8338028961505,21355700
517.8318481445312,525.0399748350125,514.56081112672,523.7573865594029,16079100
519.0249633789062,521.629826851029,516.4101479520375,519.5817267008259,15531000
518.7565307617188,524.5429245664681,516.7183220142601,519.2834381856256,20194400
526.183349609375,527.9132904806338,519.6811434112465,520.7250669698358,18667000
517.5733642578125,529.6233593434064,516.3703308668756,529.0367402367135,19619200
519.4623413085938,522.9123315064297,517.1358902118243,519.5418962511537,20269100
517.1657104492188,523.0614541020369,516.0820397908819,519.7507304052322,25213300
514.1134643554688,519.8004600468895,511.05129658888984,518.5775833311014,23760600
506.8257751464844,512.1846290296555,505.61282013208876,512.0255798217245,21481000
502.7991638183594,508.0486674266492,501.5265578024503,506.9251890021903,27723000
502.15185546875,505.5278315490841,500.6381609615915,501.6041452591809,18443300
505.1295166015625,508.6150227226763,500.32946944945456,502.1618461633245,24324200
502.17181396484375,506.0855321115255,502.0323791323648,504.5319946732823,21638600
499.96099853515625,502.88882606141556,496.4456179190968,502.2713680297872,30835700
504.6415100097656,505.1892506185915,497.82983904056124,499.9211487290224,17277900
507.5295104980469,508.9734875719172,503.4066403395377,504.9900522378754,18015600
504.59173583984375,507.4896888132377,502.40083415821226,506.5535790393771,20961600
503.0282287597656,503.90458943006223,494.75264396148896,498.3974910813857,18128000
503.2572937011719,505.68719181229375,500.2398424947412,501.70375627159575,16345100
505.866455078125,506.04570238922344,501.0664078062513,502.2116394820944,15509500
492.9501647949219,509.8498918622262,490.3310509759443,506.9619070760115,31994800
496.13690185546875,499.1244784694731,492.9800158612091,496.04724781279185,16771000
496.3460388183594,500.17013335375145,495.6389875077243,499.3535217605099,14410500
498.29791259765625,501.1460848531792,494.6630336933239,500.8971201283455,21611800
498.9352722167969,501.08633106619584,495.8182290284252,500.17012751524385,18881600
507.7884521484375,510.42747218178897,501.7635178992086,504.55191069082485,23624900
513.225830078125,513.3353599697668,504.9004642300766,506.68306017742736,17143800
506.9320068359375,515.0880630075219,506.4938265025834,514.7395367165727,19711900
507.9079284667969,509.1726886784055,503.8348693472275,508.5054498653079,15816600
506.3444519042969,510.9453149965379,505.55771489166153,509.37184097126715,18913700
515.78515625,517.1494779837726,508.1967168320822,508.44568153944795,52474100
512.319580078125,515.5959337012963,510.4174557013089,513.4548737162081,20009300
507.1212463378906,512.4590659268906,505.2091838485409,511.67229848312854,19799600
508.0373840332031,510.35772177145367,504.82077941210207,508.26644250853604,13533700
504.9303283691406,507.89799878212006,502.94857891661616,506.1950582100621,15786500
509.34197998046875,511.8117209714621,504.52202659403474,507.94778361103766,16213100
512.4689331054688,514.7096154882738,506.77264973451184,509.3817950243417,17617800
515.8051147460938,516.0142062084105,507.54943619028296,511.11459757878936,19728200
517.557861328125,518.3545363078492,509.5710533372991,512.6681599915194,22632300
513.604248046875,519.439966484546,508.5652045551738,515.496404228155,21222900
515.20751953125,518.3345307125708,512.8672756929882,514.9585548343116,15112300
526.3811645507812,528.8309994124726,516.0541122577388,516.4623876768178,21388600
521.8101196289062,527.6060256392368,519.2806599401652,526.1022689962125,14615200
522.676513671875,524.7678538085896,520.923853084141,521.1130687043808,13363400
520.2366943359375,522.158694647609,515.2574000210162,520.1769452354545,18343600
508.84405517578125,521.4118200258811,507.5195762105422,517.4881335274953,24133800
511.9212341308594,514.2714464494894,509.56105349845876,514.2714464494894,14284200
511.4432373046875,513.1461778212379,503.9045785101632,508.11707238992415,14684300
511.3038024902344,515.0482414945574,507.888013925759,512.8274957075639,14694700
509.4913330078125,514.7096236704256,506.02576365101777,510.4573477017149,15559600
511.4532470703125,513.3453425707617,505.2091921192977,506.93203901166436,19867800
514.6498413085938,516.5519656323323,511.30377036778043,512.4788764440519,14665600
515.5162963867188,516.5420602391357,510.91543308707116,515.3569857054445,15586200
518.3843994140625,523.0549803520576,515.5661623300699,518.9919195722497,18962700
518.404296875,521.7802730707533,516.4623598997719,520.2964530626382,14023500
521.441650390625,523.1744351060786,518.5536961256696,520.6250388201142,15532400
529.3189697265625,532.3662956890146,526.819354031342,529.577902779321,18734700
539.8252563476562,551.4269763883988,538.5306518978505,547.7224103521172,29986700
539.307373046875,544.0078586434945,534.507325873603,542.6833492925585,36023000
523.582763671875,532.7545848667123,519.9578228356851,528.2831883129468,41023100
515.6656494140625,527.1279940743384,512.9668501497666,526.6898137654194,34006400
514.888916015625,522.7860691817526,512.4590180581705,517.657371934483,22374700
512.2001342773438,513.4150529816625,505.73698923396887,509.6407695643784,20958700
505.0597839355469,512.6980347767452,504.4821687767013,511.17434154282535,23024300
495.04144287109375,503.6058351018555,493.75677643867937,503.5659922381216,27406500
494.7626037597656,497.31199999791255,491.2073803526309,494.89207027354036,24019800
503.9045715332031,504.7510576229119,496.73437575016374,497.9692613740871,26101500
506.573486328125,507.48968986721945,500.26971300797675,502.70954902224156,17980000
509.0233154296875,509.5511194130969,497.05307240824305,507.2506574723947,26574900
501.205810546875,511.3735209246628,499.2140928412288,508.1967287528611,25273100
508.0672607421875,509.4813936811572,495.3800287197931,496.166765720741,28505700
505.3883972167969,509.9992285471841,502.8190947602184,506.34444359286346,19092800
491.74517822265625,500.89712400975867,484.76419755903834,493.31862192366924,33815100
485.1027526855469,493.13934080841636,480.8305097576304,488.0704229659532,23245300
477.3404846191406,492.4460215630244,474.41716428973194,491.5879641710541,26802500
471.04486083984375,477.8293938228302,467.20362215472323,477.4103368698009,31769200
472.92059326171875,475.8139832068258,466.9542001322548,473.9183160323131,34421000
475.90374755859375,478.0588322743821,463.8313270788984,472.9904142849383,28019800
484.3943786621094,487.1979770584782,480.10418316215106,485.2025316262965,25709100
490.88958740234375,491.5081706450152,485.54177754838196,486.48962635446395,14386700
485.6315612792969,488.7444513856018,483.5463243869077,487.32770213243884,23964000
488.8841552734375,492.3761849539621,485.2125428025972,485.6116258193264,19562700
476.64208984375,483.13724409881166,474.1178525596479,475.23529714339696,34615100
479.7449951171875,480.2239129901724,475.40489514051177,478.6674679630734,22318200
482.0597229003906,482.299166614698,477.78947078944657,481.4211657314621,22608700
489.9018249511719,491.17890888246444,483.2769615726175,483.7858099301447,21965900
490.8995361328125,490.99931449735556,487.3875630167038,487.9862027558801,14696100
477.4701843261719,483.14722906115725,473.99809828560024,482.92772884397027,35756200
482.3690185546875,484.92318635563356,474.7763326037194,475.5445986070271,24669200
477.4402770996094,481.3513637649093,475.2552617920193,478.72734800157895,21248100
473.73870849609375,479.6252664455081,471.44392797474177,479.0066832317436,23727700
475.3051452636719,476.80172935648005,469.8076832860371,470.8353364785088,20705600
475.0357360839844,478.9069051052783,473.9182915104317,475.8239455574328,24527200
482.87786865234375,488.4850656489584,476.8017407441929,477.10104539067044,28573500
484.8134460449219,486.73904362092316,481.39123391446003,486.2501387748106,70836100
483.81573486328125,487.6170561484318,481.5908021440126,485.01298390813173,16963000
485.7413330078125,486.71908182827985,483.63612214595605,483.8755963136496,14683600
486.90863037109375,488.04604888584674,483.7258924615979,484.5739628623746,5855900
486.599365234375,487.00843522519267,484.85335038112265,485.601642461088,8842200
485.9907531738281,487.23790659993216,483.0773893732932,483.7558335295542,10893400
486.3699035644531,488.56487537463653,484.39440153201394,484.82341501264875,13944500
482.5186767578125,487.0284031238816,482.1993981667827,486.7290680267604,15601600
471.8630065917969,483.5563186075122,469.0893385249197,483.2869444224563,25571600
471.773193359375,474.9858617296903,468.4308161640092,472.98042932285466,25250300
477.4203186035156,477.64977534720424,468.68025764779384,472.72102257015473,23037700
482.3690185546875,488.5848422406915,476.86159994291296,478.6674756822987,25564200
477.0212097167969,481.5608665012806,474.7763335277468,480.14408679814625,18162600
478.1885681152344,478.72734693664125,471.1247042989064,472.9804540365218,18491000
476.09332275390625,479.89464390147504,474.59673866594744,475.5845048686955,23519900
469.5981750488281,474.6965236309785,464.888922501957,473.5990225282599,28545800
458.3338928222656,467.13381499707015,456.1289340170423,465.39775666549855,28184300
455.6200866699219,463.1927988881192,454.8618076165624,463.0630900555096,23225800
458.8127746582031,462.13520850615447,455.4404972994736,456.78739866953146,34246700
453.48492431640625,455.7597309230742,448.2568669541529,450.1924514863621,26130000
443.0986328125,451.65911099901973,437.68100562513575,451.56931960591265,37980500
450.1126403808594,451.8087507279656,443.6873036586902,446.600636936346,25349400
464.888916015625,470.0271819611143,449.50401819491054,450.8409629929935,38000200
469.20904541015625,473.1700058760031,460.94790240319116,464.25036221183507,29291200
479.485595703125,481.7703893732875,472.0825097961169,472.62128861771004,29213900
480.533203125,482.63838346935967,476.9114647448887,482.10959164059926,36875400
432.5128173828125,441.49232224197124,420.06122635013605,438.98802836564175,128855300
429.31011962890625,438.5989157576861,425.47886802078926,438.1699022937122,58566800
422.4058837890625,429.7590957240154,421.28843915961005,429.2602343395754,42219900
410.2735595703125,421.0888704228976,407.6296003977664,421.0489834358989,61424100
413.2467956542969,418.84400576689177,408.3080557741746,410.0640575889883,45012400
392.7735290527344,407.37018733348754,391.4265972483441,406.51216038211834,66289200
400.22650146484375,400.87501513504304,392.0252195920243,398.2609865133262,53515300
412.65814208984375,413.94521298339265,399.9571203178888,403.9280678877113,45480500
412.328857421875,422.7151545880433,411.76017861216997,418.66440278178237,44857900
403.4491271972656,415.51159110220135,400.096793508188,415.2322299614449,42491000
400.9248962402344,405.2749831551046,397.1036315998776,404.07770370563327,40802400
400.4060974121094,404.61648859375555,397.1435245648219,403.528974460687,34091600
395.95623779296875,399.60790672873594,393.6315571718042,398.31087932693146,32078800
398.69000244140625,401.6432531481791,395.41747315874426,397.2233488345012,23223400
398.4599914550781,404.42999267578125,396.6700134277344,400.69000244140625,28234000
397.2300109863281,400.1199951171875,395.1600036621094,396.1099853515625,34015200
384.4700012207031,395.3599853515625,383.1000061035156,395.0,43238300
389.0,389.3599853515625,381.7099914550781,384.1400146484375,33884700
400.6000061035156,401.4700012207031,390.1600036621094,390.5299987792969,43625500
401.7200012207031,407.489990234375,398.739990234375,404.7099914550781,34405900
392.739990234375,396.82000732421875,389.8800048828125,390.8800048828125,51367200
398.54998779296875,401.19000244140625,390.6300048828125,392.8599853515625,35474900
403.92999267578125,406.70001220703125,392.6700134277344,393.1400146484375,38199200
405.20001220703125,411.0299987792969,400.30999755859375,401.2699890136719,35808000
410.67999267578125,411.6099853515625,404.3999938964844,404.4200134277344,39001300
408.9599914550781,413.04998779296875,408.510009765625,409.20001220703125,31123900
409.4100036621094,410.2099914550781,403.5,404.9200134277344,30131900
405.760009765625,410.20001220703125,402.92999267578125,410.0299987792969,31706400
404.8800048828125,409.010009765625,401.5899963378906,405.57000732421875,25512100
401.8599853515625,406.1199951171875,401.7099914550781,404.6300048828125,27263900
395.54998779296875,404.79998779296875,394.25,401.0,26848000
399.95001220703125,400.6300048828125,394.7900085449219,398.07000732421875,27733700
399.4100036621094,404.3999938964844,397.75,400.2699890136719,26228300
391.7900085449219,398.0,391.0,397.1300048828125,25908500
389.0199890136719,392.489990234375,387.05999755859375,390.1000061035156,25138800
381.8699951171875,387.0,380.1199951171875,386.7900085449219,50853200
383.0,387.2099914550781,381.67999267578125,383.8999938964844,29680100
372.739990234375,382.4700012207031,371.8500061035156,382.3599853515625,42733600
371.0400085449219,377.05999755859375,369.6300048828125,376.9200134277344,31181200
365.9700012207031,374.7200012207031,365.19000244140625,370.82000732421875,36836600
356.7699890136719,362.45001220703125,356.510009765625,361.8999938964844,37883400
358.9599914550781,365.3599853515625,356.2799987792969,361.8999938964844,44797000
370.1700134277344,372.8999938964844,363.07000732421875,364.54998779296875,45244400
369.3699951171875,373.989990234375,368.20001220703125,373.489990234375,29417200
373.4599914550781,373.6400146484375,364.1499938964844,367.2099914550781,24099100
372.8800048828125,373.7300109863281,369.5,373.489990234375,16146600
372.2900085449219,372.45001220703125,366.55999755859375,370.3399963378906,21443300
374.3299865722656,385.0,371.4100036621094,384.9800109863281,33064800
373.07000732421875,373.5,367.04998779296875,372.5,30435300
370.8699951171875,375.6400146484375,370.0299987792969,372.9800109863281,28111100
384.3699951171875,384.5400085449219,371.0199890136719,373.6099853515625,35745800
393.1099853515625,394.69000244140625,386.5199890136719,387.9200134277344,37504500
