Close,High,Low,Open,Volume
NVDA,NVDA,NVDA,NVDA,NVDA
0.4829852879047394,0.4865843092383493,0.47530741386270736,0.4829852879047394,113680000
0.47482746839523315,0.484424809219818,0.47266808458610565,0.4829852009455686,197952000
0.46043163537979126,0.4760272723245541,0.4599517753480957,0.4755474122928586,197764000
0.45923200249671936,0.46786959806868506,0.45779239370063946,0.46379071601387756,321808000
0.47650712728500366,0.4793863446490448,0.46427053929459305,0.4645104836090147,283780000
0.4784265160560608,0.4820255371597723,0.47170839099954914,0.47818660038398,209540000
0.47242817282676697,0.47986610175145633,0.46810937630927796,0.4796261574884992,190732000
0.4717085063457489,0.48562461980807087,0.46834945729723465,0.4760273041240222,236720000
0.47362789511680603,0.47506750366689127,0.4654701896056618,0.46666985386331544,155260000
0.4702688157558441,0.4798661291868613,0.4700288714791686,0.47698694087800614,188932000
0.4789064824581146,0.4793863424825346,0.46810947459626523,0.4695490832717797,181512000
0.48034605383872986,0.4849047380179028,0.4743477038913116,0.48226549378738115,140308000
0.4870639741420746,0.48826366657807563,0.4743475317837795,0.4777066076796502,144780000
0.49546170234680176,0.49690131054152625,0.4829851742651757,0.48802374574222157,159712000
0.49690142273902893,0.4978611426840479,0.49186279291979923,0.49594164558950704,120416000
0.49474215507507324,0.4971414842436334,0.4916230214354931,0.49474215507507324,133240000
0.47098857164382935,0.4875439527745268,0.47002882323788103,0.487064064270429,357948000
0.46331077814102173,0.47866649784543136,0.4630708338478856,0.47674702930709867,272728000
0.4745875895023346,0.4772268334065085,0.4613912555724696,0.4635506681510652,235340000
0.46067145466804504,0.47674697688187484,0.4599516790722906,0.4712285161668474,298200000
0.4707487225532532,0.4726681911509215,0.4544332823764516,0.4635507367636866,259604000
0.4825053811073303,0.48298526966852684,0.4717084033209205,0.4741077317179005,183468000
0.48370498418807983,0.48922344419799263,0.4796261037879843,0.48106574060229224,181516000
0.4916228652000427,0.49186278087929874,0.48370507573957866,0.48418490709809076,140448000
0.4894633889198303,0.4969013460560155,0.4873039764734062,0.4911429128655511,210524000
0.48898354172706604,0.49042309277338914,0.48346508156860213,0.4865842137105379,273944000
0.5026596188545227,0.5028995344533768,0.4873038764382156,0.48946328844134923,226204000
0.49930059909820557,0.5038592817494263,0.49594149450719355,0.5038592817494263,320832000
0.5350508093833923,0.5398494667335522,0.5247336903600979,0.5278528233581526,676904000
0.5352906584739685,0.5360104627073654,0.5256933449680105,0.5338510500071746,310084000
0.536970317363739,0.5396096192833313,0.5309720235195611,0.534331072648662,203340000
0.5307317972183228,0.5372100338519625,0.5297720775259461,0.5362502569550981,170948000
0.5321714878082275,0.5384097525818989,0.5297721596033151,0.5374500327408334,169432000
0.5360105633735657,0.5362504790949221,0.5278528568023322,0.5316917943665925,157752000
0.5316917300224304,0.5357705828144333,0.5290524285888661,0.5357705828144333,125008000
0.5373517870903015,0.5373517870903015,0.5289218314627834,0.5337389653712983,149356000
0.5332573056221008,0.5375927612174863,0.5308487383218113,0.5351841364924228,123820000
0.5347025394439697,0.5378336831567507,0.5303670831840654,0.5337391238611409,152864000
0.5313305854797363,0.5344617293651126,0.5294036967830815,0.5332574167516051,157492000
0.5443365573883057,0.5472268602196179,0.529162582373429,0.529885158081257,301512000
0.5342206358909607,0.5428914882746366,0.5325346447920188,0.5402420818941229,160344000
0.5402421355247498,0.5414463903900714,0.5301261305021031,0.5322938581694069,226840000
0.5505990386009216,0.5515624540806084,0.5387970410566225,0.540242192988541,323056000
0.5431321263313293,0.5501169268626575,0.5426503902077346,0.5474675217447309,257392000
0.5445776581764221,0.5486722749608388,0.5421690904692978,0.5433734030352518,222388000
0.5539711117744446,0.5575839921930422,0.5460228322783159,0.5469862479150133,527212000
0.5510807037353516,0.5611966511000781,0.5496355519904566,0.5539709498003723,262120000
0.5460225343704224,0.5498762522394235,0.5356656927208121,0.5457816949488457,406972000
0.5467450022697449,0.5481901533638047,0.5359064264890394,0.5433730213334342,359288000
0.5532482862472534,0.5566203255925193,0.5474677376085636,0.5510806163982198,236956000
0.5599923133850098,0.5602331528319255,0.5481903191147259,0.552044037389182,299900000
0.5508398413658142,0.5628826776204128,0.5457818673663147,0.5599924313741729,413844000
0.5592697262763977,0.5611965566621654,0.5486720443051563,0.5527666019434823,310756000
0.5652909874916077,0.568663026047408,0.5585470252295004,0.5638458937388323,462084000
0.5469860434532166,0.5556568957919253,0.5467452039902638,0.5484311950804621,426012000
0.5395196676254272,0.5491539381754699,0.5371110999879166,0.5453002184704964,330480000
0.5067629218101501,0.5392785998684216,0.5050768734951181,0.5392785998684216,542552000
0.5050770044326782,0.5072447321784662,0.49279332872275877,0.496406208299072,311920000
0.5149520635604858,0.5168788939851842,0.4997780873355144,0.5079672027776232,318288000
0.5171199440956116,0.5197693510708637,0.5106167602794468,0.5173607836138769,253252000
0.5041136145591736,0.5161564513823578,0.5036319355411116,0.5156747723642958,357276000
0.5060403347015381,0.507726325553895,0.4973694835860196,0.5060403347015381,330768000
0.5072447657585144,0.5103759091236794,0.5029093674047042,0.5089307571974838,192204000
0.5219370126724243,0.5236230039355513,0.49977817191457846,0.5050769851916143,515864000
0.526513397693634,0.532293948361128,0.5190467980493733,0.5219371020955104,413964000
0.5303670167922974,0.5322939051415285,0.5219370597168349,0.5269950339621123,366432000
0.542650580406189,0.5443365712926019,0.5260314535511443,0.5262722929849869,379432000
0.5481903553009033,0.5484311947637169,0.5412054940564269,0.5431323820332298,258728000
0.5431321263313293,0.5501169268626575,0.5407235031380936,0.5469857856211362,236724000
0.5385559797286987,0.5431322731533512,0.5332571106356931,0.5409645461482916,220276000
0.545059323310852,0.5491538821342921,0.5373518846874495,0.5400013490156808,243560000
0.5416873097419739,0.5465044442523481,0.5378335906487199,0.5419281492400607,155284000
0.5347025394439697,0.5400014112867029,0.530126243644554,0.5303670831840654,293636000
0.5320528745651245,0.5404828286132818,0.5310894020241165,0.5371108469940189,231624000
0.5313305854797363,0.5385562888864232,0.5286811206999342,0.5385562888864232,230456000
0.5373517870903015,0.5380743629190553,0.526272367615764,0.5344615412000521,207420000
0.5351841449737549,0.5402421765818618,0.5214553168870146,0.5274767639455503,259380000
0.5306078791618347,0.5351841166655075,0.5245864324218,0.5349432771718331,240960000
0.5347025394439697,0.5440959705823127,0.5277176759750903,0.5322939717745061,248456000
0.5373517870903015,0.539278675108567,0.5286809345700215,0.5337389653712983,234484000
0.5332573056221008,0.538797016155244,0.531089577824408,0.5334981451246975,195156000
0.5347025394439697,0.5373519466529448,0.5294036676012366,0.5306079801483599,218844000
0.5479496121406555,0.5496356035261943,0.5366292940273917,0.5390378613531293,256968000
0.5445776581764221,0.5510808426679632,0.5428916665239135,0.5474679623948848,200720000
0.5306078791618347,0.5433732911229273,0.5281993119507752,0.5426507152171323,292928000
0.5322938561439514,0.5385561422091527,0.5253089941923983,0.5334981110046907,316484000
0.5416873097419739,0.5433733010781275,0.5284401611260582,0.5301261524622118,534564000
0.5017051696777344,0.5260317461968493,0.4935160501236832,0.5060406264473777,1146552000
0.49688783288002014,0.5019458637329687,0.49086644414524616,0.4947201053716136,544144000
0.5017051696777344,0.5057997294547599,0.4930343135632374,0.49327521055585516,388800000
0.5045951008796692,0.5091713938314929,0.49977796853819595,0.5053176764733649,308524000
0.512784481048584,0.5154339454115702,0.5048362028091796,0.5060405152332237,293052000
0.5130254030227661,0.5173608016263732,0.5098942594771911,0.5149522340855293,215824000
0.5123026967048645,0.5154338394539785,0.5094123934211392,0.5118209603493219,324972000
0.5091087222099304,0.5146740744306305,0.5081407897180532,0.5129802214151336,253808000
0.5091087222099304,0.5153999949542503,0.5086247559639918,0.5093506764876116,196824000
0.5054788589477539,0.5115281742951362,0.5049948929513666,0.5093504138472129,239692000
0.5047531723976135,0.5086247290888244,0.5035433433825577,0.5066889795885057,212592000
0.5016074180603027,0.5057209280476553,0.497735862280865,0.5023333383746074,259732000
0.5284664034843445,0.5308861191244879,0.5033013146743961,0.5049951098534393,432332000
0.5357257127761841,0.5374195084685944,0.5274986886443082,0.5284665636556014,327656000
0.5354835987091064,0.5391131433413956,0.5347576782445342,0.5357255529671066,335168000
0.5415329337120056,0.5468563319565156,0.5354836725933431,0.5388712634350405,372660000
0.5308859348297119,0.5410487600665616,0.5304019687934614,0.5381450792301612,224304000
0.5250787734985352,0.5364514303798569,0.5241108411630705,0.5323379198711171,250788000
0.5345156192779541,0.5362094141332938,0.5219330772776473,0.5219330772776473,323712000
0.5386293530464172,0.5410490692292251,0.5272566350656941,0.5328219880552107,313320000
0.5262885689735413,0.5405649065738695,0.5202393095590098,0.5369353624632633,342812000
0.5289505124092102,0.5328220123255846,0.5258048754592157,0.5267727504383094,256888000
0.5195136070251465,0.5260468353159996,0.5166099243667284,0.5226592440082368,529460000
0.5250787734985352,0.5287083178395425,0.5195134221771656,0.5195134221771656,283052000
0.5108025074005127,0.5248368359673737,0.5095926206549586,0.5216911996576233,323728000
0.5098346471786499,0.5122543630482869,0.5042692949094272,0.5081407941483848,306548000
0.5161259174346924,0.5168518380422049,0.5037853824881451,0.5088667690501499,256892000
0.522175133228302,0.5250788150835264,0.514674032023068,0.5158838610023637,233544000
0.5308859348297119,0.5342735240118113,0.5250786308474628,0.5265304712656629,299404000
0.529192328453064,0.5352415887596638,0.5243528971315553,0.5308861236465348,355656000
0.527014434337616,0.5330637508114394,0.5190293688988811,0.530160069673515,514236000
0.5134643912315369,0.5320962048830936,0.5093508784272138,0.5279826920787707,414064000
0.5083827376365662,0.5153999300204288,0.5059630220928792,0.5127382025389748,253368000
0.5122544765472412,0.515400113643798,0.5083829187598952,0.5083829187598952,350460000
0.5018495321273804,0.5086247713222213,0.49967182818134065,0.5081408050616689,421296000
0.48684725165367126,0.501123590658715,0.4861213312220106,0.49604214763709065,391724000
0.4866052567958832,0.491928654251389,0.4832176664562755,0.4897508928799678,315916000
0.49362245202064514,0.5057210302190783,0.48926698694543774,0.49870389524738706,302892000
0.49410638213157654,0.4972520180024455,0.49096074626070757,0.4933804617236401,145764000
0.48805710673332214,0.49676809468948363,0.48442756207108867,0.48999291388500926,214776000
0.47886207699775696,0.48708912579476177,0.4636178658210619,0.4851533767557299,594252000
0.47547465562820435,0.4791042296289949,0.47160309848924503,0.47620057619742046,332492000
0.4696672856807709,0.4851535131076538,0.4667636324608743,0.48297575155876543,357588000
0.4778941869735718,0.48224967986064476,0.47450656857461326,0.47571642610739584,216708000
0.48103997111320496,0.483701641201412,0.4778943347859713,0.4827337664139345,212472000
0.48128199577331543,0.4822498995476334,0.4749907510440624,0.48176596208312045,249216000
0.4778941869735718,0.48321755434875924,0.4735386940864988,0.4800719189944688,265732000
0.4885411262512207,0.4885411262512207,0.4791042167947865,0.4807980121807241,282848000
0.4856374263763428,0.48733122170063115,0.4793461536343707,0.4868473131454496,220372000
0.4766845107078552,0.4875732614888023,0.4754746527150044,0.4856374540858932,188412000
0.47886207699775696,0.48563728517020804,0.47571644154141035,0.47571644154141035,149720000
0.4696672856807709,0.47547462096585197,0.4638599792409777,0.47547462096585197,356472000
0.47547465562820435,0.48249182049161676,0.4696673199197654,0.47063522362715027,169916000
0.4699092507362366,0.4793461305494336,0.46797347238229475,0.47886219317226986,188844000
0.46724754571914673,0.4725709144881724,0.4619241769501211,0.465795704761555,192420000
0.47741037607192993,0.4805559834133985,0.46361797347194883,0.46845740488379156,198308000
0.48321768641471863,0.48708924311585133,0.47450669825981334,0.4764424766103797,232680000
0.4844275712966919,0.48926700273221513,0.4820078267336436,0.4820078267336436,190180000
0.48273375630378723,0.48660528421790167,0.47983010315687963,0.4863633299487436,218340000
0.4909607172012329,0.49144462565083696,0.4803139524873312,0.4866051950114131,397132000
0.4928966760635376,0.49434851741110414,0.48733132269159146,0.48926713038520964,260100000
0.4979780316352844,0.5054791336674627,0.497010099116454,0.5049951674080475,234628000
0.49483242630958557,0.500397779035422,0.4866053455253609,0.4967681760878845,655676000
0.5560513138771057,0.5654881662882381,0.5294343790737179,0.5434687670748193,1405248000
0.5754088163375854,0.5795223263223729,0.5487918920045095,0.5521795393660048,662304000
0.5725053548812866,0.5780707076304558,0.5669400021321175,0.5669400021321175,435008000
0.5739572048187256,0.5780707164455203,0.5633104654499287,0.5633104654499287,384048000
0.569117546081543,0.5758927831219537,0.5676657054521292,0.5746828967005889,276884000
0.5696017146110535,0.5729893054898478,0.5652461911749633,0.5686337820537576,214652000
0.565971851348877,0.5686335204303786,0.5589546608352229,0.5686335204303786,273880000
0.5608206987380981,0.5681103886329643,0.5564468500411952,0.5642225424357079,287084000
0.5586338639259338,0.5664095575667132,0.5525590924065785,0.5600918137252443,249248000
0.5384657382965088,0.5549890156471344,0.5357928108937235,0.5523161461776668,426932000
0.5216993093490601,0.5435683784859202,0.521213306861586,0.5345777669674303,382664000
0.5032320618629456,0.5304469254411145,0.4859797564101324,0.4925404710715425,682284000
0.49278369545936584,0.527288262028679,0.49278369545936584,0.5253443093308825,622684000
0.5299609899520874,0.5304469924797734,0.5049330474090881,0.5088208938306498,614976000
0.5498861074447632,0.5501290797157895,0.5323908293982106,0.5355497006547631,463764000
0.5523161888122559,0.5557180334784143,0.5459984441846347,0.549886291488811,320944000
0.5462415218353271,0.5535312731442208,0.5440546543759922,0.5496434250905885,219352000
0.5238861441612244,0.539437527624248,0.519998356228769,0.530446916647169,353408000
0.539680540561676,0.5399235128424418,0.5292319793557824,0.5382225910104713,344044000
0.5411388278007507,0.5503724754316007,0.5401668801378563,0.5476995469419647,262556000
0.5285029411315918,0.5404094504592728,0.5282599688799956,0.5319047843871298,287972000
0.5511012673377991,0.5532881925317307,0.5391948097930476,0.5413816770536513,238448000
0.5401666164398193,0.5574188673173666,0.538951639004322,0.55280210368909,289392000
0.5486711263656616,0.5554748713062893,0.5345777498790723,0.5370076463721603,357076000
0.5503722429275513,0.5540170596069927,0.5404096242748907,0.5425965490425454,301584000
0.5513441562652588,0.554746000405699,0.5484282567544169,0.5530450783354789,192460000
0.557418942451477,0.5603348423430524,0.5498862783093346,0.5515872006016468,327976000
0.5613065361976624,0.5644654070093356,0.5523159261695517,0.5564467438617487,173508000
0.5664095878601074,0.5761291764642589,0.5651946103179296,0.5710263518937568,268712000
0.5659233331680298,0.5707831253053284,0.5552318020526315,0.558633644962082,326412000
0.5717551708221436,0.5729701480328003,0.5637365066183755,0.5666524055773101,281840000
0.5562039613723755,0.5632506800434068,0.5532880618027586,0.5593628332616891,228356000
0.5588768720626831,0.5622787165235322,0.5545030803177797,0.5566899472235722,161632000
0.5695682168006897,0.5753999558869431,0.5467271469851493,0.5554747845811762,382440000
0.5736992955207825,0.5848768343179964,0.5681105261221754,0.5766151374244125,369692000
0.5661665201187134,0.5773440578603414,0.5625217036000557,0.5736992413416836,395584000
0.5761290192604065,0.5771009662689504,0.5642225090891626,0.5722411732929287,380736000
0.5989701151847839,0.5996990900225185,0.5780729909918837,0.5814748349457721,556380000
0.5873066186904907,0.6006710218642133,0.570297283487612,0.5989700999305871,489296000
0.6026149392127991,0.6026149392127991,0.5780729428740603,0.5841477133717586,386144000
0.6176803708076477,0.6252130335288892,0.6033439622672409,0.6065028339094766,482024000
0.6256988048553467,0.6283716729752103,0.6086895334926642,0.6111194294016188,453216000
0.6322596669197083,0.6385774093575399,0.6169513132946939,0.6271569016891374,310152000
0.6359046697616577,0.6376055918506419,0.6188953330051886,0.6295869260406801,460068000
0.6334748864173889,0.6385776535996577,0.6215683717254379,0.6325028811064886,423248000
0.6402784585952759,0.643923333009535,0.6295869235356383,0.6342036872159486,227588000
0.6414933800697327,0.6453811685279547,0.6329887124674282,0.6351756369251593,298444000
0.6648203730583191,0.6752689344586773,0.6414933536048055,0.6422222704606693,612148000
0.6665211319923401,0.6801285615083593,0.6592314438158967,0.6660351296072604,526048000
0.6769697666168213,0.6832875086635889,0.6670071511071883,0.6687081306787244,448396000
0.6757547855377197,0.6823155577325561,0.6679791520845213,0.6791566867276231,294712000
0.6747831106185913,0.6779419828969397,0.6677363910797126,0.6728392159549869,264824000
0.6660352349281311,0.6830445679628282,0.6648203156732533,0.6789136918696611,386280000
0.6900911927223206,0.6922781167921355,0.6728389462159089,0.6738108931580606,306884000
0.6947082281112671,0.6993250499319164,0.6857176147306926,0.6961661779423475,381776000
0.6915491819381714,0.696894977327892,0.6852314395503112,0.6951940555978221,247436000
0.6910632848739624,0.6954370756326715,0.6876613832468492,0.6881473857459526,208268000
0.6966520547866821,0.6966520547866821,0.685231488460144,0.6954370775023099,217036000
0.6725958585739136,0.6925210298857578,0.6713809394833329,0.685474371707145,327168000
0.6893624663352966,0.6942223186631318,0.6747830831517481,0.6798859078193134,301160000
0.6973809599876404,0.6981099347594252,0.6874184013287562,0.6915492197466668,190088000
0.6925211548805237,0.697137975711276,0.6847455206708027,0.6932501296397637,376768000
0.6811004877090454,0.6956798636202018,0.6779416171349658,0.6905770994312842,442264000
0.6733250617980957,0.6864465516175822,0.6713811674198895,0.6845025993060632,478800000
0.7666330933570862,0.7761097073768367,0.7245958768284132,0.7399042310398163,1172272000
0.7632313966751099,0.7654183213929898,0.7525398033432401,0.7591005774968801,492568000
0.7486518025398254,0.7573994410022818,0.7326144750142052,0.7532685650598533,552260000
0.7413621544837952,0.754483583936619,0.738689227792811,0.7491377884879528,619896000
0.7386892437934875,0.7464649358993757,0.7355303724963019,0.7396611908233978,291080000
0.7241097688674927,0.7425769917289048,0.7204648955703015,0.7394181208491043,292940000
0.7386892437934875,0.7391752462750943,0.7277546803904138,0.7335864784364816,344280000
0.7386892437934875,0.7450069863878588,0.7355303724963019,0.7406331957866112,257048000
0.7568608522415161,0.7578365483272721,0.7336891460408809,0.741738260751911,350216000
0.7590558528900146,0.766617117283833,0.753445863774187,0.7595437007861541,254072000
0.7656417489051819,0.7700322070546194,0.7600317578164365,0.7646661109230748,239744000
0.7541778683662415,0.7719834795342125,0.751494849389232,0.7719834795342125,242552000
0.7602756023406982,0.7668612304709592,0.7507630025288564,0.7541777640551701,195428000
0.7592998743057251,0.7678368359145853,0.7566168558130174,0.7588120844815747,138300000
0.7656417489051819,0.7680808729371014,0.7568608907596107,0.7607635008413428,86996000
0.7736905813217163,0.7771054002412827,0.765641469142172,0.7663732118997016,327244000
0.7988137602806091,0.7995455031724678,0.7797885613988713,0.78052030429073,409496000
0.7927159070968628,0.8083262861340997,0.791008526432891,0.8000332777224388,294240000
0.7910085916519165,0.8073507149144559,0.7871059820325123,0.7990577058190326,246656000
0.823204755783081,0.8246682411394498,0.7910083105560732,0.7910083105560732,458756000
0.8075946569442749,0.8229611421299999,0.8051555332346884,0.8229611421299999,333588000
0.8185705542564392,0.8219853152756217,0.7924719405337058,0.7975940820624795,314488000
0.797838032245636,0.8232049630680791,0.7895450240090486,0.8183267160873464,372676000
0.8044237494468689,0.8088141486398018,0.797594168514948,0.800277187013224,236596000
0.7924718856811523,0.80198448342183,0.7907645052897408,0.7963744943557854,227320000
0.7944232821464539,0.7988137393827464,0.7849106829544452,0.7932037494607894,275892000
0.8041797876358032,0.8097897776372234,0.7990576456075342,0.803448044752723,307296000
0.8090580701828003,0.8117411469226842,0.798813785677665,0.8058872036016979,236356000
0.7968623638153076,0.8185705794901805,0.7963745740279802,0.8102775715727245,254160000
0.7839348912239075,0.7993013722266347,0.782959253636316,0.7912522603607642,395896000
0.8024722933769226,0.8032040361564312,0.7853984308793859,0.7924719056457793,284216000
0.803204357624054,0.8112534732668729,0.798326109243758,0.8049117387418268,130012000
0.8063749670982361,0.8095458333470715,0.8029602059543484,0.8044236916312401,122524000
0.8090580701828003,0.8110094040075608,0.8027163370205954,0.8039359279302327,52448000
0.8083263039588928,0.8083263039588928,0.7893011631741798,0.8005211433448052,142024000
0.8214977383613586,0.8239368623146736,0.8066190415388264,0.8088142705428004,203660000
0.8144242763519287,0.827839487417264,0.8141803813981254,0.8207660103772398,180344000
0.8039359450340271,0.8168633065540768,0.8039359450340271,0.8132046500539175,148528000
0.7895451784133911,0.7946673212988652,0.7814960635057591,0.7875939025008207,358076000
0.8022286295890808,0.8156438402067042,0.7927160288685824,0.8044238585599577,490272000
0.7690564393997192,0.7927159327047139,0.7600316296653422,0.7890572181970888,449344000
0.7385672330856323,0.7549093526083934,0.7288106821931906,0.7497871532130369,645304000
0.7227128744125366,0.7488114856309878,0.7212493889295188,0.7480797428894789,398472000
0.7239326238632202,0.7290548245890551,0.711005261810659,0.7234448339915305,409372000
0.7361282706260681,0.7468604623528515,0.7310061278609904,0.7368600136144079,469356000
0.7136881351470947,0.7466163263790339,0.7129563923949821,0.7417380219805221,481672000
0.6992973685264587,0.7073464815355709,0.6785647906173422,0.699053415479951,600236000
0.6612468957901001,0.6792964532838429,0.6497830230156647,0.6712473412246381,841452000
0.6666130423545837,0.6939312465334057,0.6639299660214566,0.6749060499310269,457140000
0.6702718734741211,0.6788088363195927,0.6451488911391186,0.6539297489319945,481180000
0.6780768036842346,0.6885650379355055,0.6636859611749807,0.6775890139977848,481456000
0.6939312219619751,0.6985655735066546,0.6895407652922941,0.6910042508488544,257996000
0.6931993961334229,0.7017363554217125,0.6917359107521985,0.6936872439782568,270728000
0.7000292539596558,0.7029562261308314,0.68758973853877,0.6946632158502409,227944000
0.6917359828948975,0.7012485807116677,0.6785647293967747,0.6990533524108861,231700000
0.6841748356819153,0.6997852150255235,0.6707596268617579,0.6973460914357943,276776000
0.7144201397895813,0.7158836259494145,0.687345878445902,0.6900288976367238,310504000
0.7146638035774231,0.7183224593424428,0.7075903287708908,0.7136881659169702,289884000
0.6844188570976257,0.7110053265857009,0.6795406090165095,0.7073466696015158,341908000
0.6878334879875183,0.6939313260030062,0.6719792138231777,0.6897848217399234,326772000
0.6880775094032288,0.7036878902066761,0.6812479278213275,0.6888091942106085,348140000
0.6446611285209656,0.6910045475606854,0.6427098523765458,0.6834432798094218,600428000
0.6151475310325623,0.6380752795392577,0.6061227220447925,0.6349044132794012,608852000
0.6217330694198608,0.6475877855882781,0.6049031027936358,0.6078300737384684,425372000
0.6202698349952698,0.6436854375713108,0.6168550729463961,0.6256359311815746,335800000
0.6170990467071533,0.6234407816953355,0.604415576730789,0.604415576730789,340144000
0.6275871396064758,0.6288067305802454,0.6036836915309368,0.6268553966528737,340816000
0.6583200693130493,0.6592957652915341,0.6346605758240406,0.6366118514744207,485352000
0.6746622920036316,0.6810040254917945,0.6639301007990644,0.6666131776768554,771468000
0.7327133417129517,0.7556411477620102,0.7292985806481838,0.7300303234696751,1068660000
0.7424699664115906,0.7490556529694906,0.7232008710628379,0.7288108615840355,525628000
0.7688124775886536,0.777349439240514,0.7517386124382263,0.7532020982246359,449668000
0.7707638740539551,0.7780812454279527,0.7590560449635799,0.7627147597272279,369380000
0.7761297821998596,0.7773493729689915,0.7463724536418478,0.767592879429091,336852000
0.7778370976448059,0.7817397063647541,0.7639341013295332,0.7790566883118514,349616000
0.7727149724960327,0.7834471030843291,0.7649097548936618,0.7814958277603788,361964000
0.767696738243103,0.783853617814227,0.7672071712046866,0.7738167931446611,323344000
0.8017240762710571,0.8017240762710571,0.7684310696788387,0.7696551038817887,348700000
0.8063750267028809,0.8093126612679887,0.7958485806647733,0.7973173979473271,233812000
0.7992759346961975,0.8088231314283076,0.7885046455974187,0.8053959296083115,302004000
0.796828031539917,0.8061304460608844,0.7907079774448152,0.8053960372348657,175304000
0.7916871309280396,0.7978071847229721,0.7814054662332228,0.7924215397180379,239968000
0.7772440314292908,0.7882601074099582,0.7747960210297171,0.7836088701412167,274940000
0.7767543792724609,0.7853223855497294,0.7667174968781624,0.7840984096666191,222788000
0.7755302786827087,0.785811943701068,0.7598630268551007,0.7814054908224167,286084000
0.7887496948242188,0.7889945367261144,0.777733676924458,0.7870360933368153,277400000
0.7907082438468933,0.7938906637101278,0.7814057678266136,0.7850778131938769,190312000
0.7867910265922546,0.7916870457554053,0.7728373778137906,0.7865462431436427,226216000
0.8102920055389404,0.8129848571844936,0.7772438439343358,0.780915887830473,363644000
0.8034374713897705,0.8112710664917958,0.7924213998493794,0.8073542981233572,353680000
0.827673077583313,0.8384443111723737,0.8078441534042932,0.8129850158622749,545512000
0.8301209807395935,0.8303657642271364,0.8115160932876161,0.8203289408559382,337780000
0.8286522030830383,0.8345274156237956,0.8183705373628398,0.8274282272210809,242012000
0.8428507447242737,0.8489707411136866,0.8286522503781403,0.8323242949039222,429008000
0.844074547290802,0.8455433647994329,0.8325689074151191,0.835261700604172,244956000
0.8526427745819092,0.856314760694903,0.8416266995125937,0.8426058919183809,265388000
0.8663513660430908,0.8683097502277949,0.8470120741672574,0.8489704583519616,261812000
0.8754094839096069,0.8874047542438473,0.8690446442071453,0.8695342697093273,376700000
0.8722268342971802,0.8812844659627374,0.8653724292632986,0.879326081200247,379884000
0.8849565386772156,0.8854461640660942,0.8602315946596036,0.8668412164010458,348292000
0.8763882517814636,0.8969515790635922,0.8729610500228264,0.8923003433253546,393940000
0.8751643300056458,0.8832427679994925,0.8651274491969886,0.8685547095316176,339568000
0.8763882517814636,0.8768778770463344,0.8477465453676126,0.8641482038112216,453376000
0.86733078956604,0.8785916475457035,0.8636588036486337,0.8707579919863296,378104000
0.8729610443115234,0.880060289597363,0.8643929816058339,0.8744298617313733,255936000
0.8783470392227173,0.8927903190060654,0.8754094032107904,0.8781021973116063,387524000
0.8773676753044128,0.8825084789559963,0.8602315464021396,0.8812844447350493,292764000
0.8993995785713196,0.8996443620184336,0.8812842610863937,0.8812842610863937,350716000
0.9018477201461792,0.9057645476990889,0.8932796562263668,0.8969517002963323,416564000
0.9089468717575073,0.9170253095047799,0.8986652077977547,0.9016028427477281,436972000
0.9050299525260925,0.907233178514395,0.8962171069380307,0.907233178514395,307320000
0.8888732194900513,0.9101708989888244,0.8832427910936315,0.9084572979592824,309152000
0.8923001885414124,0.8976858320601526,0.8864249782078772,0.8874041702026093,200172000
0.8913211822509766,0.8967068268918009,0.8874043550908456,0.8925451579081181,178280000
0.8878940939903259,0.9003789274435069,0.8849564586530306,0.8942589316443578,223540000
0.8923001885414124,0.8971962068802153,0.8856905696205425,0.8881385787899441,191972000
0.893034815788269,0.9079677162335377,0.8891179884851632,0.8976860518585295,214536000
0.9133532643318176,0.9138428896110683,0.8891179511294166,0.8908315520590626,352396000
0.886180579662323,0.913108752359122,0.8839774111635372,0.9077231061467279,381224000
0.8697788715362549,0.8844669331504521,0.8602316139774762,0.8825085482812933,321904000
0.8812844753265381,0.8866701210283581,0.8739404448414196,0.8781020562798034,256076000
0.8707578182220459,0.8749194286683784,0.8631690060393399,0.871247443483736,224024000
0.8509290218353271,0.8609658443473723,0.8421161750213857,0.8602314355824474,525764000
0.856069803237915,0.8661066838620259,0.8497049663458338,0.8580282460167159,246884000
0.86488276720047,0.8670859937386816,0.8528875005348691,0.8546011017206459,183240000
0.8636587858200073,0.8707579740111538,0.8565595392636983,0.8670859881695487,333336000
0.880305290222168,0.8817741080043839,0.8607212087663992,0.8690444317120676,269676000
0.8827532529830933,0.8925452931849542,0.8781020163776603,0.8829980948437542,328176000
0.8707578182220459,0.8930347462387784,0.8550905685949438,0.8891179192407148,670540000
1.0031954050064087,1.0036849719571255,0.9547247749759261,0.959375952833529,2110256000
1.0328160524368286,1.0477490080610306,0.9924238706875295,0.9956062885444528,973032000
1.0350195169448853,1.0423634875985446,1.014945755915578,1.028164996476412,628392000
1.0614584684371948,1.0734537970248554,1.0281654520937136,1.0281654520937136,541072000
1.0661089420318604,1.073697810795586,1.0558273392399304,1.0572960395842546,398880000
1.085204005241394,1.0896104587308253,1.071005510706785,1.0727191120531743,391084000
1.0869172811508179,1.0940164679273665,1.0803076612608447,1.0898549159308732,413636000
1.1133016347885132,1.1167378531689072,1.0872853385613803,1.0902306017254755,415788000
1.1086385250091553,1.1214011379996867,1.0998027348232868,1.1167379408294844,458076000
1.1204195022583008,1.128518918372857,1.1074113526510874,1.1106020352729864,309964000
1.1265559196472168,1.128273971236676,1.1179655446664332,1.1216471841011206,277416000
1.1466814279556274,1.1491358536625278,1.1307280119611525,1.1314643864866063,412524000
1.1488903760910034,1.1599349401101917,1.1378456950383617,1.1412817972265696,387132000
1.1569900512695312,1.1668075217204272,1.1437363608306903,1.1550264635525684,329208000
1.1407904624938965,1.1471718264449995,1.1206646943609802,1.145699312025589,461076000
1.1348998546600342,1.15257131196103,1.1290093298819044,1.1437355247938352,322512000
1.137109398841858,1.1481540806549408,1.13661856050502,1.1417727141422023,193400000
1.1334278583526611,1.141527275942764,1.1241012279074616,1.137354799048819,234616000
1.1628801822662354,1.1645982333282365,1.127046412077696,1.1295008376139555,472168000
1.1339186429977417,1.1594441074146844,1.132446011048037,1.1491358008002055,400024000
1.1483993530273438,1.170734132966949,1.1351457833591878,1.1351457833591878,475588000
1.1506086587905884,1.1560082323112995,1.1329371889559703,1.145699923671721,298344000
1.1623891592025757,1.1724520448280817,1.1474175403182791,1.1601802701978212,301036000
1.1670523881912231,1.1690158579447745,1.1425087236882718,1.1537988210629717,246456000
1.1466814279556274,1.1687707911838945,1.142018112739284,1.1685253720198963,471000000
1.167297601699829,1.182269216854854,1.164352339071502,1.1650887132452856,293768000
1.1601800918579102,1.1753971275110076,1.1584619242996848,1.1722064455315855,212508000
1.1591984033584595,1.1702430817499974,1.1572349335859122,1.1626345047187734,202620000
1.1901239156723022,1.1913511286657696,1.169507182109245,1.1702435567187146,297880000
1.1223829984664917,1.162389241734547,1.1118292738758007,1.1412816755197244,1017684000
1.1103566884994507,1.1216467879715204,1.0939123190458384,1.1130564160245802,449088000
1.1265559196472168,1.1326917513047219,1.1110933383085957,1.131464655193313,381920000
1.1449631452560425,1.1537989355740854,1.1334276276464608,1.1363728910858084,318932000
1.1537988185882568,1.1609164403171481,1.1375999883477104,1.1469264989154313,430940000
1.1452088356018066,1.1623894650447728,1.1412818947749097,1.1474178422212165,218488000
1.1621438264846802,1.164107296527468,1.1297461611616373,1.1388272539970714,371084000
1.1695070266723633,1.1763793483023106,1.148154038371293,1.15404456633026,273104000
1.1999410390853882,1.204113515245039,1.171961269707274,1.1773608414726116,395400000
1.2480467557907104,1.2539372831053173,1.2080405113514687,1.2127038259699585,481932000
1.2767629623413086,1.2860894749936664,1.264491068856462,1.2659637007559814,448776000
1.2959067821502686,1.3076877177870618,1.2747991017939364,1.290998049215486,436760000
1.2954156398773193,1.3057240594752397,1.2934521703936133,1.2983609026195824,324604000
1.3086698055267334,1.3204508619002582,1.2914892933711124,1.3022885560356894,316892000
1.293452501296997,1.299343028288494,1.2723449356220504,1.291979869549123,428616000
1.300079345703125,1.3113694449360838,1.295170611994597,1.3094059748593612,252992000
1.313578486442566,1.3187326394198784,1.296888697758742,1.299343123195622,382652000
1.3307591676712036,1.337876908727642,1.312596861827413,1.3179964346367938,296460000
1.3062152862548828,1.331986167367751,1.3017973908269345,1.327813691069115,361308000
1.3418033123016357,1.3418033123016357,1.3013062398606137,1.3108782858042567,315768000
1.3665927648544312,1.3697834477017234,1.3440125657864317,1.3499030932071086,312528000
1.389909267425537,1.3970268901676983,1.3766556984389249,1.3786191684677858,514508000
1.3759191036224365,1.404389824097211,1.3675742695614637,1.4019353991792312,446676000
1.3788644075393677,1.3891727116199044,1.3746919318686217,1.3791098266317483,221916000
1.4014451503753662,1.4051266722671485,1.359230007113618,1.3840191006362745,409588000
1.3923639059066772,1.4124898003173818,1.383282810982045,1.407335646381758,301120000
1.3754286766052246,1.39972692879621,1.362175105779861,1.3989905542873249,282748000
1.3791098594665527,1.3818097036138695,1.366101710993272,1.3737102882053471,299828000
1.4046356678009033,1.4110170340766195,1.3830372603472638,1.3857369881330581,272712000
1.4284430742263794,1.4291793317004091,1.4139622906026892,1.4208344951607912,371588000
1.4416961669921875,1.4515136322580677,1.4264790139066807,1.4480775311183514,305064000
1.4453777074813843,1.4593676483465243,1.4416961872133967,1.4488138086692952,372344000
1.4360512495040894,1.4603494967969761,1.4313879353327152,1.4581406077825074,375740000
1.465258002281189,1.471393947186096,1.440714339694976,1.4436596026120045,681064000
1.5472344160079956,1.5555792521477612,1.4880841885574354,1.5192546437667935,1425744000
1.545762062072754,1.5585247962405113,1.524899909454956,1.5489527456146932,573304000
1.5364353656768799,1.546007298135411,1.5317720505115422,1.5435529894888143,287652000
1.5008469820022583,1.5398715567363828,1.4888206231706604,1.536435454213069,595212000
1.5241633653640747,1.5266176738400163,1.4927473742311825,1.4986379018269622,331684000
1.528090000152588,1.5396255168595838,1.5167999025407624,1.5234266862440702,291560000
1.5344715118408203,1.536680517975942,1.5145911588253524,1.5327534609765245,244748000
1.5468889474868774,1.5569703775990622,1.5424629108830736,1.5500855099369955,339764000
1.5230374336242676,1.5530359652756298,1.5159066956636382,1.5522983512448438,298448000
1.5129565000534058,1.5242674063031463,1.494023110661911,1.5235297920310267,406032000
1.525250792503357,1.5338568773674361,1.5048419429695545,1.5168905790283782,300024000
1.5242670774459839,1.5375450694724764,1.5218082464869427,1.5313979334503216,274652000
1.5154153108596802,1.530414521603057,1.5112351452840906,1.5223001791026571,285544000
1.508284568786621,1.5225461664107034,1.5038586487215588,1.5183661177660193,388544000
1.5527907609939575,1.5584461560734195,1.508284745709353,1.5095142202045893,428492000
1.537545084953308,1.557708061816156,1.5200870449459376,1.5559868449527658,323148000
1.552052617073059,1.552052617073059,1.5350863190928616,1.5429547896232105,306812000
1.5291849374771118,1.5547574373984063,1.520332981407723,1.5471348382489951,397988000
1.5402499437332153,1.5427088920286576,1.5102515249231137,1.5277095653744985,315808000
1.46353280544281,1.5318899848129381,1.450746553582336,1.523283898848822,697760000
1.4937772750854492,1.496727966974602,1.4094372710410623,1.4441077248648955,598260000
1.472138524055481,1.5073007078975564,1.4637783115980663,1.49008842301528,471768000
1.4851707220077515,1.4900885011965546,1.4632866456547649,1.47558103500222,319048000
1.541479468345642,1.5432006853091573,1.4841872140267625,1.4876297652029047,515212000
1.5451678037643433,1.555249234354075,1.5274637737596153,1.5468890207613921,902444000
1.5655769109725952,1.604673282796311,1.5542660043113805,1.5613967448644606,417128000
1.5513147115707397,1.5835262017942324,1.5427086285049896,1.5835262017942324,331112000
1.5948374271392822,1.5977881182878575,1.5557410625434402,1.5559869339309695,336212000
1.5987719297409058,1.6090993508661204,1.5896741003022083,1.60418157036573,308732000
1.5970500707626343,1.6054102825294034,1.5899193329392662,1.600738492592838,276132000
1.582051157951355,1.5884442829466086,1.5621341688118853,1.5788545954537283,230040000
1.6361470222473145,1.6386059710277767,1.5751665698309079,1.5759041841155679,402752000
1.6420482397079468,1.6432777139740262,1.6211476461810748,1.63860580556222,319788000
1.6572932004928589,1.662456968582102,1.6240982184855006,1.6393432996205262,336684000
1.68483304977417,1.7013076064896555,1.656555727561758,1.6663912873097828,429932000
1.683111548423767,1.7091759081438127,1.6801609745914288,1.6848328825955357,242596000
1.679423451423645,1.713847911394138,1.6668830713972007,1.6855707057306568,281624000
1.6777021884918213,1.7108972904940936,1.6725385372245667,1.6936850023541241,305440000
1.6558178663253784,1.6678663841821006,1.6292617651680936,1.6575390831620531,360212000
1.6437695026397705,1.6713090938230215,1.6390975940976245,1.666883056691127,286260000
1.6499167680740356,1.6612276737661165,1.6344256966319828,1.6523755994423366,287876000
1.6260647773742676,1.6469653625640919,1.6135244028105584,1.644506532261857,388540000
1.6334422826766968,1.6420483687171596,1.605902690098087,1.6194265563401185,419920000
1.6068857908248901,1.6179508229398352,1.5663140845694914,1.6142625179845536,390116000
1.6226229667663574,1.6376221773834705,1.6130332786876005,1.6265571436580495,330636000
1.613279104232788,1.6376221308371626,1.6110661444502503,1.622377049253771,195328000
1.6378679275512695,1.6472117435388243,1.6290159715756078,1.6356549678696313,269372000
1.6344261169433594,1.6420487189186663,1.6184432985673063,1.6268036322172061,199060000
1.6654075384140015,1.6708171778754877,1.6302454681598935,1.6536048912010406,312084000
1.6607362031936646,1.6636867778695008,1.644999257759871,1.6595067286833993,279508000
1.7386826276779175,1.740649716031408,1.6718006856663457,1.672046674303505,339836000
1.767206072807312,1.777779365456132,1.7273720856050583,1.735732300798773,397460000
1.7743364572525024,1.7937617027899555,1.7507310466092623,1.7524522634765616,333792000
1.7379449605941772,1.7913029229961683,1.7308142210804152,1.7878604889378613,388664000
1.7349942922592163,1.7728611820911393,1.7317977297718334,1.7463051966569478,290856000
1.749747633934021,1.7613044097380297,1.7396660864355744,1.740649689221726,252388000
1.6978646516799927,1.7657300634810043,1.6791770235395322,1.7561403780798341,473224000
1.6907340288162231,1.7340105547247597,1.6877833379419205,1.7108970049578907,295848000
1.6710633039474487,1.7000782422570309,1.638605931228137,1.6986028964744142,309664000
1.6614731550216675,1.6899963425903755,1.6371301322213223,1.6599978096474863,328780000
1.7524523735046387,1.7635174067743433,1.7089299718433273,1.710159446039764,487580000
1.749747633934021,1.7647468436158953,1.7335189500817345,1.759091332781466,429884000
1.7202404737472534,1.7433541376820951,1.6897503181081681,1.7022905767786445,456532000
1.666391134262085,1.758107843600382,1.64155636576661,1.7578619722166313,869280000
2.1630876064300537,2.182758726679528,1.9302304918411075,1.9550653808178253,2175344000
2.0566179752349854,2.168497576618812,2.056126232328643,2.166038627588813,1348796000
2.119319438934326,2.1503013477004838,2.063748278190341,2.072600352622779,626092000
2.253082752227783,2.275950314494399,2.1232532854293034,2.147596310454018,987984000
2.271770477294922,2.330783831085794,2.228985573023228,2.2698032717026035,832988000
2.295621871948242,2.319472921860028,2.257263119773255,2.2717705875382217,576060000
2.286278009414673,2.3199648525909953,2.2720162960855332,2.3135717273568157,436436000
2.3027524948120117,2.3049654546499023,2.271524599437203,2.294146409610084,330368000
2.3140809535980225,2.3456017310368176,2.2845300926463836,2.3079243774522435,443236000
2.3187592029571533,2.3419073590922155,2.30028971458301,2.3251618994317003,195564000
2.3175275325775146,2.333041674976669,2.3049682636216873,2.3116173159923328,278736000
2.2963500022888184,2.32565473735457,2.2786195819262707,2.3148192586641954,444568000
2.270493268966675,2.3187597432639944,2.268030638629718,2.3049691542866495,440500000
2.1581990718841553,2.269753651364306,2.0875232964642416,2.2680298576918516,1035524000
2.1781463623046875,2.186765332120447,2.096142618315924,2.1239696786565108,478292000
2.2626121044158936,2.280588876834882,2.191689972589145,2.21606944072651,602284000
2.2997963428497314,2.308169186854412,2.25497748492599,2.2707379805029593,498796000
2.341168165206909,2.3468320249166013,2.268029763340579,2.2862528920122034,480804000
2.302014112472534,2.3793389694391234,2.2914252244414164,2.344124247013778,381544000
2.261134624481201,2.3214676363048974,2.2338000484687153,2.319743842677057,382312000
2.206218957901001,2.2150842822888572,2.1557362325370226,2.2126216530395775,601332000
2.2451281547546387,2.272709092399748,2.2175474519588376,2.2185324099588852,387796000
2.375152111053467,2.39140509142128,2.254978317277027,2.278865308855373,983980000
2.4308056831359863,2.46109536428381,2.3788452880675153,2.3862329407123464,746548000
2.472670555114746,2.4798118541252965,2.406673425851203,2.458387487394947,1089528000
2.502713203430176,2.5229062494592043,2.4379474071483362,2.4551855794798056,744656000
2.589888572692871,2.6135292085391804,2.5640314290818673,2.5753593854317347,848056000
2.6061415672302246,2.6090966760823244,2.5539350355919788,2.6014626644518426,576136000
2.637662887573242,2.681004097844642,2.623379820603028,2.630521354088135,718612000
2.703413724899292,2.7048913970927235,2.616977416763169,2.619686169318643,647692000
2.8890910148620605,2.8900759727649925,2.7388738967485207,2.7595596566550897,1194272000
2.690361738204956,2.9533645624792473,2.676571385996024,2.945238071377652,2295764000
2.744046449661255,2.7455241219958726,2.5315263087339894,2.5832403783072726,2175368000
2.6285502910614014,2.756111717172081,2.617715050965024,2.742075012026095,1212932000
2.512070894241333,2.6194390504160268,2.447305100892924,2.5709262359144716,1501996000
2.570680856704712,2.598015441286649,2.500251183067083,2.5463013813896875,1199220000
2.5054218769073486,2.6058948598173832,2.48843006200547,2.574127737491566,984296000
2.5389132499694824,2.5672327873848086,2.492124224383963,2.5327566756296522,822856000
2.6418490409851074,2.6595796959789495,2.5487639242401046,2.5487639242401046,916248000
2.621901750564575,2.6888835834663674,2.601215991116085,2.6549001880749112,880920000
2.5896425247192383,2.6152533144620413,2.5647705709861452,2.6103282890457598,525664000
2.5472850799560547,2.5783135944910947,2.5024662188939866,2.5667395201060206,625616000
2.54703950881958,2.5857018057941867,2.537927826594289,2.5512256971711915,457820000
2.489908456802368,2.541376160540737,2.4766105823190068,2.5364511349188064,580612000
2.535219430923462,2.54211460664612,2.440656651963803,2.46848371177995,654424000
2.5896425247192383,2.6216560118977417,2.5359585499501596,2.538174823129953,644872000
2.5613224506378174,2.6300283140341216,2.539405610647343,2.6122976625805587,492024000
2.587918758392334,2.607865686923391,2.5536889976663835,2.5561516278256424,369904000
2.643080234527588,2.6492368095268497,2.583239687660837,2.5980152328097423,428052000
2.6544084548950195,2.6915933261211915,2.6184548987908283,2.685436750511288,522760000
2.7002124786376953,2.707600135016842,2.6275665255028944,2.657117385868843,458800000
2.7524185180664062,2.7553736270467835,2.6805114141923023,2.707107160166379,471996000
2.7093241214752197,2.7337036006197892,2.65736393130619,2.7314873270338063,496004000
2.6886377334594727,2.710062096061899,2.6645043841359475,2.6829738727960355,362756000
2.806102991104126,2.810289180613092,2.705383623792411,2.723114044513781,590004000
2.8415629863739014,2.8501821894828936,2.759559492039077,2.790095298851984,483240000
2.8166921138763428,2.854123344424577,2.804871910689554,2.8430417424780265,372744000
2.8888449668884277,2.8893374458925583,2.8073337030473935,2.8073337030473935,506768000
2.933664321899414,2.9777443704131943,2.9033746271442804,2.9230751996135895,746224000
2.9208590984344482,2.9380970416485814,2.865943567431854,2.915687715470208,449580000
2.8659424781799316,2.9319395861223514,2.846734625812673,2.9270143271620377,842568000
2.79797625541687,2.972326277566185,2.7728579463061993,2.9533645434013907,1651092000
2.6689376831054688,2.8068416908688683,2.664504901632425,2.792312501008666,1180724000
2.6787874698638916,2.712524746884733,2.6174692555237455,2.6593330230722554,850632000
2.6842057704925537,2.7039063452050245,2.653669950143037,2.6817433747905266,373020000
2.6411097049713135,2.6950400212524057,2.6019546955580246,2.693808706538544,647176000
2.640617847442627,2.645050628819739,2.580531172958028,2.627566329972343,563740000
2.735180377960205,2.7391204446960287,2.6649968383722453,2.6652431952898037,551952000
2.7309892177581787,2.7566323310841465,2.7120033155000636,2.7472627138961396,433772000
2.4777636528015137,2.623238920420828,2.457791783955978,2.601294413906689,1592888000
2.501681089401245,2.5149957485698438,2.3596577447418245,2.3934376109245608,1029904000
2.5744175910949707,2.58945821358181,2.5041457185052396,2.519926109269733,715400000
2.5021731853485107,2.593896695778086,2.4849134924579066,2.5840337453883926,625360000
2.5344741344451904,2.5734319010478313,2.49305062985797,2.5591308088538405,504804000
2.4410247802734375,2.5357071490961296,2.438312609422034,2.521652723951555,754332000
2.4269707202911377,2.4353539011653615,2.3724789864528417,2.4304226597944787,864692000
2.408231019973755,2.418833504317229,2.34658898631287,2.390724657958911,883568000
2.4346141815185547,2.4540931849461067,2.3954099770658672,2.408231534091516,603400000
2.43017578125,2.4977354987385874,2.4279567110681763,2.482941305616891,638712000
2.429682731628418,2.452120336925712,2.4015738816805245,2.414149004884137,478060000
2.4439828395843506,2.467899974460651,2.425736947618883,2.4560648584914526,499740000
2.511296510696411,2.5211592265030816,2.453599517411828,2.454339285762394,774136000
2.509571075439453,2.533487984123129,2.477270515574498,2.5241186019864763,522016000
2.5285568237304688,2.5394057432306347,2.4735719874064266,2.521159843850617,615036000
2.5596237182617188,2.5601170539383644,2.52510432963847,2.5391587529260926,523100000
2.6153481006622314,2.6165809694633504,2.5596235125217754,2.5771298732645787,1119688000
2.698688268661499,2.702633543331177,2.616827699169849,2.632854760257934,748568000
2.611402750015259,2.7112630036722845,2.603512672093823,2.681428190937113,913484000
2.6646616458892822,2.669346453220604,2.596362173007367,2.600307212037513,616764000
2.640498638153076,2.6767442389602176,2.630882587917206,2.656772134818201,533940000
2.649867534637451,2.694742972201354,2.6239779947807866,2.6868528939057086,439500000
2.669100046157837,2.673045085573386,2.5539527238592745,2.6032663044178848,506644000
2.6552929878234863,2.6848811439275324,2.6449371684589345,2.670333616207111,432444000
2.6466619968414307,2.675017271484891,2.6444429272412258,2.662688819639055,349992000
2.6974546909332275,2.7122488791929094,2.648141121977031,2.6538121294992236,525532000
2.685866355895996,2.7095370601765705,2.672798370124631,2.6878389929679356,440808000
2.6723060607910156,2.7036201845250614,2.648635349502623,2.6863604868320623,445232000
2.4849140644073486,2.574664958387696,2.474065145685556,2.549514946425728,1271280000
2.466421604156494,2.524118609902095,2.4533533794387785,2.466174936271134,747048000
2.4844205379486084,2.49650232368194,2.42647687673287,2.471598983863446,635120000
2.473817825317383,2.508337445084725,2.458777202711416,2.4908310849641615,429068000
2.410696506500244,2.4812148125912907,2.40650479973788,2.474557603450188,756332000
2.4193263053894043,2.4385586344415864,2.3756837396724144,2.3806149794791525,618148000
2.3993537425994873,2.4336266873746153,2.3941758359913563,2.419325836049152,414092000
2.3544790744781494,2.396888776876378,2.3544790744781494,2.375190942720995,506892000
2.446695566177368,2.44694199885634,2.362122598444247,2.3673005064508845,497292000
2.4481751918792725,2.454339536855147,2.406505254483518,2.4323947979450384,370116000
2.457791805267334,2.4898454628534177,2.4511343588305983,2.46568188571867,380828000
2.4967496395111084,2.501434448379091,2.451134420022414,2.4723393938765974,404016000
2.5071053504943848,2.509817521510527,2.4745583577176955,2.486393478180109,341896000
2.538419246673584,2.5514872351030125,2.517707611360955,2.5386656793916544,371820000
2.582554578781128,2.5971021021616614,2.5315150306066587,2.552966431503962,388440000
2.5648021697998047,2.598581794111588,2.5628295322933545,2.5961162911606848,327004000
2.604746103286743,2.6131292834951916,2.554199648734342,2.572199113328207,319700000
2.571706771850586,2.6047468721451144,2.5660355256037017,2.597842991648866,348248000
2.629403829574585,2.6345819756340574,2.575405414207206,2.582555963388555,307732000
2.551487684249878,2.603760352606493,2.528803407470881,2.6025274833619454,629972000
2.5704731941223145,2.580089243550584,2.529789455876309,2.5445834142499137,336904000
2.560610294342041,2.5877327061912485,2.5527199799787925,2.576637120628911,209788000
2.560857057571411,2.568007604447883,2.533487974337949,2.5490219372175775,228428000
2.5339810848236084,2.5741714860808584,2.5226388309539325,2.572692184347799,365240000
2.538172721862793,2.587239877282431,2.531268843036143,2.539652258837496,847672000
2.9906251430511475,3.0036933665282106,2.811370267447119,2.8180274779709,2129096000
3.119086742401123,3.2159881658534015,2.9565984824750813,2.960050421236858,1939792000
3.1533591747283936,3.1955224363754295,3.1013334340928074,3.122291731021196,962620000
3.3116567134857178,3.31412245138423,3.1900986098084436,3.1945369850549064,1087540000
3.3732991218566895,3.3888330842127967,3.2882332712940188,3.3626966358411203,1120700000
3.1491687297821045,3.32521834026824,3.144977022001207,3.306479106762389,1271368000
3.2810816764831543,3.2899581899729884,3.132647625121178,3.1930567801200342,1156032000
3.356858015060425,3.4116535788004247,3.337605430624573,3.38228120004649,1018372000
3.428438901901245,3.4427548210799874,3.3896867959664116,3.400547375723203,836608000
3.382281541824341,3.450406023928994,3.3497002780087826,3.4481846169221777,681248000
3.4202938079833984,3.4820007741622003,3.4081990599470786,3.4792855113491186,815996000
3.4126405715942383,3.4563290952494956,3.3677178809246566,3.4555885479622437,608228000
3.5010054111480713,3.5859141378365513,3.3842559707997424,3.404495795165176,779140000
3.5757944583892822,3.610843819605961,3.5308717591814256,3.546915462630422,989652000
3.5629594326019287,3.6283686496116174,3.5061889156233286,3.620716953837603,887316000
3.563206911087036,3.579744473543979,3.5177905816397708,3.578756998282334,503340000
3.5454347133636475,3.5864079844911925,3.539510804542153,3.5602442500240428,487456000
3.6532986164093018,3.6661336748438966,3.5175434984808684,3.529144389520595,817376000
3.63676118850708,3.694765642068078,3.6234325105695175,3.6486087714552715,758728000
3.680696487426758,3.6994554550305465,3.645647122380062,3.6611972077074006,612612000
3.9477641582489014,3.949245017791207,3.7465993583348878,3.787819558012561,1161744000
3.6925442218780518,4.159048889611222,3.5234670604482456,4.066241764242859,3692928000
3.701676368713379,3.744377660004456,3.5076698955579926,3.6007239382701126,1697532000
3.736973285675049,3.820154234787517,3.5950471006274256,3.811021443481901,1672504000
3.7448713779449463,3.8026291341949303,3.665392937168473,3.7399349443319565,1184640000
3.760916233062744,3.791275860353228,3.616028069621259,3.6273822698659326,963824000
3.742403268814087,3.81842637541501,3.7083411451138577,3.770541718900664,924960000
3.8830952644348145,3.8882786259416813,3.7828831378486933,3.786585404414543,778176000
3.8774187564849854,3.9921937488743495,3.873222869302896,3.925303421513276,1095444000
3.9361631870269775,3.9398656891180552,3.843109133423435,3.9050630168780067,682652000
3.90901255607605,3.95763776584337,3.8850702249735,3.944308851296898,469132000
3.796952486038208,3.9324609078713944,3.781895785484872,3.9166638952168724,1088588000
3.7554852962493896,3.865323600159204,3.6611970771122415,3.829780381112145,1063960000
3.618001937866211,3.7465992007514233,3.612324956769462,3.7379602653012975,999492000
3.7456114292144775,3.750301169991928,3.597514674148986,3.685632274014083,994948000
3.6204705238342285,3.7201887975477743,3.556295234042989,3.717227078382043,1064424000
3.568143129348755,3.651324080246863,3.5419793930061854,3.637748474507282,731060000
3.439051866531372,3.595047038812566,3.4205398273979633,3.580237501663179,709072000
3.5308728218078613,3.5597515908645376,3.483481773839737,3.5024874373272294,820188000
3.541485071182251,3.58838248370793,3.4496651961438953,3.5017459697287294,746284000
3.6224453449249268,3.6407106938630642,3.5753012305537397,3.598256321703289,654972000
3.7937443256378174,3.8011490958120215,3.6698367709393915,3.6960005119220853,958492000
3.847552537918091,3.85520423504278,3.755485715555714,3.7974464682183884,757956000
4.011199474334717,4.023293986918648,3.864337065028767,3.9072850605516045,1145208000
3.9647955894470215,4.104746837609256,3.918392022579218,4.023293667939867,1369132000
4.071424961090088,4.072905585227561,3.974174554706052,3.981085703303223,941948000
4.054146766662598,4.13436599670438,3.9924398114879054,4.105486998563466,930792000
4.096353530883789,4.110916371993107,3.9813314257860797,3.9931792407201985,776640000
4.075128555297852,4.131898857495247,4.063034041312388,4.105488186414262,687044000
4.134366989135742,4.134613681429086,4.045755964782699,4.095615113673796,699596000
4.149174213409424,4.178793749611283,4.099561784512908,4.113877932909353,648332000
4.101044654846191,4.1659604996578565,4.090431238120775,4.1563343227689025,652524000
4.081297874450684,4.095614027042287,4.037609339992196,4.078088992341296,496556000
4.128444194793701,4.194347305519954,4.093641269762889,4.1388109233588475,640404000
3.9921934604644775,4.164973138035688,3.889019367982898,4.1533720110262715,782856000
4.057603359222412,4.08203954934704,3.9314746256825965,3.956403965005867,513348000
4.011199474334717,4.107215498175416,3.9645492115109833,4.07117865270054,559672000
4.060070037841797,4.061797824782619,3.973927382996061,4.001818666244579,431384000
4.057603359222412,4.095121302838862,3.9805934628344675,4.091172342955125,478444000
4.109189987182617,4.112892254067654,4.040078023679288,4.0571092046092305,442420000
4.1272077560424805,4.19780033267835,4.109189338174817,4.131897261970414,589096000
4.254077911376953,4.2545712958766355,4.146707463567134,4.1563341107517875,717412000
4.203478813171387,4.308627162330029,4.164233083753521,4.292089834323726,755336000
4.248153209686279,4.250621544084613,4.138561610490842,4.157320575288858,530784000
4.066242694854736,4.261730329176486,4.056122661458354,4.249388652795477,1328088000
3.8495261669158936,3.924561791057972,3.7742438505688476,3.878651853848191,1497196000
4.156580448150635,4.160282714729137,3.929498839197511,3.9410997295706225,1279020000
4.121530532836914,4.187926987854771,4.087221484203748,4.16176349001269,764532000
4.076360702514648,4.160035494548472,4.044026605540096,4.136587024549323,596632000
3.9855287075042725,4.085000290235291,3.9833075357987098,4.067969580941367,525444000
3.986268997192383,4.056862047678545,3.940359057008289,4.03983086869939,601204000
3.928264617919922,4.022059214711739,3.8843293916788144,4.0107052521167,623672000
4.015718460083008,4.0216475847857405,3.945557779368937,3.964827316852518,450456000
4.096008777618408,4.107125828784974,3.973721214786184,3.982368228983516,579520000
4.080938816070557,4.132571635752789,4.054505368188849,4.128124438328504,469700000
4.04684591293335,4.115277511210586,4.040422499075723,4.105148571635797,357200000
4.075503826141357,4.078715533758807,4.010283920808854,4.0658691744902455,389496000
4.068832874298096,4.09057315352542,4.008553994406582,4.016706716917119,324096000
4.093044757843018,4.104161809844259,4.0582112025854515,4.088597560081491,384400000
4.18593168258667,4.189884117175052,4.105889227759074,4.113300278212827,612684000
4.2111310958862305,4.246705842781778,4.189885105757043,4.198532118661759,445432000
4.098724365234375,4.164685443211992,4.040669098353008,4.159744429077096,695364000
4.096255302429199,4.145417609363333,4.061422224259102,4.131583141868689,397672000
4.1152777671813965,4.147640334273255,4.075009386972851,4.11305416889211,352868000
4.043879508972168,4.118487110873936,4.019669204328767,4.103664542692397,498856000
4.175063133239746,4.185686365439459,4.084150506309246,4.089585812737442,567444000
4.190133094787598,4.199767746770322,4.124913187210311,4.199767746770322,411488000
4.2089080810546875,4.237812033577525,4.132571131404988,4.164933700701559,580960000
4.184945106506348,4.2630113726283625,4.145417918940865,4.169875148316432,513712000
4.44952917098999,4.44952917098999,4.265233456670554,4.270421381099326,1364792000
4.633331775665283,4.723503673862385,4.566876849929093,4.5737940842629525,1684460000
4.628390789031982,4.69015207323598,4.560947289509564,4.58293448008823,874280000
4.591085910797119,4.679528004950503,4.550817534312642,4.632095486642812,724920000
4.465587139129639,4.513513947327477,4.387767803154719,4.487326945148827,1075600000
4.422107219696045,4.503879464885829,4.412225660667147,4.45422334674252,491232000
4.2244720458984375,4.392462818783473,4.203720344325838,4.391227329193932,874580000
4.248188018798828,4.414202571612205,4.20841392463787,4.359111610909414,1125620000
4.341324329376221,4.354664978327722,4.267704793105925,4.338606911938268,713720000
4.340088367462158,4.352440433568011,4.292655378125177,4.3484875273895565,435244000
4.416425704956055,4.4401417305734565,4.378874742060384,4.4240841374203335,619092000
4.422107219696045,4.495726742825937,4.372698482149282,4.466575413328926,503480000
4.431250095367432,4.461142638045914,4.387028790723756,4.428285296449841,390332000
4.468305587768555,4.490539688895516,4.400862084856608,4.437424944114578,427848000
4.465834140777588,4.496220959156092,4.435941612382942,4.49276234287247,437364000
4.478928565979004,4.492269215784202,4.42210829198177,4.4381663593988145,318800000
4.579970359802246,4.6130746052840506,4.496963072230968,4.51573855818169,563492000
4.66742467880249,4.766736950536541,4.62616817738884,4.729185976181196,974876000
4.717079162597656,4.718561561382316,4.638024805032484,4.683974926546699,529508000
4.719305038452148,4.770196199676065,4.692129913223167,4.720540057234663,528292000
4.8072509765625,4.817379917115266,4.734620026767032,4.781558261053562,628728000
4.88976526260376,4.892730061215982,4.773901102470605,4.837144799249876,576640000
4.885318756103516,4.9137288976776645,4.850732578743913,4.869013776605228,478596000
4.881117343902588,4.894951810326376,4.775876446835581,4.894211082083249,567316000
4.8865532875061035,4.891493832444605,4.754384168576196,4.803546006923233,570772000
4.864319324493408,4.9307742500192715,4.855425400948559,4.903599602879934,451620000
4.857401371002197,4.912492327887612,4.837143489972931,4.886058413022966,428696000
4.908292293548584,4.910021601793645,4.84060189138394,4.866541515059856,407244000
4.784277439117432,4.921634989478334,4.722763516107656,4.8687671400919,828160000
4.834425449371338,4.846036316092413,4.787981040084801,4.811944444084924,322744000
4.986854076385498,4.987100985853059,4.860613600673474,4.886553702006832,572192000
5.035767555236816,5.091352326268058,4.971041482130314,4.98685263631255,504056000
5.109140872955322,5.135821701122341,5.061955251356024,5.0676374671846816,411908000
5.118775367736816,5.187206980228522,5.054543571824135,5.171890112987664,502576000
5.087647914886475,5.133845426967288,5.03107455147644,5.089130313991004,342308000
5.155583381652832,5.155583381652832,5.072823510278456,5.11877362515704,353640000
5.178806781768799,5.187453323428482,5.10642274124597,5.118774808988037,389944000
5.238098621368408,5.259591996384766,5.189431068748827,5.201536229536529,427700000
5.1671953201293945,5.237356225426621,5.119762801157114,5.233650228568619,522988000
5.072329998016357,5.097281512175018,4.950042934819111,5.071094979818902,978564000
5.339632987976074,5.402135463733808,5.228215592651567,5.264037246027529,1253256000
5.252920627593994,5.365078760301581,5.237603761949935,5.339633425235906,582376000
5.2912116050720215,5.3065284686450696,5.218333284007434,5.262060276646187,529292000
5.187454700469971,5.237358217125997,5.133599218465157,5.236122727303114,501948000
5.22772216796875,5.291707053116871,5.218828716103121,5.261567609348659,441768000
5.221545696258545,5.320116742852594,5.206476211237084,5.284789376587814,515664000
5.288741111755371,5.300846267455436,5.200298554173453,5.237108311204726,396100000
5.337411403656006,5.349022746629776,5.296649190904122,5.328517949906841,399176000
5.313429355621338,5.364603401437361,5.280796753760585,5.364603401437361,356640000
5.363615036010742,5.364604302984841,5.305271860968274,5.329746552241181,180752000
5.2938995361328125,5.3735034565377005,5.290685597573749,5.372267580222662,422896000
5.209103584289551,5.308484816854405,5.1480411151965555,5.299090554568675,512752000
4.855832099914551,5.194518828512013,4.727526340591868,5.191799523116271,1396788000
4.961887359619141,5.010589185635246,4.8615177930239115,4.924557859108737,823768000
4.886981964111328,4.947550291902827,4.758182024760456,4.927278331790316,811548000
4.614546775817871,4.951750416522265,4.56114806943733,4.945569622116846,1240844000
4.641247749328613,4.763867340713629,4.464240637498747,4.509233894140655,981488000
4.678825378417969,4.700580294958526,4.569555219121906,4.590815973655082,467032000
4.746315002441406,4.786117203623634,4.700085394827374,4.745573287943774,542600000
4.733954906463623,4.8152893568183055,4.725549436543322,4.7962532732239795,466876000
4.812322616577148,4.815289474988257,4.732224512407325,4.748046185504324,372748000
4.717885494232178,4.792050819877812,4.6944000671184805,4.76881247377296,455016000
4.602683067321777,4.760159977080616,4.595266392479959,4.758924100371328,554280000
4.60984992980957,4.680801289276357,4.563620336167987,4.596252935029286,438164000
4.735684871673584,4.755956829556884,4.588838132100582,4.653856268698379,670036000
4.892419815063477,4.895386201110876,4.746561891674161,4.776227638262321,477704000
4.848167896270752,4.888217173603362,4.819738025449358,4.883025644275852,373100000
4.865226745605469,4.896623007902866,4.809602870771989,4.887476295538861,288820000
4.842729568481445,4.8936560693594835,4.834324100071754,4.868687216633219,300904000
4.827401161193848,4.836795423278847,4.728019930752511,4.805893332228177,466276000
4.881048679351807,4.8887124345860995,4.74211276107306,4.772026067435474,355080000
4.874372959136963,4.943593826460121,4.853112678444961,4.8676984720629015,329488000
4.8800578117370605,4.929006709129975,4.8738774882763884,4.898104620298159,240248000
4.783644199371338,4.906263778853108,4.783644199371338,4.906263778853108,279964000
4.9282660484313965,4.93197462052338,4.8083662387712005,4.840009577099086,355616000
5.252614498138428,5.283022431580959,5.037041544979342,5.04569409396009,914704000
5.280302047729492,5.390560971608226,5.258052503900598,5.3339483167702495,583268000
5.32504940032959,5.362378902130493,5.2182514813558765,5.295136099778255,580124000
5.488214015960693,5.562378879070149,5.403665619348362,5.448659359431824,881216000
5.486729145050049,5.5332058306834355,5.405147628453449,5.4936511845474225,497000000
5.5297441482543945,5.533205167588315,5.339881775248777,5.394269289285893,582664000
5.539633274078369,5.593773709416241,5.518124971293101,5.562376981636238,406032000
5.512439250946045,5.562129871196444,5.47189581277833,5.527766757558744,359916000
5.441487789154053,5.624428127036779,5.356939894778928,5.5388914373368765,702348000
5.555454730987549,5.56534315560548,5.362131337998211,5.456073493746901,538408000
5.548534393310547,5.602921924204056,5.505024085678541,5.536173269337932,408632000
5.688703536987305,5.712930668529246,5.611819409324633,5.638765845413136,609380000
5.777209281921387,5.778939791980217,5.639015086686578,5.696616552157048,550944000
5.90625524520874,5.928998951121904,5.812065540208573,5.830606512556118,475228000
5.829370021820068,5.945314625235562,5.773746167584213,5.909468089002627,579972000
5.8429694175720215,5.927023171509084,5.82813654085626,5.883759946422527,409884000
6.015524387359619,6.015771468275079,5.87386922060458,5.8867245011354505,516356000
6.102546215057373,6.133695865743513,5.948283276709119,6.000940289789049,455116000
6.00044584274292,6.091916263648078,5.893895465289292,5.960644112582629,570832000
6.076587677001953,6.162371919159621,6.0432133592736355,6.075845962626409,478576000
5.945562839508057,6.103781885220085,5.885242078829885,5.8966139327554,519224000
5.773005485534668,5.883017337594963,5.714909868748377,5.859037282181849,718464000
5.283022880554199,5.765837040825689,5.0679440710422625,5.611821184350919,1165204000
5.576716423034668,5.5796828094628586,5.043222362588904,5.053111260406739,1114800000
5.6563191413879395,5.8088520224182325,5.604403849222482,5.675602300998352,802932000
5.377458572387695,5.815031831130374,5.377211019926578,5.781905068076385,1144000000
5.7374067306518555,5.905761287357009,5.37745927526838,5.889939618088343,1674604000
5.637284278869629,5.821460992964067,5.563119431257505,5.818494135003565,1093172000
5.751004695892334,5.7972343066527445,5.568558477501524,5.600944007440188,625524000
5.968307971954346,5.997232480595256,5.6995833395823405,5.710708114326644,744988000
6.093892574310303,6.140122172799909,5.970778837160471,6.051618628517798,698900000
6.028135776519775,6.180421161556819,6.018988590994794,6.066701638517957,637656000
6.157675743103027,6.226649058218339,6.046922166296753,6.050630738607877,686240000
5.970531940460205,6.229121034663457,5.966823839825248,6.222198995329635,892292000
5.99007511138916,6.076159916939098,5.924522097205232,6.004422736254703,534364000
6.083580493927002,6.083580493927002,5.99922728365795,6.049938197992208,415300000
6.099658012390137,6.134289708636211,6.03732048732573,6.1298371293790685,469312000
6.08679723739624,6.157297774680519,6.063791684683493,6.072944081400445,455436000
5.986364841461182,6.137260489141736,5.974738211846735,6.09768125645618,523116000
5.744189262390137,6.038065282747844,5.643014652370157,5.984138423890417,1040120000
5.851299285888672,5.857731157872728,5.48791220161582,5.636581770758997,913428000
5.829283237457275,5.868862461194918,5.67764497674849,5.801082934384353,620776000
5.990323066711426,6.009618215827651,5.87158535705765,5.9146277650116,636808000
5.982405662536621,6.034600925571789,5.886178593560381,5.887415237939275,581208000
5.966078758239746,6.009863326279286,5.921799249394017,6.009863326279286,411912000
6.0687384605407715,6.08160126127383,5.997495756531961,6.013574493359089,505524000
6.178323268890381,6.258471133876668,6.1018858090413,6.110049266529086,605060000
6.12761116027832,6.29557584596733,6.086300355484429,6.221117220455329,619772000
6.153090476989746,6.197864451803636,6.090752946151923,6.17065356119216,505496000
6.167932987213135,6.249070251987616,6.125880004227634,6.166696342928952,401952000
6.196133136749268,6.215180572278445,6.14665887381346,6.184259275898951,399456000
5.96162748336792,6.16818156684448,5.862679405300655,6.139239554796109,713772000
6.173871994018555,6.212709054375665,5.964596418504657,5.964596418504657,554696000
6.1486406326293945,6.233736040443544,6.118213793012424,6.167440369394967,438688000
5.98265266418457,6.131817165746001,5.945299966079538,6.085311601035697,551196000
5.762989044189453,5.998732841681637,5.7518573561258375,5.996259080798429,735620000
6.047711372375488,6.04894801674219,5.835467623702217,5.887415179892159,611424000
5.5786967277526855,6.184259396537966,5.438437864298383,6.1286009676048145,1409000000
5.475543975830078,5.67442952116933,5.367937981675976,5.544312918280471,945904000
5.728853225708008,5.8255747995804565,5.459466590834768,5.543819829044607,916628000
5.468122482299805,5.804546371347869,5.380306105086153,5.658350565665797,922092000
5.57449197769165,5.698177178832927,5.475543911142948,5.6350979338523794,667432000
5.59650993347168,5.606899448444589,5.293728232561133,5.318712609780046,789168000
5.476287841796875,5.66799987064976,5.40479788208561,5.654889359687458,701240000
5.299912452697754,5.481729910166058,5.2707227279169455,5.373628940272575,662988000
5.328607559204102,5.490882626804671,5.308570233414309,5.362992040560817,499524000
5.637818813323975,5.664782001665425,5.501764811767425,5.558907596221926,761676000
5.59650993347168,5.664289487215245,5.563857037322035,5.622978661921509,460244000
5.803310394287109,5.82112119082991,5.645240695546247,5.689520216432858,593920000
5.726624965667725,5.875294542336591,5.678387810631916,5.866883850157043,503036000
5.726378917694092,5.759773986982077,5.632130642491671,5.733305260495595,350792000
5.87603759765625,5.897311565819146,5.722915417439843,5.7785738630548735,447224000
5.84709358215332,5.918336279541336,5.7580405642844745,5.825572385054346,391364000
5.665770053863525,5.76620244503418,5.610359339739841,5.732807392795077,471996000
5.657608509063721,5.741466776753307,5.626439974443959,5.657113568209707,386200000
5.538127899169922,5.726623903740954,5.512154123862767,5.67541852839564,427508000
5.471834182739258,5.6598352965192325,5.406528403559235,5.56385591960005,414596000
5.359527587890625,5.4812339774552985,5.202200080694767,5.4421492172352615,588492000
5.571276664733887,5.579440122945677,5.45525996705991,5.5213079209252065,375824000
5.598735332489014,5.6969417158506985,5.556435101938262,5.677152098437001,400848000
5.563361167907715,5.664783011089317,5.544066492412648,5.6150614995467665,327844000
5.618771553039551,5.6214925482286375,5.496570229478221,5.55519736650099,253788000
5.598240375518799,5.6598352771562865,5.572018887024208,5.615308995721774,268248000
5.76348352432251,5.789705012277473,5.584882045878607,5.630150973666982,443144000
5.913636207580566,5.916852143235824,5.71747168175459,5.734787532480522,400660000
6.151607036590576,6.208749820964347,6.008379459798583,6.018274502147228,687616000
6.194153785705566,6.19687478028746,6.10287378313979,6.151853101078366,506616000
6.327239990234375,6.329466516379094,6.186981110478701,6.214192005968908,596760000
6.434846878051758,6.443999274107782,6.362367054104024,6.38017784896529,994080000
6.296318054199219,6.426435115465543,6.1976177030218045,6.253028426489826,1214456000
6.316850662231445,6.3942780050058285,6.2931034084385375,6.334414221915159,523140000
6.074427127838135,6.255997277719239,5.973994717322679,6.253275810922347,963528000
6.085559368133545,6.147649204681876,5.998979630934426,6.035837863261541,553828000
6.12761116027832,6.221364454930545,6.071210559708946,6.08728976520681,519784000
6.083827972412109,6.2428870629615085,6.078880450858758,6.17956058000079,483716000
6.041774749755859,6.185002331994662,5.949010847406737,6.181291926883611,640624000
6.003680229187012,6.0803649275649825,5.943074268457857,6.055133322035146,518264000
6.127193450927734,6.1284313321656025,5.946748890896969,5.947491525217017,442956000
6.130906581878662,6.173233436306639,6.07026361612952,6.12348118238234,437372000
6.170262336730957,6.186598875093425,6.1078867204997245,6.14352986232995,292112000
6.153183460235596,6.221252766783395,6.106401745810423,6.15219343848618,352684000
6.262094497680664,6.270757778986238,6.162095209402943,6.186847644038906,390996000
6.242292404174805,6.316797092649026,6.2195204862231686,6.230163810813742,493868000
6.376697540283203,6.382886002900926,6.278430910272674,6.2870941914013905,421968000
6.5556559562683105,6.577685235640934,6.378676726476882,6.41085455366018,642024000
6.561102867126465,6.598726530315697,6.514073288139925,6.55887496386654,391712000
6.563081741333008,6.566299665875008,6.454666577604137,6.471003115592232,371356000
6.507390022277832,6.571250912124747,6.417043571237328,6.559369706545463,369448000
6.492044925689697,6.534618704203673,6.415807566626795,6.434619400893491,360456000
6.450955867767334,6.521004762326878,6.4380846377431595,6.479421006301155,265372000
6.499467372894287,6.51159596303323,6.42719060677708,6.477438095180265,319160000
6.495014190673828,6.5759542622646405,6.4858556621406205,6.50095479403139,338208000
6.606646537780762,6.663329414513491,6.525211228602961,6.540062971338033,430016000
6.565805435180664,6.6207556598374895,6.518528469865954,6.549468894664133,432260000
6.561598300933838,6.579172251624388,6.494519479151794,6.521746733350019,356268000
6.439816474914551,6.525707126637198,6.312342072456827,6.458380447015526,594932000
6.4927849769592285,6.545754673527847,6.442537485711738,6.480903773505965,369780000
6.364073276519775,6.5430325616781895,6.356400018297648,6.524715980170536,359516000
6.211599349975586,6.398232387826539,6.19625330380635,6.384865913156691,434160000
5.918778896331787,6.108876754747901,5.830165580311759,6.105164055330327,665816000
5.989818572998047,6.080412416340128,5.938333660787194,6.032145429170807,478884000
5.834621429443359,6.099718766614931,5.829175601421387,6.033382585467172,453892000
5.96184778213501,5.973728986554079,5.817046370461789,5.824719628644382,338012000
5.863829612731934,6.039571004149717,5.862591731320017,6.026947635274118,392300000
5.996006011962891,5.999718711230233,5.773729860544244,5.794274344435092,357572000
5.862343788146973,6.036600366310155,5.8539278949520925,6.030659763591027,222732000
6.008135795593262,6.01308590489407,5.878680877080173,5.91754194974374,306216000
6.12199592590332,6.130411819321849,5.962343226824989,5.983630347791446,296352000
6.169520854949951,6.205907109995479,6.090808685652088,6.196253806458275,303880000
6.26853084564209,6.29056013180557,6.141551209403484,6.181897553593382,360016000
6.126946926116943,6.2103622874078965,6.116303128848898,6.175709161682702,367508000
6.218528747558594,6.266548336543033,6.162341126198233,6.172242286535083,345508000
6.171253681182861,6.23709509565278,6.129174681101911,6.23709509565278,246988000
6.143529415130615,6.196499585282624,6.131153436589423,6.143529415130615,197036000
6.279419898986816,6.2945190276775085,6.068777564273623,6.0942726286083975,362136000
6.230165004730225,6.285857873162271,6.179175330934893,6.271996620950472,277640000
6.238329887390137,6.271993451020302,6.1962513770789425,6.211350031129996,235752000
6.210114479064941,6.274718004265432,6.199223295098016,6.235856934177022,222352000
6.173480987548828,6.185362193594304,6.021748931212923,6.183629537384063,301584000
6.156155109405518,6.308134570052797,6.138580685810959,6.221501277802293,354620000
6.234372138977051,6.246995980071679,6.107639897379476,6.165560661837882,319112000
6.30788516998291,6.3447661924542755,6.197489962075434,6.21432174708483,325124000
6.238083839416504,6.3514495873228665,6.184123643197227,6.344518963231708,295420000
6.042788982391357,6.258134554954722,6.0078879968154,6.252193951620231,340340000
6.060857772827148,6.135609848310092,5.9935315690420055,6.032392639489017,283988000
6.100709438323975,6.1474916318231685,6.036848540907843,6.0922940161451375,283556000
6.203432083129883,6.207392170845186,5.970512546317374,6.029422864046929,269668000
6.2400641441345215,6.263826554649723,6.211104237446668,6.227935551467122,214288000
6.287837028503418,6.291302341066617,6.180907113917033,6.227441446083827,207508000
6.360114574432373,6.378679020866706,6.309867536285634,6.336600018113904,258132000
6.39649772644043,6.441547248684688,6.326448861264552,6.361349836227158,262100000
6.347984790802002,6.417043649922473,6.340311531776017,6.4143209719674585,204280000
6.3066487312316895,6.339074425046387,6.25491643127771,6.266055003162194,256396000
6.339568614959717,6.460360238297473,6.313578773665132,6.3153114297514374,375208000
6.471004486083984,6.48511359631066,6.361846664948977,6.44501464107885,466220000
6.412836074829102,6.525706583220519,6.334123442219875,6.491795622740591,591136000
6.372242450714111,6.48511344137718,6.312094255360097,6.482638150657717,801260000
6.059868335723877,6.261600051234685,6.032887996431323,6.260857416781911,1143188000
6.134618759155273,6.267291100034755,5.908877303220548,6.019272977109308,854388000
6.270264148712158,6.274719483894969,6.131155903335962,6.1509577602367385,673988000
6.505410671234131,6.510361253130673,6.234125298469542,6.2375906113744275,749856000
6.604913234710693,6.670259385581425,6.452933814824774,6.46679506232907,720684000
6.738081455230713,6.752685338372689,6.608874409986806,6.613329743941186,531512000
6.829170227050781,6.903427053674237,6.736348957714767,6.7677841556592515,505776000
6.791545867919922,6.846001309145969,6.671496887522508,6.823228922133741,475384000
6.897048473358154,6.92206196450255,6.763065004466942,6.783868247909224,420108000
6.880208492279053,6.9770432588958675,6.843307293074484,6.865844143444432,346608000
6.951286315917969,6.964164582855906,6.85024130690597,6.86014788410666,306592000
7.026079177856445,7.06372294254184,6.909679259186631,6.938159959694549,391720000
6.895315647125244,7.043911012372252,6.814331307691543,7.008495893087813,393156000
6.754149436950684,6.881446022457157,6.721210965993721,6.87896937821182,322796000
6.732852458953857,6.858415465198194,6.617195559249997,6.662021742372641,295420000
6.803929805755615,6.833649068285126,6.7115532777255975,6.755388894724343,220140000
6.756131172180176,6.845288004954494,6.7368135356251475,6.7576167808601015,243112000
6.642208099365234,6.735823178153974,6.48667832841631,6.716258018283195,419092000
6.719974040985107,6.810616968640093,6.690750295161723,6.70808633550243,305536000
6.84603214263916,6.912157091570153,6.773468295405647,6.810369498288386,386936000
6.784117698669434,6.869560290478322,6.7648005306606285,6.820523857411709,205528000
6.7120490074157715,6.890858701568669,6.705362585990242,6.78808053926946,299520000
6.735823631286621,6.753655188534426,6.643447104654831,6.693474096148274,224860000
6.594657897949219,6.656077073612248,6.540668183187939,6.613727540408757,430584000
6.524570941925049,6.65211554564563,6.491384942236943,6.606546322485214,435128000
6.580293655395508,6.58376086317136,6.40643727638973,6.493612988627571,293912000
6.647408962249756,6.6724224565072445,6.560728298080709,6.646418398968016,280388000
6.610507488250732,6.692730378037955,6.59465753166051,6.652361973667572,268548000
6.622396469116211,6.666975130134879,6.59094407258687,6.645676363057031,214428000
6.9597063064575195,6.981995632681032,6.726411894005894,6.754397549329762,709396000
7.166254997253418,7.233122511977839,6.998837506764681,7.037472312262081,622060000
7.09492826461792,7.2504575562459115,7.07263893864645,7.138763876045599,383964000
7.1011199951171875,7.172693270054652,6.997103292825695,7.165263336901111,320552000
6.916862964630127,7.089233280992622,6.839840872342374,7.0649628239554145,391220000
6.683320045471191,6.954258724615724,6.625863119933211,6.892096505081082,426636000
6.582027912139893,6.715515897122206,6.441109993027381,6.600106993388864,408612000
6.576331615447998,6.656077396879092,6.508473066511357,6.56147174817955,273500000
6.084729194641113,6.516150973299993,6.082500072685271,6.470333754612757,684940000
5.823200702667236,6.1310405572503575,5.801654416415952,5.9975521192102565,725436000
6.105779647827148,6.180077568316361,5.935142945429617,6.080271106089191,608236000
5.829391956329346,6.092405629140085,5.828401393083541,6.092405629140085,449760000
6.088195323944092,6.099339987005121,5.8927926724875395,5.9420766181979765,408712000
6.019595146179199,6.188498735256255,5.970558711744901,6.1503589713373295,329668000
5.9321699142456055,6.1273250388130425,5.871741306766248,6.088938234268209,524020000
5.675596714019775,6.006964028245726,5.639191028881573,5.98739933813214,613608000
5.7263665199279785,5.827906586779276,5.623588366961172,5.727852601163914,368844000
5.474746227264404,5.552263371734845,5.367014297910738,5.459143316885474,626436000
4.938564300537109,5.4829183507260275,4.924695467713403,5.436358562711674,884288000
5.147339344024658,5.194642159526976,4.796654477924571,4.840985603952008,951720000
4.910825252532959,5.07304142425203,4.782785635349736,4.911320297924917,664784000
4.597042560577393,5.055458942547149,4.359042352110635,5.051991734578472,758016000
5.027473449707031,5.037380028442786,4.597042712392315,4.620075082818437,807192000
5.221390724182129,5.264978822018619,5.0524871402980365,5.192166977113558,745772000
5.401686191558838,5.411097252238637,5.131242548855407,5.257796113970379,566528000
5.322682857513428,5.498025326155822,5.206035401165426,5.392275011504151,452960000
5.244670867919922,5.332837631227085,5.083940251391473,5.309557263673199,379332000
5.227086544036865,5.3209491518387795,5.189937348354956,5.2367451270706376,299012000
5.294699668884277,5.384352071748083,5.230060773907249,5.293709105062803,483812000
5.101524829864502,5.236250925462611,5.0480301446892675,5.235507884677595,511352000
5.093597888946533,5.183993285196276,4.978932038542104,5.01261355260578,413240000
4.694124698638916,5.0242539023239985,4.672330415819614,5.00221209676428,617116000
4.9360880851745605,5.0574408553106185,4.7857590882986845,4.791950936952226,644712000
4.883582592010498,5.123563873716293,4.775603651181921,5.109199527174438,526580000
5.012367248535156,5.084436060324973,4.8417300426538805,4.877640687152632,840708000
4.072253704071045,4.2265449308494185,4.002413554547017,4.044763563105875,1963520000
3.583622455596924,4.007614005727063,3.581888851770885,4.006871437548716,1697820000
3.6920974254608154,3.820384598228318,3.301539577089549,3.320113940038273,1692032000
3.5838704109191895,3.8461410828758407,3.5566280280522804,3.8293003242207058,1025496000
3.5910518169403076,3.7047270906570766,3.5363193039862097,3.5491975701149134,411968000
3.790417194366455,3.8008188163816756,3.62968662616641,3.712157034177006,814832000
3.8072586059570312,3.888490705898638,3.72850315059442,3.764413552246549,738060000
3.964273691177368,3.969474502368306,3.792398454420789,3.924895850805073,804524000
3.9010589122772217,4.003692151803208,3.8708143664257064,3.966506250275751,549172000
4.051537990570068,4.062197793651984,3.8604017729293556,3.9107268337841234,729564000
4.2154035568237305,4.330432387835545,4.148468664480365,4.27886777206089,890804000
3.89486026763916,4.175738270348914,3.879737762458066,4.170780025419611,812112000
3.9241135120391846,3.9290715208765,3.738679347649496,3.754297394656939,692308000
3.659348964691162,3.938491875291798,3.6100157025727757,3.9283276146791746,681676000
3.764709234237671,3.7894999864279595,3.6107591785362323,3.614477862291416,629472000
3.6737279891967773,3.8646159494665118,3.594645722771727,3.856435033506064,671912000
3.691329002380371,3.7875166385107444,3.5901831212465294,3.6794294035097543,654136000
3.6910815238952637,3.8023916813656453,3.6551351881633685,3.738183912481818,471384000
3.630592107772827,3.733225325873302,3.607040915630101,3.6494328250648613,471820000
3.5594427585601807,3.6727360149747184,3.5014325656201577,3.6005953431535125,662868000
3.6427392959594727,3.7267795629854747,3.5760524136350282,3.603322051940638,564372000
3.4337539672851562,3.6625718218009977,3.382189353712895,3.6090238629289817,745364000
3.3492186069488525,3.5153160669165904,3.2894730659934317,3.4253259815984762,749588000
3.212125539779663,3.408715514868951,3.184607893946795,3.3757438466658303,863740000
3.1503968238830566,3.2222897217099375,3.086436834380712,3.1357703320667087,463840000
3.2996363639831543,3.30062791833471,3.085445020187456,3.1965071459136443,695100000
3.2517905235290527,3.2817872916399278,3.103294487493364,3.247328292083691,637044000
3.3132717609405518,3.4059889685610223,3.230471044610633,3.272367180055687,628728000
3.309553384780884,3.3891311958798074,3.2788128285278346,3.356655537319944,465140000
3.3769829273223877,3.43300976547338,3.2240246801205985,3.2386511702127136,508752000
3.172956943511963,3.3507060013037524,3.1655198107185267,3.3167427717700693,705552000
3.376239776611328,3.4144172229901493,3.2153483666881577,3.2460886819625787,585620000
3.554980516433716,3.5919186397254865,3.3821894994418393,3.4335063448265637,709160000
3.466477870941162,3.638773115344162,3.393841183709454,3.6365417630672487,786016000
3.5346524715423584,3.582002629378568,3.467221797344799,3.5177946256763466,617260000
3.600346565246582,3.6090232561827853,3.454825455031157,3.5153147576496955,523156000
3.68959379196167,3.7124011996404653,3.550270223301125,3.578035639733323,874764000
3.7295069694519043,3.754793502372004,3.6137345803819314,3.637285774592915,730168000
3.7153759002685547,3.801647281182915,3.697030725093578,3.7622300379858937,617012000
3.6898412704467773,3.775616871967183,3.684387484891723,3.7426454425624702,470104000
3.761237859725952,3.8011508735094623,3.629599458125584,3.656869327761738,493436000
3.8903985023498535,3.9164288200843385,3.7595038387858346,3.8110684605346115,651336000
3.6881065368652344,3.871805375180775,3.657861995278282,3.860153781735895,661552000
3.7009971141815186,3.832139758106404,3.6697610229184403,3.743389256295573,591020000
3.9129581451416016,3.930559303132606,3.7808239200348126,3.785534159002344,708972000
3.9702236652374268,3.9883208339458593,3.750826525052834,3.8534597378662765,1154572000
3.421358585357666,3.511348652137013,3.247576258086447,3.385164247758499,2511528000
3.262450695037842,3.4235901208092536,3.2478242024071347,3.3752481748667558,1153932000
3.405988931655884,3.4203674183114905,3.2589802124922285,3.338558257428193,974228000
3.563657522201538,3.599356087315755,3.3809502350805616,3.4027660905454074,842852000
3.587952136993408,3.6390209782231056,3.5346524162744193,3.5822503437925555,625048000
3.698270559310913,3.73545645319018,3.5817543959752496,3.603818020039024,528592000
3.7173590660095215,3.754049180499091,3.6764544905665915,3.7101697053492084,542424000
3.792970895767212,3.8574266662735943,3.745124963345141,3.750578749480347,702464000
3.6546382904052734,3.748842808368346,3.611750610187095,3.7466116929059834,637120000
3.673232078552246,3.6838918804604934,3.573077745173492,3.5874562310822453,461604000
3.630592107772827,3.683396048547904,3.5822501621722687,3.629104539625841,495180000
3.747602939605713,3.7632212194043952,3.6546379904024193,3.669016709174407,591060000
3.78999662399292,3.8631290994913705,3.763470527313079,3.7771054677551525,605372000
3.8309004306793213,3.8591618604799955,3.7458683708743217,3.7890042996285453,827264000
3.9005625247955322,4.062445269128536,3.8777551155326657,4.039638096287828,1516748000
3.883208751678467,3.9637785833052037,3.870813611202492,3.889902335586985,551892000
3.930558681488037,3.9977413414428553,3.901305934134855,3.9124615126387052,540988000
3.8616411685943604,3.9677450725094796,3.8470146748676446,3.9432025602930296,448548000
3.9464244842529297,3.965265435947853,3.8998181186262215,3.9134530552089353,401740000
3.9340298175811768,4.097400123693652,3.9253528882636495,4.029969689522631,656020000
3.8946120738983154,3.9853459185193723,3.8611446314982167,3.929319077471246,488464000
3.8527159690856934,3.9067594652894875,3.7956973369119775,3.8802336125862644,500256000
3.828148126602173,3.8688468342508746,3.805813738379342,3.8465122093622433,324944000
3.882495164871216,3.9246824932375457,3.8197101054216365,3.878028098652697,357188000
3.890685558319092,3.9437921858236966,3.8341044398570454,3.9209612704791406,409992000
3.884233236312866,3.922450032520482,3.820703610930234,3.8750510759260504,362924000
3.7733044624328613,3.88373651390848,3.7705747590328067,3.8752991412784,403524000
3.7040669918060303,3.7594072644137047,3.657908878673847,3.7497288167682017,450104000
3.7383134365081787,3.7489844603728097,3.593386642546014,3.614728690275275,422416000
3.998884916305542,4.021715599057162,3.7147391443889504,3.7618900848521633,859728000
4.033131122589111,4.079537035556155,3.95049285149797,4.0266786648870605,579576000
4.184510231018066,4.2137933735432505,4.063158854960471,4.070603890178178,768900000
4.108572483062744,4.205604068981269,4.100879422354862,4.193692202508951,519384000
4.2140398025512695,4.256723419501709,4.148276540430737,4.151750793825906,661484000
4.1926984786987305,4.299408249429872,4.165648524041506,4.245556839208918,486992000
4.360456466674805,4.404877698902246,4.270373873198143,4.287248621196402,854972000
4.327946662902832,4.4428455392717945,4.2932036509999785,4.389490655990729,719148000
4.56469202041626,4.590997418225042,4.346061623085033,4.351024977136727,824312000
4.404876232147217,4.5860344086584925,4.39097921842378,4.537394860626463,747644000
4.312560081481934,4.428451521700274,4.2463007662543,4.364177832270975,525212000
4.3892436027526855,4.510346463080188,4.332910504637301,4.454261864103649,703508000
4.380060195922852,4.461209104969056,4.31057512314032,4.414803205645676,474372000
4.398673057556152,4.464435858708699,4.345566197104481,4.406117617184522,480264000
4.455997467041016,4.4803177144412265,4.415050976278866,4.465427651135416,456896000
4.523498058319092,4.553773764393231,4.476099110012129,4.547817833471747,483824000
4.541366100311279,4.585787326890967,4.504638406005335,4.547570531284838,440920000
4.680833339691162,4.73989613445551,4.586035426468684,4.590998781994758,783504000
4.671900272369385,4.714335878849581,4.609115189644148,4.665447814698832,457376000
4.738655090332031,4.756026834788487,4.678600192062184,4.7150798614243,481744000
4.759500026702881,4.784564351350331,4.684058553705899,4.70813030212942,424192000
4.696716785430908,4.737167240551744,4.654529202912215,4.725999925375275,439972000
4.767192363739014,4.793001237549897,4.691503342272611,4.69597017171459,444772000
4.753296375274658,4.801191854240975,4.703912268394467,4.769675068980152,374600000
4.715327262878418,4.79598012337253,4.7066416284660155,4.7920093447847565,471708000
4.583552360534668,4.712596725140489,4.543846475014645,4.7076333711176135,440092000
4.670657157897949,4.689517524396876,4.590004785543094,4.622762164550389,394964000
4.647828578948975,4.7264958344498496,4.625493949269709,4.705650306304323,351004000
4.623258590698242,4.688525328303081,4.595464563428602,4.654527344708114,380988000
4.677109718322754,4.692743857747559,4.568166793760471,4.599683098315762,279936000
4.731706142425537,4.762974900877764,4.680584910244433,4.690263121353449,346856000
4.744114398956299,4.784812868304873,4.681329331364547,4.7421287729730555,318204000
4.638397693634033,4.726247097600911,4.558737873538937,4.703912471281764,499296000
4.419517517089844,4.489003054647637,4.300647884123864,4.484535751948947,868988000
4.450290203094482,4.478084231648628,4.355243808071353,4.427459055831042,391920000
4.491734504699707,4.517294888983902,4.3989217347143,4.418030134809722,362920000
4.478581428527832,4.586283778669195,4.478332929427344,4.544096204712196,354280000
4.54608154296875,4.587772593757041,4.445079671119755,4.488259823245239,394684000
4.5416154861450195,4.564446168324501,4.480071002591822,4.554519928825685,336824000
4.463195323944092,4.47535521329689,4.318020255687678,4.355244474386474,422176000
4.295933723449707,4.4148033756299,4.247790222121525,4.4148033756299,555220000
4.316034317016602,4.396190645841569,4.256475483276503,4.26838734469083,419168000
4.223470211029053,4.256724122828362,4.104601025463672,4.247045911532932,660248000
4.1894731521606445,4.25821416952721,4.069858916092858,4.192699381085993,569500000
3.9321279525756836,4.080528996816518,3.9162455483649152,4.057449822729202,656912000
4.021217346191406,4.056456401002324,3.9331197091641124,3.9718327803188993,524880000
3.9601712226867676,3.9966508958979343,3.9063200398520586,3.965630630378705,502320000
3.9753081798553467,4.017992277710945,3.912275319453882,3.954710918214644,781088000
3.8844807147979736,4.062661177030915,3.845023085268538,3.933368765828099,1022068000
3.7658591270446777,3.8408040769267355,3.7410428275697263,3.78571207195833,572064000
3.84800124168396,3.863883647556479,3.787946108956889,3.8266594288963143,361848000
3.777027130126953,3.8353451369119655,3.766107842757893,3.8092882306886033,325868000
3.65592360496521,3.71473789281593,3.59611650414154,3.71473789281593,591844000
3.6020727157592773,3.710023089205994,3.5953722334997824,3.6747840242344525,357584000
3.5569076538085938,3.652450125261431,3.5549222641077307,3.619692733525125,428356000
3.4827065467834473,3.544250538707785,3.4479637722032397,3.5092597383800683,559800000
3.456123113632202,3.5217126668304197,3.417862461954597,3.485936525364489,394300000
3.3654401302337646,3.4745076560908896,3.3637010206051516,3.4071789982563945,389720000
3.3237011432647705,3.4153773260837044,3.294384591558099,3.3766198268508947,478644000
3.5527687072753906,3.5579860371069967,3.3656892861228087,3.3878008606857044,641836000
3.510035276412964,3.632021962780652,3.473762285218614,3.6265560884445507,511616000
3.5721471309661865,3.5967432137193844,3.511774906305069,3.514259416547438,408140000
3.614879846572876,3.6491651888373178,3.5589795487183062,3.5781099939735763,348856000
3.687673807144165,3.7562447178041127,3.671027874846693,3.671027874846693,402780000
3.7453129291534424,3.78531268584867,3.7058102639903496,3.747548893304424,383872000
3.632270574569702,3.7080464735024403,3.6171154421703386,3.701835198298818,358892000
3.68345046043396,3.7018352667303276,3.6367425703957896,3.6543822132026853,308080000
3.5935134887695312,3.614631353049393,3.548793486774963,3.590283814836257,394428000
3.6032021045684814,3.640220494471513,3.5689165332444226,3.5917735018151644,276040000
3.7982330322265625,3.853636246348004,3.653637874655716,3.6645693899740683,581920000
3.804194927215576,3.84493985103334,3.7781080445919204,3.8335114834756485,331644000
3.8285422325134277,3.908790057178576,3.814132501040221,3.8948771803167332,350168000
3.770406484603882,3.862828325873782,3.7639468999166295,3.8136361587022307,434428000
3.792766571044922,3.8223316750293175,3.744568113644182,3.7917728616972606,282948000
3.7634496688842773,3.872765742957589,3.7607168499600174,3.7977352445402626,311868000
3.956740379333496,4.017858241684351,3.8779833471463765,3.8909025161456934,584072000
4.0553741455078125,4.07450435740009,4.00643027790083,4.0424549736767705,445440000
4.080218315124512,4.108541166361156,4.033510654715419,4.099348524838968,397668000
4.128415584564209,4.321705992505331,4.090900102637731,4.287420420704294,709756000
4.030528545379639,4.13288818594991,4.017361067786199,4.111770086156782,400228000
4.043448448181152,4.059597530499223,3.9835733051859,4.053883108606749,246636000
3.980839729309082,3.9895352780116817,3.917485904336583,3.9850633492320395,396552000
3.905808687210083,3.9400942616421504,3.8757469693085915,3.921212364820775,329788000
3.9082939624786377,3.936368267434606,3.8509030973287963,3.863573721657893,342860000
3.976616144180298,4.034006766119606,3.93785863796451,3.9517715160104028,452076000
4.1311492919921875,4.1718942189385295,4.0123922569733725,4.049658964227611,682560000
4.164193153381348,4.235248835282118,4.158975822873051,4.158975822873051,506392000
4.155744552612305,4.201458493777884,4.127422181326354,4.185309889697396,289840000
4.1510233879089355,4.1781037350889445,4.095371419246233,4.14083704141688,341444000
4.216366291046143,4.223322730665828,4.123447591701021,4.152764151204527,348204000
4.2280426025390625,4.290899336423999,4.170154889058343,4.226800584373942,442192000
4.184813499450684,4.272763177319047,4.178850769267074,4.266303829378748,344896000
4.2563652992248535,4.26928446749446,4.198725896647237,4.206179426989189,315940000
4.364191055297852,4.366178474059461,4.2799679064719625,4.295620369303317,428176000
4.438724517822266,4.444438939161471,4.3313963216236395,4.407420539576318,366236000
4.307546138763428,4.4099058055435005,4.284192305517642,4.397234942423174,392700000
4.3495330810546875,4.396240742334675,4.3346264915523784,4.3346264915523784,274160000
4.343320846557617,4.359469923833802,4.255122878283953,4.342327137380465,248160000
4.358973503112793,4.371147271681989,4.28245219823454,4.296862168200312,197772000
4.191769123077393,4.3284143252014635,4.149533402256762,4.327420142137795,359416000
4.0973591804504395,4.292636971297598,4.045185431875946,4.202202821274392,421212000
4.004689693450928,4.074006239767578,3.9572368815028436,4.004689693450928,428348000
3.746307611465454,3.8223318291537214,3.6993514073238907,3.8210895739510824,589156000
3.7850654125213623,3.866555517095319,3.7373640381447935,3.821090107621404,361272000
3.8233253955841064,3.835250855534776,3.706804563003239,3.724195661318012,372560000
3.9318959712982178,3.933138226420226,3.8235738361800475,3.880964695975573,309300000
3.8305304050445557,3.8943808514754075,3.7800959826754443,3.8909026317903614,341816000
3.762704372406006,3.8305298839739783,3.740841110976979,3.7783563588595577,279200000
3.8769888877868652,3.922951373665097,3.7222076630151775,3.7612134737148106,351956000
3.728419303894043,3.799971590156669,3.684693012038414,3.7887915306196374,419880000
3.6961209774017334,3.767176401237818,3.661835638979853,3.747300794658426,477200000
3.96419358253479,4.013385507277069,3.8976100874493658,3.9589762535933977,1007960000
4.242948055267334,4.258848821534412,4.061334815066991,4.077483890126318,815112000
4.170652389526367,4.237981058827064,4.149534287674017,4.237483967189162,463188000
4.2541279792785645,4.309282857238454,4.215122175877021,4.236736886925757,427244000
4.260340690612793,4.306302943909594,4.221086093491348,4.263818910063666,303488000
4.035745143890381,4.238228187022557,4.015869539733784,4.183818702873682,568056000
4.110528469085693,4.1386030106390885,4.072268050737797,4.114503780573438,318208000
4.019845962524414,4.151521698798528,3.990529402740289,4.148788879474909,290968000
4.0093994140625,4.0621219212705,3.954189937963268,3.993483382367593,255612000
4.153144359588623,4.185474015673862,4.097437284155335,4.100918946723606,357976000
4.16582727432251,4.24913909537312,4.147672823226955,4.199400652267596,290616000
4.082763195037842,4.126035408699756,4.059883840974649,4.092959624837203,296140000
4.19691276550293,4.204373672640568,4.143444116868633,4.143444116868633,227728000
4.469977378845215,4.47619456608919,4.297385566695689,4.29912639809764,695676000
4.442870140075684,4.503550689927982,4.40482040048442,4.446600357889408,376976000
4.488877773284912,4.575422713735388,4.472464151286875,4.473956428106972,417524000
4.555528163909912,4.582137750230295,4.4463523962130544,4.45605124842691,352812000
4.584125518798828,4.6323716774588215,4.541101853127337,4.57019887082949,361512000
4.582635402679443,4.685344954211608,4.574677382137096,4.6306330293492355,327840000
4.524688243865967,4.553039123427672,4.480918439928201,4.515984088869944,324592000
4.481665134429932,4.516233204088188,4.439139046979034,4.449584034270801,231832000
4.503053188323975,4.50728098950377,4.441875060065912,4.488380398702678,223048000
4.475944995880127,4.511756786968211,4.38940054559531,4.496089306245021,258152000
4.400343418121338,4.5003174155050045,4.3896494012540614,4.481913935069581,245476000
4.29464864730835,4.422973508537355,4.2844526900975195,4.399348012338248,350244000
4.348117828369141,4.393628469610187,4.291167506740265,4.2948981982130965,249712000
4.290670394897461,4.409047393511585,4.255107631817105,4.379453262443288,317268000
4.432424068450928,4.45207079453201,4.245408050238086,4.290172550436639,308432000
4.41029167175293,4.431430680556662,4.359309970255871,4.4227265223260215,234564000
4.271522521972656,4.419245140949062,4.210841490855269,4.36851199092475,362056000
4.328968048095703,4.3391644793870325,4.266049103704264,4.297384535763089,186184000
4.327228546142578,4.501312646724245,4.3225036353085935,4.3520977711315325,366008000
4.303353786468506,4.317280436348218,4.2309845385513425,4.305343172353911,293372000
4.509020805358887,4.5152379912203155,4.277489331704058,4.307829597154167,450588000
4.525434970855713,4.554780547043525,4.446102398420786,4.511259292060045,265524000
4.584125518798828,4.683850469153932,4.581638549612751,4.590342704593588,480984000
4.407554626464844,4.492358238452313,4.389400177797772,4.492358238452313,444436000
4.494100093841553,4.543589986950533,4.455553247428991,4.484401243568398,292412000
4.551794528961182,4.602776201737994,4.486637656291718,4.4918601482880405,309124000
4.62540864944458,4.70871998797519,4.616953048539034,4.635853636089938,446404000
4.638837814331055,4.6597277880704375,4.585617712750417,4.616704118721902,200040000
4.883549690246582,4.956167961527276,4.7151857084630695,4.729112831604379,664124000
4.829834461212158,4.954429161952297,4.818394777055482,4.849481194971969,428944000
4.831822395324707,4.9193615349174875,4.77735857266491,4.874348480439834,263436000
4.737320423126221,4.8648991788332,4.662961779081986,4.832320490182595,307440000
4.874598026275635,4.888027568695864,4.779846513962463,4.798747105488193,261868000
4.864648818969727,5.036742990763897,4.856939357536594,4.9315465285802,328720000
4.851718902587891,4.865894109763343,4.750750197776818,4.782582749588405,279916000
4.8957366943359375,4.929309599382195,4.858930206909556,4.893000695631441,232020000
5.086731433868408,5.107621409802056,4.968602983900474,4.9763124475437435,423092000
5.142686367034912,5.195159854407328,5.101154501129985,5.130500075054106,330792000
5.04644250869751,5.13522536711075,5.0270448124093505,5.128759152120772,211236000
5.04843282699585,5.07902212785458,4.980291374092039,5.073302050025288,205960000
4.999192237854004,5.048433102920363,4.919362544598043,5.027543125196636,209732000
5.038235664367676,5.0705653145455365,4.938758796009322,4.963876567710956,283640000
5.234950065612793,5.2473849113939135,5.096180696817892,5.119308608723132,376716000
5.212818145751953,5.260815286841443,5.16482053032148,5.23470281570408,300868000
5.163578033447266,5.21431070636526,5.076038392227528,5.188695815194808,269012000
5.181233882904053,5.264794260554901,5.136469377936064,5.2501214716749915,280340000
5.167308330535889,5.198892329992887,5.1267716179189975,5.164324250929611,189100000
5.1772541999816895,5.200382112383533,5.0802642981698405,5.166560184946217,243436000
5.212818145751953,5.268773779861292,5.180488013003898,5.215553670203346,283504000
5.186953544616699,5.2090867663225735,5.120552930817236,5.1814820220951665,300188000
5.217294216156006,5.219532631134301,5.135972253725636,5.195906656724694,518080000
5.078027248382568,5.266783643386142,4.989741486152525,5.215055813173268,1053628000
5.279218673706055,5.305828253717168,5.067582435266569,5.070566514339797,574588000
5.172529220581055,5.271757070400809,5.1143356544169425,5.2481315725735955,414564000
5.251861095428467,5.335670008471485,5.1369657804544,5.1496491804366125,472588000
5.226992607116699,5.303092068928658,5.205356494921944,5.247385471771006,288388000
5.2446513175964355,5.296130127617209,5.221025339088648,5.249624783398198,224100000
5.501298427581787,5.506272365713164,5.359793065827813,5.372725020364883,506476000
5.396600246429443,5.488367187497183,5.39013403114874,5.483641803354991,385244000
5.431442737579346,5.476489009402694,5.405062263056597,5.4421446449121875,215784000
5.3941121101379395,5.428954428609734,5.37021996336243,5.4005830976775515,141556000
5.207704067230225,5.400582382431357,5.192522976774216,5.387142932977289,372036000
5.168132781982422,5.172114489013946,4.98670308268692,5.024034196907252,465232000
5.211934566497803,5.274153250327025,5.183314028899267,5.251754486173234,273424000
5.195012092590332,5.249515633114968,5.164400222417688,5.233836590939642,184884000
5.280375003814697,5.313226935848196,5.254243270631001,5.264198487857676,232236000
5.280375003814697,5.335127749179644,5.24876818597086,5.257478763698759,211880000
5.325423240661621,5.377189245524088,5.257728978700155,5.310490410626743,256388000
5.409043788909912,5.414519348765117,5.333386124722475,5.335874929258308,233796000
5.576536655426025,5.5947045015481045,5.37121526284886,5.38017457953969,404348000
5.574546813964844,5.6987354787049584,5.520540741890279,5.57952442400408,454704000
5.603415489196777,5.67583814092192,5.593958221025733,5.622081287471226,320976000
5.681561470031738,5.704208972288633,5.61262306177845,5.622080328336072,321196000
5.7119245529174805,5.7724011259536825,5.707942370760209,5.716404211162584,343548000
5.860004901885986,5.87344435140554,5.741540559502921,5.746518168561343,445360000
5.957316875457764,5.982701929639855,5.907292981450674,5.926456259819524,603044000
5.943626880645752,6.018040379091792,5.932925448481276,5.985935607907442,355060000
5.938649654388428,5.955822074319842,5.893852119730991,5.928196959593819,138864000
5.952836513519287,5.980959107765898,5.923220066661542,5.942134604679745,182852000
5.895096778869629,5.981456354930958,5.868715829045477,5.968016904612984,254644000
5.781857967376709,5.878421486687394,5.750499887279652,5.873195140004551,258056000
5.856023788452148,5.865481056746165,5.727355476853931,5.74651875151284,231004000
5.970753192901611,5.970753192901611,5.8913625714305295,5.9418839191567505,237536000
5.875186920166016,5.918989028814216,5.826158464010726,5.8510460365310895,205384000
5.899824619293213,5.905050966215078,5.75572649719555,5.781858231804876,262636000
5.971251010894775,6.017043961993896,5.883149339496765,5.928195601897144,314856000
5.982451915740967,6.023765219861093,5.926952946804154,5.967021611212417,277108000
6.048153877258301,6.120576516953265,5.994397032737195,6.06881052602453,255112000
6.080507278442383,6.185781374034128,6.066321616134521,6.155418721169793,316296000
6.271146297454834,6.296282606868379,6.140984617283319,6.16363259678268,319840000
6.154174327850342,6.2537241224035025,6.140983618120265,6.228338604376113,359088000
6.111617565155029,6.189266562204564,6.085734566138518,6.166867794798315,263104000
6.195239543914795,6.201212580149905,6.141731430548025,6.165125624680976,284192000
6.203949451446533,6.221868558212583,6.156414379459316,6.214402145054004,253792000
6.170600891113281,6.204199040327583,6.13650479111519,6.167365397745973,217916000
6.224606990814209,6.311215307199664,6.196981875274955,6.215896411562279,239240000
6.293045997619629,6.301507836838535,6.1758263120548635,6.2646746744716655,244516000
6.233814716339111,6.458299843381298,6.179559919221518,6.408524704344975,373512000
5.977972030639648,6.02899133900115,5.779618620640297,5.929192314169117,470536000
6.1713480949401855,6.203701607240368,5.99066457305883,6.043923950276957,310976000
6.110871315002441,6.19299997011159,6.071050915088323,6.1569130145371735,258848000
6.11759090423584,6.131030355221164,5.958062456449191,6.013063476063364,290504000
5.884145259857178,6.083742808298976,5.842334486746621,6.071796737498564,370420000
5.981207847595215,6.000619860257822,5.859756738000507,5.865978512587702,255564000
6.150441646575928,6.169605393823703,6.073041867526822,6.123065746362249,271544000
6.240782737731934,6.281598083029912,6.157409456942696,6.271394128032699,208220000
6.327640056610107,6.327640056610107,6.193994633007796,6.275127851182207,218284000
6.261440753936768,6.309722522519821,6.2360552299053404,6.287572492182964,189752000
6.544659614562988,6.545405828690706,6.279109918334532,6.284087527331507,529608000
6.667105197906494,6.781836561422516,6.5909495893900365,6.652919535414561,638556000
6.782833576202393,6.789304563900281,6.681043686530385,6.719868188644713,374644000
6.739030838012695,6.806227140199574,6.697468796769711,6.724845173517911,528016000
7.212141990661621,7.341059034322316,7.117818524879411,7.149176609223402,1041924000
7.380878925323486,7.399295984825902,7.0894466884047596,7.108858700139689,620164000
7.832087516784668,7.8497578844964195,7.503324213862559,7.503324213862559,694332000
7.682763576507568,7.872405915479174,7.375403114951804,7.784055495050813,810052000
7.318660736083984,7.5956585896152315,7.23379453271584,7.5705222779789745,768180000
6.801248550415039,7.0150322367878895,6.6698427204719755,6.724346253360138,856916000
6.521762371063232,6.938378621692745,6.4199725063465785,6.876408676352782,1055496000
6.661131858825684,6.855254315100791,6.520517981060398,6.522010883834573,747732000
6.290336608886719,6.648930749588357,6.1979487749822635,6.347611926679557,906416000
6.725380897521973,6.784897622495817,6.021142320573181,6.03782676252008,1133252000
6.88375997543335,6.912646997105689,6.499516704618739,6.89546430619151,890744000
6.621289253234863,6.999307023640766,6.535874048383483,6.939541411420156,652792000
7.084970474243164,7.09443339761163,6.653910399827267,6.728617764574341,597408000
6.805566310882568,7.052348512985512,6.76099087219597,6.885502676379965,540328000
6.625024795532227,6.683545501636067,6.424809580590504,6.626020817874118,515412000
6.112036228179932,6.459673198416253,5.931245111708743,5.9740769221666445,614160000
6.501509666442871,6.501509666442871,6.125733244655652,6.388452806999344,580648000
6.137685298919678,6.389946359754205,6.040566234422032,6.361557585907616,499964000
5.386630058288574,5.879945599168345,5.373929705464922,5.614486423807878,816540000
5.997485160827637,6.001967498882198,5.468808182759905,5.739994622297284,634836000
4.890824794769287,5.6304254089305035,4.8310591701357986,5.289511654181511,726972000
5.410536766052246,5.499936546857381,4.756351898864725,5.003134146835945,833632000
5.05069637298584,5.228001143281701,4.499358442377343,4.982962115786236,874268000
5.303454875946045,5.397087595916702,4.815866709224269,5.029279508469929,765512000
5.123661518096924,5.735512301243073,5.108221984216086,5.453617551932971,804636000
5.296483993530273,5.390864363327464,4.943617513362338,5.12266549047354,643876000
6.205170154571533,6.291830739752973,5.678983523079029,5.702640595125703,1101644000
6.116518020629883,6.519936005707331,6.067709130537337,6.320219057670394,793432000
6.405883312225342,6.529896863520589,6.225589994205439,6.323705068326,696108000
6.293573379516602,6.552308779778752,6.192718654401704,6.225589760738807,638828000
6.613818645477295,6.623032683251805,6.314990097114926,6.359067291374254,602252000
6.564262390136719,6.858110320495774,6.418583333995227,6.653910565095111,949960000
6.053016662597656,6.512714411716045,6.008441698800573,6.366288693106729,656912000
6.361806392669678,6.37500451862211,6.034091325317394,6.082152604719587,675764000
6.073934555053711,6.365789947234799,5.936473522309856,6.324203053403894,663212000
6.683794021606445,6.720649696082763,6.2985542597634785,6.356078940367916,727884000
6.450459003448486,6.929082636686835,6.407377832223849,6.9054250880511185,784520000
6.647685527801514,6.672587985050832,6.489555470489437,6.559531142622338,542444000
6.548076152801514,6.796352639085369,6.485073111903276,6.7734427014723,525564000
6.719903469085693,6.7286192589957325,6.399908111031606,6.488311394390533,398408000
7.07102632522583,7.105142347092595,6.82050841584251,6.848150054899666,530948000
6.993579864501953,7.0765047828116625,6.857613073884868,6.902935179098929,366148000
7.338726043701172,7.4458062782420305,7.135772131696852,7.148970258403204,745620000
7.279458045959473,7.442319315033417,7.145483321026608,7.420903174994001,539120000
7.148223876953125,7.308844245707221,7.103897792505728,7.152955577104909,449388000
6.711435794830322,7.091445616166111,6.651670181611287,7.030186206973382,735160000
7.1258111000061035,7.168643384661599,6.858110983321336,6.903681973130234,483356000
7.072519302368164,7.29987788446425,7.047367959603796,7.167895675399219,424160000
7.211476802825928,7.213468847913561,6.987604468209834,7.062311858695924,352328000
7.397994518280029,7.557867748351384,7.321295094747298,7.345948667480106,479388000
7.255551815032959,7.575298228797527,7.250073455209136,7.545415186633848,442904000
7.4323601722717285,7.485153160518575,7.315069863607896,7.390275018796557,379160000
7.278462886810303,7.432359499221081,7.264517624193777,7.3783211316071595,375916000
7.041890621185303,7.1942929707272105,6.993579973133149,7.080987230957178,342096000
7.253808975219727,7.26750535035429,6.994575294874223,6.994575294874223,317556000
7.314820766448975,7.477433178045729,7.25380976375586,7.357901941109124,368896000
7.415674209594727,7.520513510750665,7.356406846446579,7.394258543064645,323464000
7.591983318328857,7.655235248420218,7.503580043298903,7.554878755504124,373732000
7.781988143920898,7.788213639441063,7.629834696531762,7.663701829138328,339216000
8.034001350402832,8.080817728764211,7.7483709050665075,7.777008568160704,469060000
7.772027015686035,8.140581862302048,7.7623152046208865,8.091773445172167,493060000
7.749615669250488,8.046949472924325,7.565088875981364,7.886578477433536,625852000
7.999138832092285,8.00461719330506,7.657477942460089,7.81112569304753,602312000
8.45759105682373,8.467302394602049,7.843249435093587,7.858937857612312,987660000
8.716073036193848,8.881673923021063,8.646595633736561,8.726283092821195,774460000
8.771111488342285,9.052009769820181,8.728528084789303,8.755920839710528,717320000
8.934968948364258,9.007683809546332,8.854036071033905,8.955886844050895,587536000
8.740978240966797,9.017144765603891,8.703375432354866,9.016149218326575,761068000
8.990996360778809,9.057486181890054,8.679219108082181,8.790781187022999,1038764000
8.683701515197754,9.145890013958184,8.638130530977474,9.120987084096292,770780000
8.491954803466797,8.599034084910985,7.965518321925909,8.591314793554313,1175892000
8.453852653503418,8.726283931056674,8.346522605229085,8.379393709007788,734896000
8.840836524963379,8.840836524963379,8.451861551510003,8.521090089361191,745256000
8.771857261657715,8.806222645268207,8.655563458390905,8.798752240118027,389876000
8.790782928466797,8.802736146428314,8.62418643742466,8.761896855847086,391320000
8.735250473022461,8.831622874015267,8.666021935863746,8.787795042920095,365440000
8.736250877380371,8.912390217752964,8.647557280375315,8.697882941965139,424280000
8.889220237731934,8.965954202799066,8.67795188293266,8.76415356858437,481748000
8.774613380432129,8.859070124308195,8.655774627427663,8.846613453118048,387736000
9.01478099822998,9.078311257559477,8.721048943535084,8.769630627027317,468488000
9.334425926208496,9.467216327764026,9.121911673712983,9.136113250908178,632180000
8.765894889831543,9.229289397995633,8.755680170871136,9.118423392635822,583652000
8.901674270629883,9.15554539189167,8.673215446649964,9.130881046214606,570908000
9.142091751098633,9.150562516844673,8.713575356427903,8.784829388857338,400004000
9.037205696105957,9.234772336560175,8.808248844100119,9.193166454417003,535716000
9.20412826538086,9.266910589860908,9.038949737386892,9.082300523775523,408304000
9.186186790466309,9.2504640403999,9.0830436298673,9.19515555434819,254408000
9.229289054870605,9.412405087364501,9.195406943583055,9.210604521255469,524160000
9.493873596191406,9.49835845482481,9.241248418658067,9.267906669276206,398468000
9.417388916015625,9.60922473407461,9.375036034949984,9.518040209035501,375108000
9.203628540039062,9.523520864959455,9.112942026842921,9.443547070941973,449372000
9.45725154876709,9.472200128697818,9.15056378762105,9.323465132248014,376072000
9.123407363891602,9.467217092844338,9.093511154968905,9.467217092844338,592084000
9.16825008392334,9.172734941922375,8.86928521099889,9.1381048813653,342248000
9.464971542358398,9.493372787486537,9.234519824970947,9.281855550312175,367892000
9.497111320495605,9.542704051253338,9.380515464752774,9.487893554343412,326648000
9.579082489013672,9.703900167009353,9.545199413375208,9.605739798241297,364056000
9.805295944213867,9.874556080488281,9.678983345665323,9.708132553081654,315892000
9.837681770324707,10.035247413067934,9.816754334047982,9.911924749184905,357800000
10.180743217468262,10.189712933125293,9.93110799049209,9.959260238552334,365480000
10.472734451293945,10.533523817921163,10.19818487420453,10.344428905085344,494548000
10.443086624145508,10.61847890023209,10.342933337817453,10.552208677085298,497676000
10.017560005187988,10.755006067364793,9.99040375490686,10.558437354482594,457076000
10.341190338134766,10.366851638295143,9.751731237272898,10.040232450582947,542676000
10.191956520080566,10.396996003532037,10.02104815021368,10.378311468876817,403984000
10.099775314331055,10.171526393548673,9.86135078427712,9.980438549107026,344964000
10.166296005249023,10.2131337464676,10.052939034613193,10.190213351910279,266284000
10.474477767944336,10.49490720598803,10.121699312228516,10.23879412998473,284852000
10.29285717010498,10.523558910117604,10.251251290814393,10.47672022047995,277036000
10.402725219726562,10.565909799920115,10.255983217585523,10.331721147772265,367292000
10.094792366027832,10.510602112104115,9.996632039770423,10.413936738581402,411660000
10.159317970275879,10.32898036367836,9.743259250895763,9.840920619627777,473292000
10.385537147521973,10.405716636707364,10.182489650442864,10.196940228932192,292132000
10.180246353149414,10.346171855580362,10.174018492028203,10.338449041682763,271636000
10.429381370544434,10.479956001780657,10.311290580750423,10.354889400781651,284508000
10.577371597290039,10.5863403635823,10.25972121762195,10.339196062638807,308880000
10.578116416931152,10.729343261864539,10.396993373728074,10.526793833755395,386080000
10.972254753112793,11.06044937073828,10.678272694361175,10.695463227056676,412720000
11.189001083374023,11.189001083374023,10.868361805258402,11.01186489169552,310336000
11.247801780700684,11.332508502653472,11.127717987110488,11.205199894465501,249924000
11.296380043029785,11.318802431737298,11.140171273584539,11.310580667455152,244316000
11.160852432250977,11.465049231458748,10.999411764399314,11.273462404012015,342516000
11.126472473144531,11.368882974703345,10.819036736875272,11.295138922348446,427796000
10.812559127807617,11.098319449331218,10.758495619381051,11.035536173478329,354512000
11.400772094726562,11.427429397401577,10.920435042632398,10.952823156927446,464412000
11.403511047363281,11.681299523642465,11.316562382786438,11.506155291638954,374460000
11.524093627929688,11.664357841752082,11.401019946468677,11.490210564033843,366436000
12.294425964355469,12.36692500157999,11.7764699343852,11.810352048276599,621300000
12.218438148498535,12.45287677557738,12.044540832043971,12.40703504191184,503448000
12.096610069274902,12.27250033410157,12.05624919671835,12.254064801327434,622624000
12.099104881286621,12.332297623449218,11.837759879821263,11.933678282440614,921388000
12.639731407165527,12.76454905109329,12.153165555775876,12.159643368535798,999868000
12.676352500915527,12.867939296377706,12.464336268553247,12.83928809456214,490564000
12.706001281738281,12.717212003155831,12.530359043130268,12.587162502642434,289076000
12.728921890258789,12.82409232523214,12.634000455714471,12.755081191057094,321244000
12.584672927856445,12.805657977980829,12.523135602375184,12.737393838758157,317604000
13.102376937866211,13.10262593825955,12.59887058142453,12.631258689838903,537160000
13.328346252441406,13.52815388381572,12.992758311577335,13.137257437320157,500840000
13.777424812316895,13.949629681508943,13.394136574142701,13.437499372727544,511316000
14.301268577575684,14.680319697982243,13.856175532405885,14.657391497757109,874012000
12.974466323852539,13.840726125228484,12.838147232687476,13.78515199377627,945128000
12.5827054977417,13.133463404372108,11.667848528156505,12.743446288728798,1463684000
11.875441551208496,12.510433341431117,11.667349913206706,11.69750413983094,795728000
12.674914360046387,12.768866950123394,12.193187256323037,12.360906908639747,736200000
12.272934913635254,13.024059324113075,12.128640676598586,12.94829871786249,698684000
12.12614917755127,12.612610574725382,11.858246276405783,12.446137258689868,636928000
12.83166790008545,13.273022041293633,12.591428464582796,13.039760506816634,1201744000
12.950042724609375,13.25682221304241,12.787307442411516,13.238131137079726,727556000
12.475042343139648,13.051469093855214,12.474295118524273,12.916396361282892,556384000
12.424205780029297,12.55005801210448,11.99680748160983,12.093999936822648,792512000
12.1508207321167,12.592672993531387,11.950953315876442,12.554045465543362,698460000
12.477785110473633,12.48301853522082,11.866966963073288,11.887402512276836,721044000
12.597905158996582,12.608122933885662,12.11717634274842,12.535353135164089,646452000
12.085525512695312,12.68687406505385,12.04116641481339,12.53585102033723,647012000
12.309070587158203,12.529872669499609,11.976123939065822,12.034190722797042,731240000
12.833160400390625,12.842880024908961,12.207141098410291,12.408254808000864,588016000
12.993904113769531,13.010601640307375,12.709802791708746,12.999137539161858,573808000
13.184053421020508,13.400369297212727,12.892476036043018,12.896712211256771,621460000
13.48784351348877,13.579553477522746,13.108792330522316,13.116019306510315,689184000
13.571577072143555,13.71935930583392,13.418311387565605,13.714624981038467,525004000
13.021066665649414,13.47687466206338,13.009851640999452,13.183303780734942,552496000
13.5994873046875,13.601231779612217,13.181060496314407,13.194269071030487,479820000
13.693192481994629,14.097414465703828,13.621918076224542,13.786397839796917,784420000
13.919975280761719,14.074736369831703,13.819792021827784,13.955612959185514,418084000
13.79511833190918,14.040093944013766,13.714623411586466,14.030623394171375,378900000
13.719358444213867,13.780665094461844,13.617680744942344,13.72359556957293,346892000
14.181147575378418,14.30176637112015,13.868636537321477,13.94539343424756,434744000
14.203328132629395,14.303262307853934,13.974551882634765,14.251426207794067,344604000
14.050810813903809,14.297529966845348,13.915987137027978,14.245444791209522,276100000
13.925958633422852,13.961595365661793,13.72434576489664,13.767210424234035,267224000
13.767953872680664,14.076976904411488,13.749013723781008,13.992493934363518,242392000
13.455196380615234,13.939414220058843,13.364482718053416,13.859168359537124,298068000
13.602478981018066,13.75624280985995,13.464415427510037,13.54067417932236,229212000
13.482108116149902,13.748017425435206,13.435007294119284,13.582042285326583,219596000
13.31887435913086,13.56883336243066,13.190031344799218,13.47986514532416,290480000
13.547403335571289,13.550394135898697,13.249346221187796,13.407595303610165,233484000
13.099817276000977,13.64957879899875,12.997391406196375,13.384666737166388,336896000
13.354513168334961,13.39962044326866,13.149909542923867,13.264048592896252,250520000
12.587188720703125,13.218193334409735,12.56924582198825,13.156388537797922,376520000
12.982939720153809,13.151157516010835,12.709803385953837,12.798024396978246,320080000
12.49448299407959,12.895713186897273,12.261220547784955,12.809486688870361,416820000
12.541085243225098,12.796277680058376,12.355920877552483,12.61784213912138,299652000
12.978452682495117,13.063682887469264,12.563016632474788,12.668433313890562,272900000
13.750761032104492,13.78390701250947,13.294952940813513,13.347038123353176,410228000
14.115355491638184,14.293791032615538,13.946888650320856,14.117848141886952,319028000
14.516091346740723,14.542756625411448,13.851194348548102,14.06526665473914,383348000
13.587774276733398,14.645179920761693,13.567837827664581,14.506618224863628,582976000
12.729740142822266,13.563602104010792,12.588436707125263,13.563602104010792,644068000
13.37569808959961,13.392644692449075,12.907428639416796,13.012596256393248,404744000
13.414322853088379,13.722597713712116,13.27401668464067,13.436502877183004,365812000
13.255078315734863,13.625656173241703,13.018077819853307,13.584286919539194,346312000
13.472638130187988,13.606464543099285,13.11452073690316,13.130968235107892,413776000
13.379932403564453,13.553383607027966,13.261806251274743,13.50977173125303,312028000
13.386411666870117,13.562853664158515,13.143430545915464,13.422796566288316,510924000
13.39787769317627,13.444978524071423,13.058700374675698,13.171094964124507,565936000
13.046485900878906,13.451953179863478,13.023806777843802,13.411581184645012,341088000
13.098573684692383,13.340308505174802,12.974465923751294,13.129725162390375,361356000
12.916894912719727,13.12050030241205,12.844374200077542,13.101062005896468,346500000
13.193022727966309,13.22766315151968,12.978950462304862,12.991410861654828,259916000
13.219439506530762,13.365229132389386,13.128975881494377,13.332831332124405,167276000
13.359247207641602,13.370213157845031,12.931350792165748,13.223178161034154,286952000
13.347784042358398,13.486096664221465,13.186543220522184,13.449711765076747,296948000
13.50179672241211,13.630389717182007,13.192524609305062,13.308408129801464,283360000
13.357708930969238,13.620954255438248,13.290901005987134,13.548661260406087,199520000
13.519497871398926,13.521242861894294,13.350481990906417,13.410060816255628,202244000
13.567858695983887,13.692003123709071,13.461414273109401,13.562374575854195,223244000
13.31184196472168,13.559880694269241,13.243537241523532,13.54616991993234,271920000
12.89378833770752,13.375656669962579,12.831466989157484,13.262481458552282,401300000
12.935169219970703,13.031393773378626,12.812769815468252,12.83221480566556,207764000
12.976053237915039,12.98278405020142,12.786346653479503,12.930184245172232,209264000
13.270709991455078,13.350481252818426,13.040121159359513,13.050591101752886,270156000
13.322310447692871,13.425514015697209,13.14905717380978,13.401333301891295,193016000
13.204648971557617,13.39884214592736,13.174734036543057,13.38413382690294,223116000
13.303115844726562,13.34125648065479,13.140830805209069,13.328542301379823,231384000
13.234065055847168,13.366684324788022,13.033141062616313,13.34075861756635,342064000
13.294143676757812,13.331786023918719,12.930436289077491,13.037379962322126,302332000
13.240297317504883,13.29912869656647,13.01668843755986,13.281180494833558,185580000
12.972065925598145,13.237056275687273,12.96782849920963,13.218110529291765,179144000
12.956609725952148,13.094963214418865,12.901767578496214,12.999985337124272,97884000
12.863127708435059,13.025163617065004,12.726769309604906,13.025163617065004,212564000
12.906253814697266,13.035134902377251,12.805542671902463,12.88805646583581,170372000
13.108176231384277,13.175981710757751,12.859888338350087,12.953120278145812,225396000
13.017683029174805,13.113408334947097,12.878082872089498,13.098950117439552,192424000
13.076018333435059,13.613478260876672,12.925449902304845,13.066795083910115,560640000
13.366436004638672,13.405074943901147,13.049594230220292,13.062307460654432,322760000
12.57844352722168,13.207141184667453,12.550025385480215,13.184705459258995,580424000
13.305859565734863,13.33951363281077,12.849667703065894,12.930435562151088,461480000
13.238801956176758,13.382639576611059,13.004723124897778,13.324307443387072,292528000
13.582565307617188,13.92109533146687,13.324305789405765,13.380394628106359,518344000
13.446208000183105,13.715187600487056,13.30685790200758,13.713192510435519,291476000
13.493072509765625,13.58605625119282,13.346742461050818,13.451441887632267,210028000
13.162520408630371,13.5608784418514,13.142827216100367,13.536199426324881,283120000
12.822742462158203,13.287160908242996,12.811774223969556,13.19018890190963,277780000
12.988019943237305,13.056572862335285,12.807287445364308,12.979044892252457,226188000
13.32754898071289,13.39211363395743,13.019432134144461,13.074274289196612,258572000
13.827862739562988,13.959236264193995,13.21511912323299,13.380145761603893,337780000
13.67330551147461,13.802186604239331,13.588299278392899,13.700727061039379,246820000
13.614226341247559,13.788975499046002,13.19866753200428,13.74235905033523,251112000
13.396848678588867,13.605749231505072,13.349234689420664,13.541682883107807,163980000
12.880827903747559,13.19492712938978,12.757181781831777,13.192184594045496,371272000
13.013696670532227,13.30162199857024,12.923455463539968,12.95910366922323,228316000
12.952622413635254,13.296636595811426,12.874596137407885,13.037628651929008,271552000
13.199165344238281,13.232818458698954,12.865870277184177,13.015940401973044,217204000
13.5180025100708,13.533208177107893,13.247527071774433,13.360454111923822,220440000
13.491827011108398,13.89193002868741,13.477867087311907,13.597024736589539,245408000
13.62519359588623,13.634416844530163,13.299626897697083,13.492324230974786,201340000
13.552153587341309,13.6979862959355,13.50703298248736,13.68577136233769,169152000
14.397480964660645,14.432380774378426,13.688014429574338,13.688014429574338,434624000
14.222482681274414,14.541567742930555,14.181848652102182,14.299760559735732,287560000
14.72204875946045,14.862396381578142,14.300507596143618,14.421909473206185,485352000
15.207159042358398,15.22859817563987,14.882340720231461,14.937432968957507,450828000
14.918488502502441,15.247545230196673,14.73277015205529,15.006984725766184,374756000
15.286431312561035,15.328561180758324,14.907268204475995,15.021191826127696,321960000
14.863394737243652,15.17998735005581,14.737754476290354,15.127636686605337,274756000
14.786612510681152,14.830735560188167,14.533337895222875,14.68689797534189,233868000
14.883835792541504,15.133619512638292,14.804313681704349,14.981555252381096,271724000
14.314717292785645,15.089995130190827,14.284054911103434,14.732519345236469,325884000
14.101577758789062,14.19805147445636,13.351228116185384,14.035018027091663,391780000
14.457555770874023,14.465284128044166,13.716679525715865,14.082381925555026,448320000
13.269463539123535,14.3336633080336,13.178474888234955,14.005354056686674,824436000
13.675301551818848,13.814900794289937,13.322811562682315,13.713192095526345,500932000
13.802186965942383,13.885199062295472,13.51451173836479,13.835341784593728,353184000
13.36793041229248,13.880710314412896,13.357709618961268,13.86026872775047,264116000
12.768149375915527,13.413050205234896,12.762166008984604,13.38787289708754,377592000
12.334893226623535,12.93791536777413,12.049212120822903,12.764162806346638,573344000
12.425881385803223,12.514128448535434,11.645866892554002,12.514128448535434,542840000
11.560111999511719,12.435601622284906,11.53343789904695,12.414412591748151,543112000
12.488773345947266,12.58503018119177,12.028931897775243,12.099753496667573,521824000
12.436904907226562,12.947367629501878,12.426182115532276,12.808218669435043,384376000
12.960832595825195,13.01345056221535,12.702483926792517,12.917442013123948,299916000
12.823678016662598,12.856345807578716,12.55834698640387,12.616450011981625,243964000
13.158084869384766,13.17354596831994,12.735151088409987,12.832405805122997,221988000
13.257833480834961,13.478526797408927,13.083771743024755,13.322918874295542,272128000
13.307709693908691,13.419427631953024,12.956843642184772,13.006967363859617,243864000
12.69051456451416,13.150854487628825,12.685028551725626,13.103474248516884,293896000
12.813454627990723,12.889014536593395,12.580791371714232,12.717945495627424,299208000
13.153099060058594,13.360825558253854,12.874301724797736,12.880287158091585,297804000
13.037887573242188,13.310948660290906,12.988511562612349,13.220925552884216,222048000
12.611214637756348,13.1261673732416,12.604980921274594,13.118187112663936,245840000
12.50373649597168,12.682785817128236,12.241148899201454,12.46807693347633,295144000
12.806970596313477,12.823928054668183,12.342391791953444,12.522936498340556,363968000
12.91569709777832,13.029660048696257,12.668071206371831,12.788018639128039,273520000
12.83938980102539,12.942629963313632,12.673059062634387,12.80971472304937,200204000
13.314692497253418,13.436634761447108,12.949861691430945,12.982778720855652,314776000
13.777024269104004,13.835127289150211,13.477278932564117,13.538126385440483,308276000
13.952335357666016,13.978768485040936,13.698474787231888,13.83263715402911,255672000
13.826648712158203,14.018914070443666,13.73887061935649,13.964551469176358,191744000
14.107942581176758,14.207690603431818,13.67702849951117,13.845852528976325,251284000
14.281006813049316,14.435118400784658,14.213176976612907,14.216918348018499,244416000
14.363797187805176,14.371777448243606,14.139363421566275,14.178264931921397,195172000
15.170762062072754,15.313901610057965,14.103701731984685,14.253823650541044,869324000
15.640079498291016,15.660528141496703,15.087721653634365,15.193205869262812,676212000
15.238593101501465,15.680977681236898,15.189217083345795,15.585717781764965,385500000
16.0966796875,16.17348576432492,15.592200556342737,15.623122755169474,598480000
15.872492790222168,16.125106184743426,15.825360841507978,16.01263865895767,335208000
15.32313060760498,15.7677602395464,15.194704433980464,15.497441617862325,404420000
15.133108139038086,15.458038566239265,14.925381656950178,15.284725469092292,334132000
15.321883201599121,15.323878028896175,15.064282220242037,15.08074025890028,216776000
14.81291389465332,15.399685082246794,14.746331191725861,15.336344329965497,277788000
15.226872444152832,15.296446921011565,14.862790304524419,14.896704270923427,227500000
15.4390869140625,15.440084803333924,15.08697469275611,15.146824267123838,197796000
15.343079566955566,15.63110332965213,15.31589778572029,15.539334614946952,164572000
15.238343238830566,15.493201692864114,15.177247490188085,15.325873065531082,209416000
15.28622055053711,15.3976892392755,15.033607148432132,15.361281030191163,173196000
14.971762657165527,15.326369079550142,14.959294274928283,15.136348727292862,201912000
14.799447059631348,15.208416073987706,14.750321235425245,15.086972302998047,203912000
14.315168380737305,14.600698817066128,13.975026104461781,14.600449582589548,405324000
14.422151565551758,14.776259598216896,14.351329959018729,14.672021540229958,292024000
14.486486434936523,14.534615323972524,14.18225390445764,14.458806188006658,193380000
14.775010108947754,14.933111336631207,14.634863276725753,14.771020454684466,229328000
14.22988510131836,14.768776709960429,14.214174766121413,14.750073658170713,268904000
14.270281791687012,14.3186599170756,13.715430659167707,13.790241908871472,285584000
13.723910331726074,14.22439889185973,13.674784499511132,13.974278753404459,303408000
13.630894660949707,14.045350711147945,13.425162994144586,13.998467988858465,285404000
14.207189559936523,14.291975886691308,13.713932697016286,13.855077402397413,258616000
14.12988567352295,14.133626093303139,13.818670761725361,14.12140694475875,216980000
13.980511665344238,14.368035115402556,13.968790986386999,14.231130241326667,186256000
14.030385971069336,14.044101476880362,13.509199604080083,13.532390775960163,344000000
14.575763702392578,14.646834538609415,14.234623498296415,14.266542637893258,321592000
14.954059600830078,15.183731096129877,14.832117340430838,15.125627113969413,672992000
15.572749137878418,15.705414174003659,15.137844497008365,15.174252706728867,554816000
15.608407974243164,15.77872833588339,15.443573624564127,15.726360560876719,435408000
15.660529136657715,15.754043443944218,15.547065605147322,15.69469328900032,370440000
15.449058532714844,15.710399871431303,15.421129054706803,15.660276161427158,581476000
16.203655242919922,16.236573213834454,15.462025838962788,15.462025838962788,644536000
16.22360610961914,16.347045652019425,15.86326447044786,16.229093072524805,472804000
16.736068725585938,16.876216524208118,16.194683808700496,16.21139203355558,594168000
16.927087783813477,17.215611938318762,16.541310797438655,16.658764943328784,580008000
17.5340576171875,17.6165979934895,17.052521354002085,17.069476909819976,617120000
17.574703216552734,17.76771725198459,17.149526305796652,17.52707469646401,575756000
17.41311264038086,17.57719836078649,17.207629259933416,17.483185585690848,323848000
17.318578720092773,17.53483445076462,17.216313965511866,17.475719983872768,381656000
17.385173797607422,17.452022006490658,17.136744250662534,17.310346354499423,287772000
17.784507751464844,17.898247503293362,17.403879495985695,17.439547219530038,416308000
17.97756576538086,17.9982683850617,17.62238044017172,17.865074363855577,321376000
17.747846603393555,17.97507688775737,17.687485674890738,17.874058585520746,243032000
17.769546508789062,17.913717005111053,17.5443124591101,17.75009224553801,307124000
18.61460304260254,18.791946379448483,17.715663460993632,17.73387125830394,809656000
18.596153259277344,19.330720564613056,18.541527942897947,18.74107162605108,968856000
18.385135650634766,18.494136987006172,17.782017377989256,18.39311678865641,672384000
18.843589782714844,18.920415392476453,18.343984494017924,18.42928982727159,580144000
19.013696670532227,19.10897936391846,18.864538436254087,18.96431028230056,332356000
19.161603927612305,19.375614096798248,19.044621470468723,19.183804200008918,320924000
18.987504959106445,19.30128697907614,18.851317522351227,19.236435003149623,278364000
19.93932342529297,20.03285915279017,19.274845251778927,19.31699836660214,495436000
19.980985641479492,20.05281970722413,19.612079616021386,19.83706441232295,367632000
19.956785202026367,20.116419372850345,19.81835223637548,19.953542508047825,326568000
20.16580581665039,20.40924764246024,19.973246122217304,20.079004759784198,480136000
20.440176010131836,20.458385715167392,20.241382131269432,20.39353374130317,342764000
20.651199340820312,20.794370789557213,20.303745727146765,20.69010977628683,446708000
20.3251895904541,20.827289518235947,20.285531292892728,20.805839022549197,418428000
19.857263565063477,20.086986749821186,19.655725557948074,19.81111987540912,503300000
20.004426956176758,20.03435908029402,19.709103896247075,19.916878014595042,296624000
20.46562385559082,20.485825995284976,20.141615103636564,20.193745606159336,321984000
20.203718185424805,20.41448567344241,20.068029336079224,20.353873559779505,290708000
19.796152114868164,20.371085187091623,19.7076060162833,20.311222848316984,380100000
18.922901153564453,19.801638809987963,18.815397482477785,19.766469664881527,550564000
18.119491577148438,19.113215466883993,18.03169335944509,18.9870054099986,688224000
18.73682975769043,18.998479381294242,17.824667948945038,17.874305524272554,749060000
18.5694580078125,18.79494127146192,18.12248204844716,18.68718832530134,434687000
19.365636825561523,19.482369991726237,18.699164320803426,18.838843731264284,371017000
19.549219131469727,19.841548769491073,19.2319451068273,19.597109765716453,323826000
19.513303756713867,19.654979435423797,19.206007080146577,19.611079366488564,195672000
19.24990463256836,19.397565194519427,18.87077204812226,19.266865977371694,203943000
19.16409683227539,19.577150119068563,18.698163285947036,19.220965756845324,248863000
19.458423614501953,19.601096419244247,18.951585293113546,19.27484415522082,202191000
19.617063522338867,19.80762698019667,19.283825335460097,19.4743887933179,190781000
19.454437255859375,19.585136481217972,19.218976552723575,19.37362109560357,183497000
19.70486068725586,19.915378880901837,19.316749821197465,19.654975725192713,217444000
19.76971435546875,20.175783766568422,19.17607297987363,19.694885002968523,301811000
20.22766876220703,20.27156883485217,19.782686938684932,19.944317380841728,231309000
20.589832305908203,20.68561356328151,20.29550646605199,20.45314629356312,211435000
20.31945037841797,20.52298458479839,20.163806797419902,20.477090195052455,178497000
20.248619079589844,20.46113164731858,20.096966025159155,20.399273064432922,146443000
19.890438079833984,20.38330854964685,19.789667174813598,20.275555576217656,179238000
19.653980255126953,20.003180762487712,19.385595913054647,19.99719395698716,185925000
19.85951042175293,19.98322568110956,19.57516190406229,19.82459056189546,151652000
20.141857147216797,20.16779869480621,19.805627515773473,19.8595049435428,183063000
19.90440559387207,20.240635283225057,19.408539829296206,20.08898224870646,210876000
19.41352653503418,19.72481369476368,19.222963104205142,19.64000698314387,204585000
18.99648666381836,19.589128991914862,18.956577166874165,19.455434460739273,285913000
19.75275230407715,20.44815982346293,18.719118863786036,19.449446238959755,766555000
20.76842498779297,20.817312785089932,19.887443664031185,19.945309765245902,675741000
21.90781021118164,21.94672062637421,20.90211480149816,20.923066709908692,575807000
21.743192672729492,21.90881365504365,21.48578289478911,21.70328507988881,297299000
22.162233352661133,22.418645969756334,21.672356269378028,21.687321379149566,347701000
22.017562866210938,22.288940552177326,21.74019837604241,22.14926114072246,237940000
22.58426856994629,22.670072471614386,22.116340534614615,22.1333018816298,304722000
22.63614273071289,22.99033086561592,22.49945673354071,22.77781836527192,262580000
22.337778091430664,22.64712359993544,22.073337729589888,22.64712359993544,259850000
22.393657684326172,22.64911813568257,22.309835259034962,22.43756548471316,201767000
22.348752975463867,22.545337883825013,22.247966214051775,22.470495343605453,187834000
22.794809341430664,22.93750730917341,22.153166206014838,22.27790249793311,280532000
22.614194869995117,22.850694428150952,22.47448890756114,22.784833671238882,198107000
22.291873931884766,22.562302133901152,21.930636197722126,22.465506645086627,254434000
22.130216598510742,22.490455112570046,22.084314109745772,22.264932037922602,196856000
22.430580139160156,22.578266724683587,22.223018761676062,22.30085332657019,248376000
22.10526466369629,22.915551799490874,21.811884313612165,22.636141851633397,297500000
22.195077896118164,22.362722745195637,22.039406863407024,22.228007318619177,199755000
22.29387092590332,22.31981705301157,21.919661994088578,22.261938841506673,166538000
22.195077896118164,22.23000390634264,21.8807419007731,22.136202349836225,156033000
21.853803634643555,22.273915102821856,21.783951597574152,22.252959491701034,294503000
21.068464279174805,21.387788954115265,20.61841542305834,21.101393708407006,349440000
21.201181411743164,21.379802756895952,20.905806301905702,21.371820211672656,204688000
21.894716262817383,21.91367528465587,21.15128697509486,21.320928442562238,268726000
22.434572219848633,22.48745990832766,21.843820146489403,22.093292745342225,248555000
22.034420013427734,22.102277360773,21.814884783571202,22.02344353743368,217655000
21.61430549621582,21.753012198242896,21.280013132238278,21.664199253926697,245215000
20.65534019470215,21.37382275819737,20.607441103359058,21.169255229052332,343069000
20.473718643188477,20.972663870201263,20.423822978492204,20.895826640226495,218394000
20.672298431396484,21.02156047404019,20.64435762025099,20.72418878114169,221009000
20.6982479095459,20.814999787884194,20.160383401250066,20.70623045593006,240978000
19.690370559692383,20.498661120907016,19.513743941588203,20.46074118521278,345635000
20.40785789489746,20.60444281688041,19.812117171843163,19.907915325430285,279282000
20.65633773803711,20.67629410501386,20.03764468194792,20.077561222552248,297202000
21.03053855895996,21.277017200986315,20.927755219886244,21.04750098845933,256919000
20.78705596923828,21.16126489932197,20.73117434597139,21.056486855696548,151258000
20.651344299316406,21.01856804632995,20.467732425809636,20.531598501082726,163388000
20.627395629882812,21.012581072561225,20.48469762768922,20.784064039237663,162134000
20.894826889038086,20.94571989479939,20.669303819377614,20.873871281370185,180652000
21.700124740600586,21.709104627354822,21.07744058821198,21.243090758622078,243589000
21.815881729125977,21.884736417584175,21.616304770157008,21.763991377195527,226994000
22.17512321472168,22.243977904095235,21.598341475085665,21.70312142601179,189494000
22.24298095703125,22.331792011817765,21.990514392616486,22.229008647111023,161473000
22.056377410888672,22.38568124529054,21.935632354387096,22.25795098477628,146276000
22.644132614135742,22.66309354022548,22.036417993365024,22.05038840066262,187590000
22.678056716918945,23.08120376239796,22.51340579315989,22.774852206054973,249384000
23.11712646484375,23.30572690449076,22.72196200749555,22.924532850079377,230235000
24.664857864379883,25.20571622107296,23.873531450575534,23.93839486421811,485898000
24.399415969848633,25.037067811462226,24.230771884641264,24.422368162428235,245990000
24.88838768005371,24.897369471375516,24.471270169615977,24.825520850776506,234204000
25.513065338134766,25.65476598423701,24.947261999373193,24.948259341695557,292503000
25.77252197265625,25.839380084093317,25.173787190605605,25.594897936056437,265740000
26.345308303833008,26.621724421153417,25.745576232060976,25.767531088653996,294112000
26.541887283325195,26.727495711922842,26.179654119222267,26.613735891491203,239910000
29.73813247680664,31.29883224397883,27.060791963689024,27.171557859265718,1153631000
29.68923568725586,31.333757862133087,29.347956214634998,30.123317473930538,851260000
30.739017486572266,31.034392580176473,29.84390851205834,30.085398573379145,503101000
30.59232521057129,32.24183980327339,29.90078828330195,32.21389899422513,646746000
29.396854400634766,30.784920762665642,28.717291247821386,29.29407294809422,636206000
30.325891494750977,30.525470354822794,29.714185657516225,30.40372797344251,332172000
30.325891494750977,30.615280651522603,29.567494491133164,29.946693944604604,413054000
29.961660385131836,30.57935405607118,29.18530173672682,30.48754907870644,384909000
30.139286041259766,30.325891839785264,29.643334719095915,29.696224316711493,264484000
29.199270248413086,30.4446385457493,28.739242339156842,30.353829013241555,428508000
31.608179092407227,32.690889311922675,31.25492578342417,32.2987206204707,781711000
32.91541290283203,33.018196245585706,31.83769143046511,32.174977704788965,533867000
31.888582229614258,34.57390504765396,31.832700615691362,33.446287927689205,754335000
31.679033279418945,32.29173838894415,30.814858947539943,31.46847793452382,532163000
32.605072021484375,32.78568994748824,30.862755024040684,31.39463157257882,435162000
31.436538696289062,32.64099112806877,31.283861600664526,32.5312225848996,283069000
33.305599212646484,33.341522577161264,31.968425532112303,32.29773128790808,454964000
32.60706329345703,33.282636999598125,31.79677797027339,33.09902325931394,622066000
31.372526168823242,33.222843560767245,31.317635170167748,33.152982981954075,484368000
32.06214904785156,32.41345063590255,30.96333745214234,31.15196289598715,472890000
30.632003784179688,32.06515080587632,30.070121019469727,31.936405556758363,544325000
29.977310180664062,30.1809033539514,27.982282108313893,29.8206206836282,658938000
32.3625602722168,32.3845197220602,30.590090410052074,30.895483996800152,593053000
31.76275062561035,32.22582919300085,31.358554819452596,31.935407148072855,475551000
30.429401397705078,32.14099491923516,30.367524347573724,31.67092845038367,488507000
30.137985229492188,31.24278555655399,29.801655081182673,31.088092914267587,488825000
28.105031967163086,30.233794155650276,28.060121324277922,30.188883512765113,598344000
28.280683517456055,28.621005425069747,27.19584390568892,27.643950978334946,667035000
30.398466110229492,30.439384993244534,27.782674736715105,28.343558104801343,698297000
28.330585479736328,31.098075396246916,28.03717102685846,31.090091873375695,707366000
27.74574851989746,28.864520919055607,27.704829638355005,27.92938285109951,713758000
27.663911819458008,28.088066423723266,27.091053166532397,27.250735034271646,461847000
29.0172176361084,29.062128280070525,27.34654282285214,28.31761057753916,524385000
29.341569900512695,29.49626253795648,28.39245970985011,28.833582616767877,395184000
29.581092834472656,29.999260737951445,29.37250856669955,29.695864054966595,343022000
30.883501052856445,31.025219046682178,29.58109424412039,29.601054953911746,403686000
30.261737823486328,31.26773392112932,29.952352554451778,31.24977004502104,420591000
29.941377639770508,30.487291454884854,29.307639364299206,30.212838350656018,343139000
29.52720069885254,30.39646994729714,29.481292592153306,29.7677209545132,308864000
29.352550506591797,29.970321747102997,29.272709567584414,29.615028331207352,266530000
30.061138153076172,30.64996574600368,29.725805474067663,29.75574653768631,391547000
29.231792449951172,30.407450890043936,28.292662528832594,30.2168304824857,527154000
27.549142837524414,29.35754213554747,27.47828478816745,28.891469242287545,498064000
28.121999740600586,28.381483256103156,27.01121270492406,27.58506883228335,454186000
27.192848205566406,28.36551411614278,27.003225284481758,28.085072447229507,409939000
27.345542907714844,27.4144060158557,25.593032389418763,26.528170402992973,594681000
27.76171875,28.009226996384303,26.785663592042308,27.268700993300914,404089000
27.943357467651367,28.53817178912904,27.553133765083295,28.011221217951395,383413000
26.522186279296875,28.423399112253964,26.445337738615446,28.322600004609768,540171000
26.888456344604492,27.142950637215478,26.1579107320568,26.24773202314796,395832000
25.851520538330078,26.585060416480562,25.71878543976193,26.20781139067626,424270000
25.017183303833008,26.49024985304365,25.002213722761,26.027173172244265,488315000
24.102005004882812,25.52816592790516,24.030147591877117,25.25371283114106,435181000
23.327550888061523,24.773670788821633,23.216771410371674,23.46028600695824,718958000
23.325551986694336,23.333535509414546,20.846489247606883,22.28562296184168,913982000
22.279632568359375,22.89740375021859,21.956277081612978,22.501191486192454,664616000
22.72674560546875,24.009191831407684,22.255683467670956,23.1938159816246,755959000
21.900392532348633,23.94731732349313,21.6319260913576,23.521165823776016,573353000
22.794607162475586,22.8125710384111,21.253675136018625,21.96825173742082,543774000
24.43733787536621,24.46029288211656,23.006187716140168,23.135928523427957,564680000
24.589033126831055,25.095025447548608,23.842518660207173,25.054106568459677,518925000
25.191837310791016,25.76569347477143,24.50420547493788,25.742740370347118,543419000
23.900409698486328,25.027165823091096,23.73274428459632,24.40939643808451,410178000
24.270666122436523,24.586038055795374,23.585031263895463,23.9243556646601,354829000
24.678850173950195,25.131946352010587,24.153894700175137,24.323556876804346,376868000
25.058101654052734,25.1798589396147,23.93234311537428,24.310589623943148,410359000
26.65192413330078,26.671884840451934,25.30261192894239,25.57107639696152,524282000
25.772680282592773,26.871492136649884,25.54912640450638,25.943341891805627,513200000
23.90140151977539,26.100024146681793,23.72575262390276,25.864493128365556,605472000
24.218772888183594,24.825564374214455,23.70778938191042,23.88643449693495,440424000
26.442344665527344,26.4922445340871,24.734744665885565,24.899415754979135,699869000
26.458314895629883,26.529174849501977,25.501221062795562,26.206816786682104,732676000
24.45829963684082,25.733759872250058,24.11698020371699,25.57906720311011,810595000
23.595014572143555,24.936343397057144,23.054091914566957,24.61897459185381,761255000
23.3435115814209,24.016171787907638,22.954287318634705,22.989217603574094,633422000
22.342510223388672,24.106998291616694,22.25668259013841,23.75469915667704,566511000
23.700803756713867,23.752700460531262,20.848483782736597,20.973235364784678,735801000
24.108991622924805,24.168871850041366,23.334534721068575,23.67385918065925,528866000
24.33654022216797,24.61598446694235,23.659888105648218,23.944321576419384,477319000
23.430343627929688,24.328556587897697,23.086029928980732,24.242727053391707,412056000
24.17598533630371,24.3646429560286,23.372449827907296,23.71282974706903,389642000
23.670902252197266,24.28178949987807,23.426346683944526,24.217904733759312,365095000
22.894317626953125,23.63696498590784,22.441142240714978,23.341503399554565,431415000
21.313194274902344,22.991140894785616,21.2912348972877,22.775531944141846,450821000
21.47490119934082,22.33233933851528,20.61247108080546,21.270273834836342,557467000
22.97217559814453,23.177800600931413,22.206569302526024,22.346314265208143,492742000
22.6168270111084,22.74658993845794,21.84223617720569,22.49005698722869,428066000
22.059843063354492,23.102944298029893,22.005940332367054,22.98016670139532,367209000
21.291236877441406,22.221542360192014,21.1205481082041,21.829256910095523,385354000
22.93124771118164,22.996130111197097,21.28324922029345,21.47889215070773,491996000
24.45148468017578,24.552300969340088,23.129891326873263,23.457294382081265,671422000
24.720993041992188,24.79685323515595,23.862555326463934,24.076167120982394,471941000
26.404930114746094,26.520720452738885,24.57925510917665,24.753936346817458,730719000
26.685420989990234,27.102662616353463,25.919814505169953,26.458834186805394,591727000
26.47579574584961,27.188498830843827,26.024617540690265,26.67842593251297,547007000
25.587411880493164,26.563633135603418,25.52851909569361,26.078516362640386,502120000
28.098840713500977,28.268531837117266,25.859917039185778,26.11844711768974,877379000
27.641674041748047,28.306464068102645,27.221439608204165,27.835321724179195,579016000
28.167713165283203,28.19865696132913,27.15655375747075,27.705555300817046,425494000
28.60392189025879,28.89339386605595,27.929149831104116,28.64285057154714,488984000
27.639680862426758,28.444215914701186,27.45302041414032,28.25256539037633,463487000
27.236412048339844,28.19666368490603,27.220442282936776,27.731510949600096,523440000
26.663455963134766,27.446031589701068,26.219264969798488,27.325251194574196,517235000
27.310279846191406,27.507919979186674,26.564637612794822,26.679428397203534,397120000
25.883872985839844,27.269350934287917,25.773074655335627,27.20446853162703,436615000
24.362648010253906,25.25402493041079,23.959382815616124,24.888690790070065,703833000
24.164003372192383,24.67706914237199,23.435330567050546,24.396579708521703,557992000
23.076984405517578,23.879524117334512,23.02008878589578,23.873534503516744,524781000
21.877168655395508,22.279436135946174,21.62063574834751,22.173629781756052,575207000
21.464920043945312,22.68370176540481,21.243323367316314,22.496043695875855,662258000
22.162649154663086,22.459110293944573,21.416009317470518,21.68851390489682,516943000
21.219362258911133,22.735602428261522,21.124535610148293,22.464095533645853,569097000
21.7434139251709,22.047858038582817,21.040692857198728,21.161473248993577,525701000
22.15765953063965,22.332340741600348,21.27526524698662,21.680527560297847,512781000
21.442960739135742,22.628801491972297,21.161473633865274,22.476079663374364,468974000
20.146320343017578,22.351305380675164,19.963652360371036,21.66954608901935,656209000
19.479530334472656,20.448766185082214,19.464558206632862,20.26609822913244,624713000
19.865835189819336,19.90875632059273,19.061300069268512,19.167106444428228,641566000
18.753854751586914,19.752037349254017,18.63606917460008,19.682164872038474,653143000
18.38153839111328,19.132170809703098,18.256765532864236,18.56420451525645,499460000
19.746047973632812,20.000585605277607,18.456396224687087,18.932528613649104,570327000
18.513294219970703,20.091420341877647,18.48334805551463,19.36673991620479,500435000
19.497509002685547,19.538432966339265,18.35758384678244,18.507310912314864,572049000
19.56637954711914,19.788975800506215,19.09823192665675,19.364746946118334,475751000
20.29704475402832,20.362924790823026,18.716921505243764,19.88679240340564,648855000
18.80975341796875,19.888788220846624,18.466378728953146,19.830894968407897,626331000
18.641061782836914,19.47654062399215,17.95730714361305,18.70195175204548,633297000
16.919198989868164,18.22182592676912,16.796421410513055,18.001228764705814,644455000
17.563020706176758,18.16492540380209,16.994056975947228,17.656849725721745,761474000
16.59977912902832,17.7207395102495,16.537893425141622,17.315477156303142,670167000
16.14560317993164,16.75748999654894,15.53870929454901,16.189523839856356,708728000
17.673824310302734,17.895421017236522,16.562847872141287,16.757493216581477,670437000
17.232624053955078,17.755671895048422,17.074912165379693,17.47717962452616,521446000
18.143962860107422,18.33761050359506,17.601950508278644,18.041149425668817,585830000
16.907215118408203,18.085070787489677,16.833350206512566,17.67282130331116,545161000
17.09288215637207,17.65485877694169,16.70358958474404,16.906221705811088,621310000
16.66366195678711,17.378360361940025,15.726368287812404,17.30050299605302,739105000
16.86728858947754,16.88425788996982,16.149595509541346,16.244422161579827,639889000
16.1246395111084,16.566835152715054,15.751319657965462,16.479993381421657,588550000
16.944150924682617,17.079903445712347,15.97092245670094,15.990886566703573,781132000
17.818557739257812,18.059118973315748,15.992881259502376,16.00685575522456,996575000
18.776813507080078,18.846685983699807,18.06710524448989,18.15294938885793,738379000
18.638065338134766,19.165105599325045,18.31665005645975,18.945504221241023,664100000
18.286705017089844,19.018372668475514,18.089064907013434,18.68997202318387,544514000
19.5563907623291,19.583342116528346,18.164925244103703,18.258754262823782,648656000
18.685983657836914,19.29687302400842,18.48834348451512,19.047327292928895,598779000
18.75185775756836,19.301856968127392,18.53026109692932,19.104216857601944,422406000
18.89160919189453,18.965474128700176,18.154949381251356,18.43843370634058,388914000
18.6180419921875,19.149186902554792,18.5052226626472,18.768798475632803,363252000
18.019010543823242,18.902589231705353,18.01202181811601,18.451315596651252,395574000
16.94673728942871,17.668575580223607,16.841904493178646,17.571731259755435,465248000
15.621868133544922,16.28579997384652,15.58093362203666,15.974300833378589,604153000
15.810563087463379,16.040193181616115,15.387243419466994,15.705731253766638,469680000
16.500452041625977,16.84090387526414,15.900416682083067,16.06914487895743,563936000
15.575940132141113,15.916392943958204,15.376261580184906,15.834523928335084,545749000
15.8544921875,15.969307235334867,15.303378815321718,15.622864496998716,630334000
16.539386749267578,16.98067611376005,16.380641786258877,16.44853333661979,483089000
16.333721160888672,16.635236096967933,16.15400999438934,16.19993563125689,437135000
16.198938369750977,16.558358811416724,15.827535215459164,16.492464841611433,463680000
17.098487854003906,17.112465303147033,16.28379871027583,16.473494023135874,472153000
16.84189796447754,17.30215776962476,16.599288334670938,17.284187038580626,427968000
15.956329345703125,17.17436904148227,15.919388121687373,16.872854081714543,461149000
15.517034530639648,15.794587854289764,15.145632337338009,15.788597926333088,482352000
15.134650230407715,15.541994845285537,14.838127375234018,15.336325419135894,686070000
14.499670028686523,15.038802535047681,14.368880901155025,14.875066426306015,577610000
14.939962387084961,14.946951112194402,14.032423111650445,14.152230235873315,651397000
15.105696678161621,15.294393215490263,14.765243873049544,14.985889549347426,529066000
15.832526206970215,15.91938634734984,15.36427972508815,15.431172487703748,492903000
15.812560081481934,16.01124079035871,15.364280941862427,15.405215450126937,467972000
15.12766170501709,15.502059340934558,15.013844503778325,15.501060543530391,437321000
15.057772636413574,15.406211993432294,14.853102016672706,15.243473723701138,458483000
15.139642715454102,15.350304243121299,14.4417660630257,14.56656528451449,521918000
15.347307205200195,15.448144798089075,14.704341629701336,15.083731337790685,456235000
15.736681938171387,15.75664931750774,15.420190739657972,15.633847697054403,385935000
16.07513427734375,16.869855065757967,15.976294291524628,16.275811592879943,670517000
16.964704513549805,17.082514988008967,16.146022071859953,16.45951683745517,702366000
17.778398513793945,17.9041974948796,16.774015685938632,16.919781096788945,760538000
18.0210018157959,18.11485066717971,17.516813938908633,17.856267879415007,557049000
17.29117774963379,17.93813556729671,17.10946901549391,17.864255040385185,536671000
16.996654510498047,17.096494261320483,16.622256873127547,16.991661475600253,480748000
16.506444931030273,16.89182460135965,16.451532969702946,16.86187210310339,397865000
17.761425018310547,17.9071904085924,16.885832927058424,17.00464126060537,569776000
17.955108642578125,18.11085817162906,17.411983837534958,17.946124228071746,474646000
18.133827209472656,18.214696484956857,17.663583046050046,17.784388988721815,435460000
18.4113826751709,18.815732907355017,17.961106793902616,18.152797867160455,476469000
18.496240615844727,18.907579472181585,18.062937738115096,18.09289023442921,489527000
18.862646102905273,18.937526369408964,18.10786017665699,18.15478554991328,418146000
19.18413734436035,19.243042594792605,18.72986823383553,18.818725984317854,409652000
18.958499908447266,19.19811418839831,18.636018761507295,18.779786567763914,386068000
17.76441764831543,18.2097022715193,17.214304052200333,17.473886632127186,981859000
17.058557510375977,17.418977745827792,16.69713942952305,17.224291252645365,668263000
18.067928314208984,18.088894487490233,17.289180654581262,17.66956911758063,597422000
17.91318130493164,18.67695387002045,17.84728732822926,18.101878818020555,509327000
18.6789493560791,18.68793567728393,17.92416312056551,18.130831369711036,478094000
19.001426696777344,19.133214622291845,18.583101055571028,18.670959037819138,457666000
18.848674774169922,19.11125281035759,18.471281688551823,18.88960928236418,451240000
18.305545806884766,18.65797938877472,18.115852393296763,18.49324543441833,446799000
18.74284553527832,18.83469681060988,18.1537931034188,18.2716035897907,415447000
17.820329666137695,18.49025135099446,17.74145609340944,18.37643415192169,441588000
17.006637573242188,17.529796005514974,16.93874601388548,17.46190444615827,409593000
17.15340232849121,17.436946542201706,16.94274081093071,16.961711297149357,369986000
17.1943359375,17.37804038834426,16.867861541977685,16.98467227619529,522661000
17.884225845336914,17.918171626071466,16.805960762250074,16.816942772656006,770691000
16.23387908935547,17.895205487932916,16.210915322065308,17.828313684831375,769127000
15.775616645812988,16.31175370277601,15.741671820044607,15.994265655507672,496132000
15.443153381347656,16.013235302076197,15.157612546233274,15.934362683647725,530181000
15.069755554199219,15.51503927839252,14.934972165599781,15.359289711852172,573710000
13.914613723754883,14.356901987282448,13.248685287003793,14.186176179149008,1178865000
13.625080108642578,14.148237660215658,13.569169349058186,14.07735255557611,743157000
13.443370819091797,13.756866558635831,13.329553621636906,13.70894332767748,535751000
13.696041107177734,13.819879276342737,13.328522976950122,13.54523882056341,512657000
13.971678733825684,13.989655763301307,13.35149264648823,13.441373984164738,624873000
14.368158340454102,14.455044295388618,14.107500475650557,14.138459061636421,486612000
14.486004829406738,14.527949644682035,14.179406706797371,14.35018325067947,484159000
13.113801956176758,13.903766352893664,13.081844277875383,13.78392363062557,714956000
13.110806465148926,13.27259399594672,12.896087899117584,13.236640893849893,588507000
12.912066459655762,13.215668204044421,12.773248572458732,12.997954265186072,523625000
13.18071460723877,13.194696210561576,12.600475212066435,12.725311500263086,670751000
13.36447525024414,13.44536950238442,12.992962670832137,12.994959906915472,569685000
13.158743858337402,13.46534195963584,13.039900223317943,13.19769329297533,524818000
13.243634223937988,14.012626355851008,13.092831937590079,13.195697697748727,807679000
12.544548988342285,13.131779194049958,12.411723754768438,13.052882186314475,759162000
12.499608993530273,12.594484849369591,12.240948352013458,12.403734995875771,663309000
12.211986541748047,12.642422835414386,12.198004936367159,12.47464261841831,547343000
12.396743774414062,12.719320720938102,12.241947032432883,12.490620532839431,553854000
12.719321250915527,12.806207210789621,12.337821540927935,12.393747960630728,542414000
12.203994750976562,12.483627745803501,11.930353463161712,12.431695808664548,532763000
12.123102188110352,12.616455658995795,12.05918587570381,12.07117024380662,565638000
12.495613098144531,12.661396053420196,12.089145605693762,12.33082923699565,547478000
13.149755477905273,13.20268651528483,12.862132554319986,12.862132554319986,584182000
13.191699028015137,13.30355279979385,12.604469821558896,12.894089953360172,507131000
13.112804412841797,13.638115559922221,13.085839346698974,13.202686696750762,644157000
12.060186386108398,12.653408390945094,12.006257199525558,12.48862450071268,672478000
11.654717445373535,12.10812242255828,11.393060467753326,12.021236461439129,698699000
11.570826530456543,11.830485290733634,11.26822291287926,11.545858700912863,667482000
11.48493766784668,11.719629529490467,11.33014094856781,11.563834668576538,492590000
11.944336891174316,12.062182385586972,10.798838721715281,10.956631792924158,850103000
11.212297439575195,12.095139584430672,11.189327796407529,12.041210401485747,713432000
11.872428894042969,11.932350726428501,11.501915484578577,11.502913626203627,580774000
11.951327323913574,12.475639372211802,11.602784417601008,12.327833437876679,659362000
12.035216331481934,12.33382546739314,11.81850053084603,11.86344167010799,523131000
12.178030967712402,12.752277756580911,12.089146821227374,12.09713671776913,652398000
12.44967269897461,12.481631329078258,11.871431503871706,12.082154643546934,609494000
12.582500457763672,12.69335515427323,12.048201240588062,12.491620026626292,517457000
13.243634223937988,13.282583663418823,12.647415881475542,12.67737728182248,505482000
12.879111289978027,13.370466592779119,12.691357769324208,12.852147174952409,532953000
13.158743858337402,13.819877533588544,13.104814677814026,13.61214975532052,583113000
13.81588077545166,13.83186056641061,13.043893435960307,13.086837338365129,521040000
13.479323387145996,13.819877352516734,13.27958550774582,13.759955512484012,486341000
13.525262832641602,13.906762493344775,13.501294098029572,13.792911480150275,432817000
13.201687812805176,14.191390140892414,13.1936988689507,13.83186195195651,672628000
13.403423309326172,13.762952460821824,12.93903307601992,13.025919033651268,500065000
14.137460708618164,14.210365058332465,13.67906125202417,13.967683273201919,612576000
14.282272338867188,14.393127044208452,13.935727569364591,14.209367978816218,410061000
14.582877159118652,14.871498236897642,14.197382040182664,14.781615950345596,595292000
13.757959365844727,14.192390121308478,13.740981430455777,14.143453551229962,454414000
15.729372024536133,15.752341664941923,14.527947540373134,14.78061644211266,700819000
16.305618286132812,16.367537366980358,15.461725560041561,15.786299758724766,655487000
16.27366065979004,16.51834065367654,15.901148984019148,16.1967618318074,527852000
16.644176483154297,16.975740560635188,16.360547980780158,16.700102908154662,545876000
15.889163970947266,16.340571692497278,15.85221272363111,16.140834757175984,649547000
15.656468391418457,16.244697698362444,15.514654166070915,15.694418730732606,710894000
15.38881778717041,15.981041491034228,15.100195807010701,15.945087439737105,492072000
15.296940803527832,15.456731110524126,15.060250720781186,15.127163364237928,404739000
16.016998291015625,16.036972558111696,15.102197430405885,15.30792800033822,472866000
16.497365951538086,16.505356800578657,16.026984003688426,16.076917762150764,427241000
16.248693466186523,16.46540834086165,16.15082223246227,16.29663094123332,167934000
15.806272506713867,16.33557910048079,15.704406802903588,16.005011300506297,303741000
15.618517875671387,15.911134360808981,15.499674245542238,15.806271381799128,298384000
16.905162811279297,16.91215540251176,15.58056025532418,15.680454279692341,565298000
17.11693572998047,17.24679783970152,16.61746285278934,16.981079427481237,470977000
16.85820960998535,16.915150636132893,16.42766419266872,16.641439305658572,371389000
16.592487335205078,16.97708162701936,16.454632352067286,16.661414826773974,352255000
15.970149040222168,16.55553084429332,15.802325903042705,16.51257690097359,352694000
16.103008270263672,16.168938682471737,15.6504847696813,15.75537458146814,372388000
17.150901794433594,17.16089148149892,15.942176334261013,16.255846411030678,515456000
16.983076095581055,17.564463251970096,16.95710443596456,17.14190886566031,465338000
17.516517639160156,17.519514736231685,16.779296541065285,17.019043348066607,457328000
18.05295181274414,18.770195420423224,17.692332261799088,18.51146764054295,656589000
17.65536880493164,18.232760529632582,17.401636847702704,17.9680385827717,496888000
16.93412971496582,17.30174181827522,16.682396458224076,17.127925453761733,478542000
16.553531646728516,17.023037438901543,16.392702058076296,16.846223968965074,478232000
16.23686408996582,16.59148937740911,16.127979749041472,16.55452963419861,354039000
16.06804656982422,16.292809815920624,15.835293287085545,16.04706879387778,403260000
16.483604431152344,16.609472961104036,16.0850248812042,16.097013267551,325025000
15.322831153869629,16.120989680017022,14.866313091281313,16.077035434762546,565045000
15.189970970153809,15.322830189395079,14.867311505326436,15.17998128298212,349326000
14.10611629486084,15.084084488373529,14.041184273487007,15.058111870357818,464902000
14.02120590209961,14.246967523902235,13.869365687694097,13.912320585471353,351066000
14.587607383728027,14.667522983450695,14.2120042555653,14.38681998720955,354923000
14.59859561920166,14.613579197907772,14.217996715226494,14.318890082879692,310490000
14.299911499023438,14.980194430393471,14.081142463306268,14.835346803839585,401277000
14.733452796936035,14.837343262850888,14.225988854764774,14.551645434254098,431324000
14.249963760375977,14.548648374304229,14.133086509590795,14.475725368544696,389168000
14.84333610534668,14.994176946626181,14.019205996590792,14.45874173703761,405044000
15.611525535583496,16.03907384357529,15.125038456294371,15.267888310654865,504231000
15.892230033874512,15.94517366128145,15.455690420036634,15.490653372601406,384101000
15.984131813049316,16.011103777484436,15.546593810156406,15.823302234215715,353285000
16.493593215942383,16.619459833672344,15.475667427433098,16.083027207439695,551409000
16.88118553161621,16.904162001817628,16.147960048723682,16.260839889557317,447287000
17.683340072631836,17.709313641691512,16.881187014032182,16.881187014032182,511102000
17.35868263244629,17.854158152300805,17.263781558432793,17.648375934651437,439624000
16.747323989868164,17.178869643415503,16.713361345219184,17.018038182127146,452932000
17.8201961517334,17.837178429750637,16.80726509622476,16.993067946601407,564967000
19.17276954650879,19.2247147792948,17.799218927189443,18.044958004082773,655163000
19.24468994140625,19.47444892004992,18.80015937186395,18.807151961874666,496204000
19.302627563476562,19.349578895083795,18.560410883731777,18.89305998212653,449537000
19.7811222076416,20.1447387517024,19.25767450877086,19.680228862617987,489535000
20.343528747558594,20.60625195178664,19.38454179975137,19.441480911459067,542142000
19.141799926757812,20.11876764644554,19.129811540746857,19.928969317759073,488611000
19.51640510559082,19.66624659725309,18.93002401700691,19.14979141108904,498017000
20.920923233032227,21.169659387182808,19.590326660737446,19.670242250628736,660477000
21.686113357543945,21.925860113730366,20.6781782034606,20.977861172359162,564276000
21.077756881713867,21.72207738368297,20.76708391302964,20.9778619200745,429366000
21.066770553588867,21.54726252016348,20.764088546903054,20.78406792196353,452197000
22.14963150024414,22.23554130412732,21.127708956312546,21.35946479466182,664150000
22.18159294128418,22.85388384635013,21.984800102114296,22.36340029679166,559651000
22.31345558166504,22.99573622959342,22.09668525553156,22.58217304827231,523876000
21.242584228515625,22.054726981350132,20.789064216864638,21.6671373847091,550737000
21.765033721923828,22.024759888693577,20.939904182007883,21.515297242953466,474919000
22.946786880493164,23.02470377641566,21.343477267064582,21.555253690620347,675474000
22.740005493164062,22.830909178097187,22.082700019847906,22.52523196197497,420575000
21.978809356689453,22.5262301612366,21.90388764913277,22.109669887606003,412026000
21.36545181274414,21.717079994148627,20.952887118556177,21.60819565620736,465888000
20.63322639465332,21.47134072519899,20.596264744241374,20.977862013234812,410015000
20.732126235961914,21.08175773796776,20.39947701512826,20.6851767924116,513184000
23.639053344726562,23.86281813728652,23.00072702935598,23.415290457504543,1117995000
23.261451721191406,23.44925516678763,22.922810291543012,23.200517108251855,589716000
23.47622299194336,23.854823133033605,23.429273564014498,23.64504544483232,452994000
23.1915283203125,23.799887550278743,23.18153863236945,23.347364022615437,455963000
22.674072265625,23.23148459935281,22.484272025585433,23.167550984389926,460026000
23.2894229888916,23.355353400499368,22.40835276964801,22.464295399339527,389415000
23.864818572998047,23.874808261321643,23.10561940844885,23.295419675920705,412393000
23.529172897338867,24.22243969976959,23.462242179784383,23.865817563448918,437429000
23.26740264892578,24.10366224367853,23.220443334628193,23.579126969767078,515154000
24.159608840942383,24.178593039415297,23.40327852623449,23.466222520970515,513573000
23.41526985168457,24.4323690005714,23.362315331755266,24.15361456298328,501257000
22.944686889648438,23.60610198543216,22.705897972493613,23.388294401646913,474866000
22.9456844329834,23.277391485551078,22.27727749488012,22.731874936608868,421890000
24.04171371459961,24.197575854977504,23.439246485119973,23.475215844075734,474910000
24.20656967163086,24.26451702592668,23.339337433810194,23.73998179778675,524486000
25.51841163635254,25.565369047622582,23.872866995148154,24.005750694887265,583253000
25.702247619628906,26.375651279421106,25.645296921004547,25.95902028263856,848547000
25.877090454101562,26.000981321988803,25.107771080019624,25.592342695819287,432747000
26.175827026367188,26.368657115310835,25.35855164040249,26.15684473087792,547408000
26.444591522216797,27.56460037448036,26.213794924295495,26.40162837848802,797295000
27.166950225830078,27.474678371614985,26.66639389662088,27.091017232493737,564889000
26.755313873291016,27.142971183393072,26.331689105706722,27.007091792651533,454920000
26.50753402709961,26.97611906928059,26.34168048471256,26.81326313262677,361026000
26.386642456054688,26.4895520016458,25.8271382618564,26.42361038825946,356104000
26.960126876831055,27.054043579107656,26.573470119425455,26.801269051242517,393694000
27.358779907226562,27.474678436555607,27.078028306822056,27.204916786801245,364516000
27.75243377685547,27.809382571922825,27.081027225666862,27.115996118368173,433933000
27.940265655517578,27.97523454624746,27.311822283407086,27.48466960367856,398716000
27.428714752197266,27.975231771386614,27.28284399228964,27.94126145071521,368592000
26.857223510742188,26.97411869458037,26.371653330557585,26.80526946048249,515015000
27.013086318969727,27.056047553520614,26.403625256641565,26.560485977879456,397654000
27.55461311340332,27.5965757910027,26.64541795409272,26.799281105290447,395279000
27.144969940185547,27.765420962103274,27.102006799330113,27.699479353630412,314378000
26.471569061279297,27.443708127929558,26.424609743141254,27.345795224515363,446259000
26.439592361450195,26.863217112653786,26.305712014928602,26.71035256577281,353615000
26.734331130981445,26.85922056456347,26.196806902127364,26.480556091603322,395660000
26.978118896484375,26.982115069024893,26.409621904454085,26.541505126599592,321471000
27.64253044128418,28.08513943393583,27.332805146499545,27.508650082334086,604812000
27.906299591064453,27.975238816358058,27.20791833089403,27.33680396292307,358660000
27.080026626586914,28.00520817494305,26.976118523026464,27.64652455149464,427713000
27.095016479492188,27.158960962765864,26.69836821134885,26.928164350822538,345103000
27.018083572387695,27.341796428628392,26.64741139924113,26.989109891102213,339282000
26.217788696289062,27.22289939376249,26.20180400715183,27.05404825153496,378527000
26.932157516479492,27.305827272348722,26.68138006807285,26.978118263771744,406337000
27.201921463012695,27.470684568616697,26.601453148375764,27.338801338428016,377161000
27.724458694458008,27.73344960649909,27.047056930698307,27.20092196442208,292216000
28.88442611694336,29.032295912955636,27.75542655126911,27.815372941798888,570329000
28.185047149658203,28.81049480525915,28.05816057967745,28.65463265110566,402730000
27.77741050720215,28.341911325325526,27.44770245263645,27.815377004737694,383387000
27.537620544433594,27.834356814204146,27.21590486366876,27.626540615871196,321850000
28.654630661010742,28.72956317440286,27.706470718340587,27.801385997568506,361494000
29.125215530395508,29.194154745050692,28.32492531170623,28.49677215933893,344979000
28.54572868347168,28.94737354959499,28.42483732148799,28.873439595641816,314869000
28.859453201293945,29.087252189450044,28.435828416964906,28.97934600141485,369350000
28.552719116210938,28.924391692794167,28.221013976145482,28.870438607270344,322149000
28.31493377685547,28.75454513594309,28.02119319112188,28.503765785473174,274222000
28.92738914489746,28.943375739340738,28.12709896933045,28.48278306832434,293926000
29.187158584594727,29.8435789202714,28.806496990692356,28.81548790146732,449405000
30.151309967041016,30.172291303095026,29.40397230888541,29.557835439948157,432535000
31.649980545043945,31.799847490043984,30.293181883981152,30.383102432113493,748725000
31.236347198486328,31.552067683944458,30.888655428377344,31.508105976511025,473908000
31.148426055908203,31.49212165768894,30.652864468171376,30.87366776329227,372000000
30.660856246948242,31.260325929202107,30.603907456096916,30.972580557946717,356253000
30.510990142822266,30.579929358273947,29.77963722467679,30.183279227752074,721419000
37.946407318115234,39.44508061098546,36.60259571255149,38.488926318360186,1543911000
38.91155242919922,39.13535333136667,37.51678724611189,37.856486677468894,714397000
40.075523376464844,41.90090712766281,39.91366790954096,40.559096455146374,923401000
37.800537109375,40.259358998541856,37.78854668617227,39.45307354763965,1002580000
39.734825134277344,40.01457626339759,38.306089619716126,38.45495609590561,635873000
39.29221725463867,40.46418014077918,39.0234541630698,40.061536692451796,482731000
39.136356353759766,39.53000507242546,38.6727660406919,38.87458704490847,396094000
38.61981201171875,39.125365001144544,38.11425902229296,38.79565884971586,388729000
37.44572067260742,39.468141471393565,37.32681416120832,38.88459809447063,511998000
38.47991943359375,38.833643027365426,37.47570715034152,37.694534053593046,417772000
38.739715576171875,39.67997860030122,38.53687503234718,39.00650530356787,427717000
39.45115661621094,39.49911945587758,38.58783312564601,39.16937922135142,388701000
40.989967346191406,41.06890803758318,39.70897071293939,40.15462160018034,613208000
42.96342086791992,42.96641687824926,40.52032691306219,40.7921176516414,740465000
42.619686126708984,43.2551909701653,42.11408081517457,42.56872727104233,568622000
42.65864944458008,43.68684489706271,42.627671619358104,43.41605669949975,655709000
43.773780822753906,43.95564168389906,42.64066770306491,42.96441594228362,451153000
43.011375427246094,43.58093370313804,42.04713285457767,43.467020523272616,551603000
42.991390228271484,43.39207412960286,42.20100779460612,42.21999014630877,417737000
42.176029205322266,42.77555900672088,41.98218049927132,42.43083108618956,358140000
40.60026550292969,42.730600334546075,40.06867951218722,42.42783558135576,594322000
41.84328842163086,41.907237605323324,40.416406298926006,40.76713004512084,462175000
41.08488082885742,41.81231277067348,40.4863497310759,40.628237095961644,582639000
40.79011154174805,41.56750370507978,40.56828482936424,41.52553669526217,380514000
42.268959045410156,42.516766447959405,41.46858596097829,41.64744701058792,501148000
42.3798713684082,42.86449316721701,42.169037634447896,42.48379023030001,198209000
42.28395080566406,43.143275924330226,42.05212974638505,42.102089932908285,323618000
42.07011413574219,42.14605498586675,41.31370545626282,41.81131756799603,303582000
42.46979904174805,43.18024602401447,42.14705329030634,42.288940665727566,355881000
42.14706039428711,42.77756814161345,41.61647302860195,42.62368907673001,353908000
42.37187957763672,42.72460451753315,42.03414612426581,42.44782043348418,298244000
43.86771011352539,43.90068528368808,42.743588811592915,42.999389377359606,481277000
45.94108581542969,46.118944360019775,44.45724522752528,44.48322589317595,478204000
45.43348693847656,48.05044077711324,45.024806002911156,46.54661523204283,772075000
46.424705505371094,46.45967801263674,45.22664460524396,46.252842790646994,510488000
47.4568977355957,47.85858412490547,45.69827430374762,46.66451794958182,569164000
47.040225982666016,47.780648286916495,46.705488579051746,47.4269247186503,427502000
45.48444366455078,47.05022098399054,45.02680123666584,46.470672206647684,537865000
44.27438735961914,45.83017417101583,44.06555098011311,45.7522321711593,963769000
44.5771598815918,45.073773397339444,44.00560798628227,44.69606643044392,382516000
45.64331817626953,46.14692227530892,44.887908215993086,44.90589571026622,348081000
45.4164924621582,46.01702469777884,44.59513601307883,45.9850482020561,364237000
45.8641471862793,47.35797831429428,45.71426283263286,46.48266314205839,455976000
46.71348571777344,46.99026979268205,46.344774445154044,46.63154903236518,331194000
46.692501068115234,47.09318883138378,46.469675675562414,46.717483065836525,251055000
46.47067642211914,46.86337103094522,45.9910517758365,46.42371224639774,237858000
44.23442840576172,45.804200653759004,43.35311724859975,45.79520881072496,530142000
44.480228424072266,45.082758057083076,43.765786762914985,43.765786762914985,324176000
44.64509963989258,45.60634618505477,44.35832507301121,44.94986170170467,362666000
45.38153076171875,45.50443580088547,44.52819761374418,45.07576998074253,322154000
44.629119873046875,45.20666758358326,44.02159299987499,44.817971444919216,353843000
42.52075958251953,44.277385732589195,42.101085685540646,44.23941340389369,586449000
42.354896545410156,43.53997113311342,41.80232702153618,42.12707396720268,492705000
40.82308578491211,41.9851793236234,40.607254909066846,41.718385785784754,533085000
43.71881866455078,43.76578283263548,40.27951001276461,40.45437254104037,690286000
43.90568161010742,45.2326473732039,43.67586169687328,44.52520013627042,676512000
43.45203399658203,44.640104468597144,43.37209465339346,44.4852267558164,527451000
43.31014633178711,44.027584017095954,42.96741192711898,43.93565682241001,452395000
43.265174865722656,43.543956241722725,41.627455303744846,42.60169211486707,583768000
46.93031692504883,47.02823995825299,44.1874618900852,44.4592488124891,692573000
45.63232421875,48.14935742594029,45.29758682975093,48.097396095838995,755293000
47.07920455932617,47.16313859123231,45.17269372042857,45.83018078207806,779046000
47.12615966796875,50.22673658703904,47.12216498787686,50.17677640386691,1156044000
45.982059478759766,47.76766250313572,44.98883254303396,46.975282602767756,925341000
46.79841995239258,46.943307161709576,44.85294200358458,46.445695012544455,685192000
48.74589538574219,49.04266428440614,46.35476299443785,46.62954971759292,701397000
49.22552490234375,49.88800530219565,48.38717945747848,49.005695501936046,735206000
49.31645202636719,49.70514814643913,48.9197627338808,49.34143402541549,528570000
48.47111129760742,49.761103338104185,48.10439736069892,49.72313481683707,463830000
48.51007843017578,48.81284315295678,47.82261611647607,48.185331532444785,382653000
47.02811050415039,48.51506952348067,46.547447675154636,48.40714710751364,468670000
46.20869064331055,46.311619313403384,45.120450870903866,45.4931913383561,433330000
45.540157318115234,46.57343525598355,45.23936893896436,45.909901542782364,473069000
45.14643096923828,46.13073944810292,44.2810350025815,46.11575054004364,473966000
44.83864212036133,45.64108235714804,44.49987832466093,44.706734397330045,349256000
45.453224182128906,45.89791299422977,44.47190796370626,44.56884032019725,398355000
45.54914855957031,45.95486307158811,45.099462264257156,45.91789017811765,370097000
43.86932373046875,45.567133950218214,43.77738515441512,45.309314822834715,506831000
43.93527603149414,44.211084137750255,41.97065027461465,42.71812866784668,500271000
43.48958969116211,43.93527718281478,42.971950102234956,43.80237069955783,373064000
42.20948791503906,43.872326816521394,42.193500252380844,43.56953710623469,367108000
40.98834228515625,42.070585843913626,40.95136938508374,41.553948747199726,450736000
41.5809211730957,42.08556931771517,41.20218442357063,41.54294571690647,479236000
42.19249725341797,42.50627702068914,41.14822547100166,41.561937649909076,419091000
41.881717681884766,42.79008299471649,41.62589602088143,41.97165495479975,402282000
42.43832015991211,42.84204096958368,41.59990959746065,42.3004199239516,444935000
43.05888748168945,43.41563643301945,42.085569148140415,42.430325448929366,424663000
43.46860885620117,44.11315866784139,43.276741660093485,43.796378806191775,397830000
44.750709533691406,45.143432663496135,43.830351660184725,43.99923228856128,433298000
43.48658752441406,45.098463094837925,43.2157769974795,44.77668570728605,470850000
44.01022720336914,44.11215712134903,43.26175000991843,43.71143633979229,361821000
44.65677261352539,44.868626271295504,43.85733240049327,44.01921794767318,393483000
45.73002243041992,45.75700398969615,43.99523549081201,44.16211860779347,434436000
45.24136734008789,45.573136109277975,44.33700086795517,44.810668716384285,409675000
45.7659912109375,46.226667545134845,45.056488358813525,45.27833332062463,368582000
46.77329635620117,46.82626072787499,46.01782405573412,46.16372195389678,378137000
46.91219711303711,47.57573461020595,46.297628975923374,46.744315234099965,481325000
45.429229736328125,47.08307579073531,45.24835646569822,46.92718276252737,474115000
46.06279373168945,46.19270015345539,44.88061784699003,45.03151331618372,375099000
43.90729904174805,44.72273077097073,42.45031760329598,43.96925599511655,812333000
42.16651153564453,43.18879926057118,41.79577241593963,42.5612359572998,627294000
42.07158279418945,43.26674621056965,41.85273405618411,42.78108575212414,501233000
41.35807418823242,42.44031742392992,41.049288238076365,41.86072097681651,477266000
42.944969177246094,43.217781037891605,40.91638888400306,41.20019083203981,478530000
43.63249206542969,43.666468707017636,42.661174865100485,43.046902951307125,401463000
41.74980926513672,43.61950423451798,41.52596674486631,43.36767758718175,398379000
40.297821044921875,42.22647269652664,39.852133556535904,41.8237544285133,541001000
40.47169494628906,41.1772028106397,39.987033298118384,41.1012557128223,416784000
41.13223648071289,41.73681325645553,40.45271135167305,41.05829069172662,388028000
40.751502990722656,40.85043664876845,39.20258684468398,40.42173556666503,517969000
42.29542922973633,42.35138985981638,40.840445223590976,40.8554341335007,437593000
43.47560119628906,43.85333542629518,42.864029312260996,43.297724168934685,409172000
44.97355651855469,45.27734115862164,43.692450744970955,43.989244118396975,424610000
45.71903610229492,45.90290947432144,44.86763015180242,45.253362063663495,400733000
45.922889709472656,46.18570260804149,45.12644574728523,45.687054558944546,343165000
46.54145812988281,46.834252666745705,45.93587876150922,46.067786497149605,346719000
46.91719436645508,48.19629874432979,46.71733335440422,47.43383140399592,540496000
48.30122756958008,48.438132884975005,47.249964459009426,47.46681189639429,421245000
48.586021423339844,49.081676995363466,48.06538560948801,48.28623183718149,384136000
49.621307373046875,49.799184420857124,49.005740408913326,49.64529267982374,416954000
48.85383987426758,49.92508940872805,48.1663208904743,49.90010916476034,475497000
49.44542694091797,49.490397480832705,48.296232754650504,48.64498792594149,339756000
49.263553619384766,49.68225956451404,48.972756588136555,49.48939362933796,325205000
50.373775482177734,50.51267829045294,49.14663294635536,49.27754192431734,414120000
49.90909957885742,50.48169721701578,49.187603987551,50.090971605091276,565747000
48.68196105957031,50.29982932340877,47.65667696410155,49.817168906440536,899420000
47.742618560791016,48.8868189750065,47.711638178100976,48.43613388773008,294645000
48.208290100097656,48.49608705256933,47.6187022270162,47.766597618423056,395662000
47.78758239746094,48.289234319970646,47.439826002688484,48.202293315261734,401491000
48.106361389160156,48.727928411184934,47.826558260033494,48.345196613263326,382005000
46.73732376098633,48.076387698516726,46.389567324354005,47.990445435742124,526247000
46.73232650756836,47.16702396235708,46.1547312180282,46.49249632095064,369317000
45.47819137573242,46.044796441168046,44.978540825820026,46.044796441168046,437543000
46.53755187988281,46.57152769132749,45.24334109197845,45.43822164958941,371718000
45.475196838378906,47.35804843216662,45.38425283422849,47.18615263660435,380590000
46.56753158569336,46.600512368918565,45.57613709541874,45.67207911260122,350823000
47.47697830200195,47.71183534651791,46.52156105756746,46.566535548739374,359224000
46.59851837158203,47.50196552269277,45.80200812005124,47.46199285274284,509728000
47.627891540527344,47.6368849146668,46.017875514105,46.017875514105,372387000
48.05862808227539,48.56431952524785,47.578921733918634,47.59990881517736,447792000
48.320457458496094,48.64026163902283,47.393026859915174,48.360433934153576,391232000
48.860130310058594,49.373816223552424,48.09060027989247,48.164556381448534,479948000
50.04640579223633,50.4021872923408,49.1199739909024,49.369821256751614,412587000
49.573692321777344,49.66963433728467,48.86512588284418,49.39380199579273,464444000
48.08160400390625,49.96845091462431,48.068611458987135,49.62465933137436,397894000
48.960079193115234,49.06501460293359,48.38942499443551,48.78118767012464,300425000
48.8001708984375,49.352830653569725,48.43738988482299,49.16494577989552,252507000
49.2488899230957,49.569692938536456,48.93008458769596,48.93807912022649,244200000
49.386810302734375,49.64965012045702,49.05501239405432,49.48075464580007,233648000
49.49174499511719,49.85352335128604,49.38181158719183,49.61267326878179,246587000
49.49174499511719,49.96645709185245,48.721216111915,49.782567581126976,389293000
48.138572692871094,49.26488309320295,47.565924699352884,49.21391556134482,411254000
47.539939880371094,48.15456203597886,47.2910914479061,47.45599156277329,320896000
47.96868133544922,48.47037358886087,47.4789789763883,47.737819636783634,306535000
49.06700134277344,49.51672715055194,48.27648428603865,48.43239101183954,415039000
52.2210807800293,52.24307051371221,49.44877695414858,49.48175774230581,642510000
53.107540130615234,54.29181767502081,51.65842506490768,52.36899311649789,773100000
54.31679916381836,54.56664645309511,53.45632503855136,53.58325017590931,533796000
54.78850555419922,55.312187494704844,53.527279337957886,54.965399369459846,596759000
54.67657470703125,54.93641799826661,54.29680960809761,54.58662953889082,352994000
56.347557067871094,56.800279452629056,54.86646395445467,54.984391900558016,449580000
56.018760681152344,56.43650460830921,54.706563019184806,56.312579806380306,474394000
57.072113037109375,57.5648119047759,56.07272391506558,57.225019450786334,491650000
59.45466232299805,59.46365569707979,57.190043807244585,57.95357707318065,543501000
59.61756134033203,60.29414976562131,59.03391842649556,60.01232052303933,452955000
59.836429595947266,59.873405745227366,58.54921431651321,59.5336132708294,294654000
61.32451248168945,62.810603561548206,59.901382639629475,60.26716017281773,560271000
61.57936096191406,62.68068897905718,60.8128273903059,62.311911094050835,482777000
60.993717193603516,61.74526054571479,60.53600059416135,60.92276141821586,390309000
62.42684555053711,62.45082915252115,60.86979854333243,61.194596978340044,348733000
62.73564910888672,63.45421163481392,62.221963176710254,62.861575397836866,410735000
61.48941421508789,62.230961514394274,60.66291975637589,61.40246556305648,453795000
62.988494873046875,63.15239614325578,61.612337231861346,62.06205926012063,369146000
66.11958312988281,66.55930912654547,63.65108714697043,63.93491403332179,476578000
69.28964233398438,69.45454244217241,67.16394292298222,68.18331639891433,680078000
68.18132019042969,69.71138308978904,66.25949848302591,69.58745829595591,683111000
70.0561752319336,70.17710350841662,67.5587013332111,68.2772638618389,495575000
69.59845733642578,70.7507528828607,69.41257394689296,70.03119148834118,414422000
72.08895111083984,72.14091368127717,70.1691190330097,70.48992214211897,436637000
72.20386505126953,74.56542046599529,71.2064736279646,72.55564739281085,613710000
72.08394622802734,73.40513741451034,69.57748237910234,70.35700477469595,602580000
73.85486602783203,74.19065934700839,71.89406636072601,73.15729429339046,504917000
72.61360931396484,73.92980608164119,72.35577132172895,73.82387565740021,420122000
72.56864166259766,74.35655027525982,72.45671056832468,74.0547328068878,495327000
69.40957641601562,71.91204456852859,67.69262359545532,71.90304738257117,704833000
67.43077850341797,68.84591377259603,66.20752727493073,67.96444884340175,673755000
78.49002838134766,78.52700071768926,74.17466516688725,74.97917375100998,865100000
78.76885223388672,82.34366290568272,77.5226123761237,80.74064650613892,829388000
79.04369354248047,80.59674521460998,78.45704646976243,79.6513162598183,503973000
78.65291595458984,79.4314469973946,77.1148623296948,79.3325008302499,391705000
77.61557006835938,78.88479107295728,77.07789663385381,77.57259706217826,393110000
79.06366729736328,79.94112925032395,78.3021317921465,79.0456805510973,507289000
82.2287368774414,82.24972776986829,79.38647244624788,79.95112973995113,479135000
85.1849365234375,87.641435353428,83.66786597883684,84.07861042508992,615616000
85.91551208496094,86.04844030428545,83.36995155382468,85.22190326590307,520639000
88.64996337890625,89.67338783876231,86.98090721641023,87.97235204473671,582520000
92.61672973632812,92.71467403344542,89.55145830366479,90.10714445366249,608119000
87.4786376953125,97.34507194141518,86.45721088913098,95.08434657912662,1142269000
85.72563171386719,88.7469219574668,84.11853680206842,86.38026112101332,678364000
91.86116790771484,91.90813847414768,86.10141744907258,87.99934858682109,668075000
90.83673095703125,91.45238079004136,88.38511175577527,91.00363657004534,635713000
87.89440155029297,90.5948811522506,86.55115777095088,89.52648380331242,602318000
87.7874526977539,89.49548835416286,86.20834970674177,86.88096661769565,642086000
88.40511322021484,92.3528823706334,87.03588315502401,90.33702166642148,668976000
89.34757995605469,90.49292967987033,84.9620544077868,86.65109602123033,672171000
90.32102966308594,90.35901024319512,88.17323967680368,89.74634940187569,479063000
91.3834228515625,92.59574371140432,90.3540050520513,92.2479404308415,480372000
94.2358169555664,94.72453954495887,90.78276394753543,91.0895899885777,586719000
94.94841766357422,96.71142270452334,93.45726238634705,93.88801905784321,552136000
92.5087890625,96.3206408094852,92.44982423178193,95.79693429152606,513648000
90.1990966796875,93.18740810778951,89.07273343467564,93.0594819501001,586067000
90.30503845214844,91.24850624285476,89.14269241707345,89.9492364441801,435212000
90.31202697753906,92.17297617207028,89.15368416261286,90.24806771473163,452441000
89.40154266357422,90.04317879660557,87.57057538202243,88.39810360146309,433064000
88.91383361816406,90.32304223513688,88.35015627144904,88.43410854117649,370067000
85.85655212402344,90.5828890792777,85.83156469790966,90.35501320823393,434965000
87.9583740234375,88.43110686367916,85.87754736667624,86.81701209960936,399678000
87.08384704589844,88.77988827828314,86.68307229452097,88.64995673788222,283220000
85.30584716796875,87.58556628736338,82.97516956737525,87.39267436773328,501700000
86.98990631103516,87.35070274664696,83.66178279831279,83.87866326448999,431929000
90.56488800048828,90.687819723934,86.87697442257391,87.37069146521046,431637000
88.13626098632812,90.1241452492344,87.48063273280795,89.64840815742117,426805000
85.9524917602539,90.56188993656951,85.8805337738884,89.0477450616577,443077000
87.36569213867188,88.06829089560239,86.01545628049773,86.38424380509475,370453000
83.98760986328125,88.724934477864,83.90265109123497,88.29017462274261,495400000
84.62323760986328,86.14138561304675,82.35552028108327,84.92207255324703,447260000
76.15702056884766,84.27643922651326,75.56336143765269,83.10310538210794,875198000
79.47315216064453,80.02783946358336,76.35691439393003,78.05994814693265,596341000
82.37651062011719,82.72231614993429,80.21873169463018,80.7234441336971,438559000
79.63206481933594,84.03457921776213,79.13834013698539,83.90264988256477,512208000
82.58539581298828,83.27600032547527,78.17887846781115,78.82351130528671,424641000
87.6855239868164,88.28118855401848,83.3399763925944,83.7707330936579,551011000
87.70751190185547,87.94237235498613,85.21791179771557,87.54560070216142,388971000
86.353271484375,88.76890816331654,86.25133163329888,87.19079630766022,363709000
82.99415588378906,85.95148630832341,81.20916027802339,85.02901046138126,559863000
85.76859283447266,86.18835408667036,83.15306466582874,84.4013606664833,377898000
88.7389144897461,89.23063371341577,86.9909005732954,87.73947860212795,398341000
92.08802032470703,92.16797702421842,89.00476158502293,89.33957168600001,376203000
90.5029296875,91.72923505394095,88.96080064953647,91.04662159823116,437342000
90.36102294921875,91.14257969351397,89.36957790521554,89.43254592014647,325721000
88.69694519042969,91.0206307579062,88.18123739175036,90.47793776117966,378013000
89.82730865478516,91.34945233112951,89.17667483195356,90.25406978590553,335325000
90.3480224609375,90.94668368485891,88.47907428372562,90.4269726636133,289680000
91.30448150634766,91.5993133075769,88.88384272491611,89.5484686052902,296507000
94.57662963867188,94.80850105677926,91.54734077306348,92.41984953324487,417735000
94.3057861328125,95.7649618311796,94.04992617640089,94.85647788998737,323952000
92.42683410644531,94.68656039026546,91.75421718471637,94.31577507944353,359691000
94.72655487060547,95.1463162138061,93.38731412084368,93.6971368800976,318764000
95.33219146728516,95.34618350846229,93.12743465738653,93.54619700583739,328946000
94.89643859863281,95.96583473980165,93.19640167904086,95.40515417154504,548648000
103.74047088623047,106.26004537919088,101.46274907027386,101.97046583987779,835065000
106.40895080566406,106.41494412748668,102.94190563238328,104.39008586204577,429494000
113.83675384521484,114.87417036274923,109.82102250000426,110.18181893492428,652728000
114.76022338867188,115.42684694644582,110.83844096973402,112.98623077828327,557442000
110.43766784667969,115.75366768594493,109.60114200461162,114.58532839037406,484553000
109.5711669921875,112.65342715935483,106.87968513049076,112.45653205108225,613263000
114.93513488769531,114.93513488769531,111.93982368190672,113.55691490102478,438392000
116.37133026123047,116.53424034822847,113.98068096958718,115.65074383289046,403324000
122.37094116210938,122.37993114467406,117.40174545593459,118.30423600418825,528402000
120.92976379394531,125.51617269807858,118.25327265969561,123.97803915924119,664696000
120.81981658935547,121.62336396697008,117.95543577009146,119.70244332667052,412386000
121.7213134765625,123.03057221935303,116.94401053331076,120.30211616184846,313434100
120.85173034667969,122.81078479761143,118.68277039590036,121.71130884876212,222551200
125.1396713256836,126.81886214949532,122.51094129451408,123.00070306062463,299595000
129.5475311279297,129.7374419918796,127.09871503024357,129.32763594350715,260704500
131.8164520263672,132.7759808624214,128.2581700274141,129.89737910282292,309320400
130.9168701171875,133.66554475885698,129.5175509456389,132.9259111616535,288504400
135.5146484375,136.26428691629846,130.62700616579136,131.07678620278367,294335100
130.71697998046875,140.69216665961412,129.45759262565218,139.73263779444994,517768400
126.50899505615234,130.56704338903992,124.24009251378381,127.05873301556977,649445800
118.05307006835938,124.40000776140424,117.98310411428992,123.18059459700767,476060900
126.02923583984375,126.43904192857353,119.2625015362155,121.14159285282038,414192600
126.33908081054688,128.05824542053676,122.54090923743924,126.0692066714184,362975900
123.93025207519531,126.34909177016176,122.86076797014964,124.04019968068097,252571700
123.48046875,127.648457456266,122.69084852465333,124.5199685039101,315516700
124.24009704589844,124.77983008392047,118.77273207553426,123.41049523168472,284885500
122.61087799072266,123.35052684202405,120.9716689903923,121.07161927076024,218374000
128.21817016601562,128.21817016601562,121.30150730962696,121.60136576540062,215749000
125.76935577392578,128.78790450042015,125.61942654400949,127.3186041478144,214176700
128.13819885253906,130.70696731901708,126.9787619894619,127.42854201917729,237677300
131.3166961669922,133.7555228326683,128.58800070420872,130.28719371816868,285366600
134.84498596191406,135.03489683470838,132.35618048673416,133.96540518326054,248978600
127.3386001586914,136.08437540615716,126.98877036890757,135.68457428967133,374782700
129.177734375,131.85643576222122,127.15870339191848,128.1981955828636,252680500
128.3780975341797,131.3266726567918,127.11870268784229,130.49707086610906,208326200
126.29910278320312,128.97780386568002,124.51996185494663,128.3781021800115,214769500
117.93313598632812,121.7912763806817,116.66375138152577,121.29151734126509,390086200
121.0316390991211,122.34101295266511,116.50382347473696,121.79127496540796,320979500
117.87316131591797,121.54139064753637,117.31343366061544,120.29199311286656,217223800
123.48046875,124.01021213043963,119.8022417845173,120.29200352530061,258068900
122.53091430664062,124.62990831594026,122.04115259647224,122.72082517670732,173911000
114.19495391845703,119.89220458663964,113.38534661974653,119.11258161370083,327776900
112.22588348388672,116.57378540069556,106.24876991914482,112.98551932388845,460067000
113.00550079345703,116.14398665212225,111.52621844802754,116.13399696280182,293399100
111.53621673583984,116.22395888086476,111.24636320886141,113.63521076393421,248152100
103.68000793457031,111.93602131829121,102.49057904635741,111.46624662712419,486833300
116.9636001586914,118.28296369436077,110.82655987338046,112.84559062727486,473174200
109.15736389160156,120.10209097077005,106.75851907796755,117.47335365334001,523462300
107.21829986572266,108.66760564065457,101.32114936142939,103.70999693537759,482027500
100.40158081054688,103.36016082359782,90.64629054713856,92.01562533705626,552842400
104.19976806640625,107.65809998114993,100.50155392872522,103.78996196090817,409012100
98.8623275756836,108.74755983917498,98.64243239882663,107.75803154331864,411440400
104.91940307617188,105.44914638290969,97.47298958555044,101.95083346973259,391910000
104.69951629638672,106.54862317361375,103.38015276837264,105.58908675557784,290844200
108.96746063232422,111.01647580125626,106.20879614847053,106.26876479464013,325559900
116.08402252197266,116.1739831093698,111.52622277964618,112.38580888904526,312646700
118.0230941772461,118.54284021234767,114.01502462748074,118.47287425328174,339246400
122.80079650878906,123.180610648127,117.41339446628129,118.70277375276062,318086700
124.51995849609375,124.93975424016854,121.12159565561768,121.88123149659879,302589900
129.93736267089844,129.93736267089844,123.36053125322975,124.22011749326396,318333600
127.18867492675781,129.81741234204915,125.82932973595075,128.3381146113763,300087400
128.4380645751953,129.28766098618868,126.59895509298427,127.25863301570179,257883600
123.68035888671875,130.68698241163722,123.04066795762931,129.9573385201996,376189100
129.30764770507812,129.53754784197983,125.15965381933411,125.79934477343178,323230300
126.39905548095703,131.19673768949764,124.31006635411407,129.50756494551362,331964700
128.23817443847656,129.1377346219971,123.82029866993177,124.98974063480068,303134600
125.54946899414062,128.26815944285755,122.580899020736,128.05825393148814,448101100
117.5333251953125,124.37003270157089,116.65375204642187,121.30151255769351,453023300
119.31246948242188,121.69131963851615,117.16350420185492,119.47238840117339,333751600
107.94794464111328,116.15398655476369,107.23828777198462,115.95408600386334,477155100
106.15882110595703,113.2154167588311,104.06983184638861,105.35921116658868,372470300
107.15834045410156,109.59716719188593,104.70952402528704,104.93940893047393,306850700
102.78044891357422,108.09788494505915,100.90134998938433,107.98793734308131,413638100
106.41869354248047,106.4986568208146,103.64003443897201,104.82945579489092,273912000
108.04789733886719,109.34727382600163,104.89941402443941,107.75803619556127,268283700
116.85366821289062,117.13353206911404,107.36823567076411,109.33728760654503,441422400
119.09276580810547,120.74211318355616,115.33425434141012,116.79367460276575,366052700
119.05278015136719,119.91243980632909,117.55337484057826,119.03279143615939,238358300
116.73370361328125,118.13315013570288,114.31466480568342,116.74370178435876,248772300
115.54417419433594,118.75290839853001,114.78448096424103,118.12315326201993,231925900
113.32505798339844,117.65333558843457,113.17511592459984,115.84405559100924,310318900
117.82328033447266,119.61257171272585,117.20352335036759,117.30348218615993,293506400
115.95402526855469,118.57298961925171,115.344266422119,117.01360271419077,382462400
116.21391296386719,116.94361929782039,114.81446644323901,116.50379891378353,206228500
120.82209014892578,121.75172180406905,115.33426088161053,116.47380837806097,354966800
123.4610366821289,124.89047006468225,121.5617884105282,121.97162190060216,284692900
123.9908218383789,127.61937987933592,121.75171208350119,126.7497296956914,302582900
121.35187530517578,123.98082995705606,119.21272426875333,123.92085618310571,271009200
121.39186096191406,121.45183473616015,118.1031642748816,118.26309688166123,226553700
116.95361328125,122.39145893750027,115.74409392230913,121.72171877480598,302094500
118.80288696289062,119.33267565347262,115.09435850244638,116.39384623986545,221845900
122.80130004882812,124.31070361178112,120.29229289145833,120.87206480654892,277118000
124.87047576904297,124.99043094258552,121.78170440742984,124.89047211115172,243678100
127.66937255859375,130.58821322989388,124.9004663256647,124.94045138468705,346250200
132.83731079101562,133.42707320550807,129.36868536610157,130.20834865989482,285722500
132.59742736816406,134.46669669658758,131.32794162563073,134.05685551069462,246191600
134.75656127929688,134.94648840712318,130.94807393580103,131.8577168886846,242311300
134.74656677246094,135.72617401836632,133.60701929174726,133.9568713960576,170209500
138.01527404785156,139.54466630986312,136.24597143489578,136.4159022137037,232347700
131.54783630371094,138.5150744275185,128.68896947491228,137.8153397242487,377831000
135.66619873046875,136.56583584893667,131.527840530584,133.92688301499192,264879700
136.87571716308594,140.83415423256426,136.81574338597488,139.28476556198524,306435900
137.94529724121094,138.8449343829922,137.22558142668973,138.61502982502418,176090200
143.6530303955078,143.6530303955078,137.94528751258602,138.07524085271365,264554500
143.5330810546875,144.3627538949317,141.72380093133486,142.85335791004843,226311600
139.50466918945312,142.37352650102258,137.40551088320953,141.97369118156848,285930000
140.35433959960938,141.293969386979,138.40511570705533,140.76418072009866,172354900
141.48388671875,144.0728716327459,140.74418981710016,140.8741279131319,205122100
140.4643096923828,143.08326638426843,139.99449475491215,142.9433224828564,173586700
141.19400024414062,142.20359433012132,138.8449258203989,140.23437413304583,157593600
139.28475952148438,140.27437255912164,136.75576367804047,139.48467718743143,179418100
132.70736694335938,137.55545044959692,132.05763071180766,137.54545990469654,270039600
135.34632873535156,137.25557537634637,134.5166711244238,134.64660922766117,207127800
135.99606323242188,138.90491316378314,135.5162578090522,137.15560698724303,187528200
139.85455322265625,140.31436236962443,137.27557392202525,137.3955214816271,160537400
145.5522918701172,146.4319479858603,141.90374455387283,142.90334822985668,242043900
148.8209991455078,148.8709671267726,146.1120664908763,146.33198051831096,207323300
147.5714569091797,149.71060760531262,146.20198985995728,148.71100419118065,175665800
145.20240783691406,148.7909962143961,143.51309063046196,148.62105018654825,182325600
148.231201171875,149.5906625866308,145.95210633724608,146.72180532829077,198634700
146.21200561523438,149.2707898303925,145.8421419549503,149.01089841600094,191903300
146.70181274414062,148.94093020600926,145.49230097997514,147.5814687564354,194463300
141.92369079589844,145.18240774117885,140.0244503789864,144.81254410002094,250132900
140.09442138671875,141.49387540802257,137.09561095173166,139.44468522690033,221205300
146.95172119140625,147.07168399645053,140.9341184421503,141.26398946372595,227834900
145.83216857910156,147.5015047606034,142.67341754276418,147.3515703217148,309871700
146.6118621826172,152.8293979645091,140.64422730754492,149.290807835149,400946600
141.8937225341797,147.1016638018941,141.04406865837018,145.87214043901812,236406200
135.96607971191406,141.99368792347047,135.7661620516237,141.93371415065735,344941900
136.86572265625,139.2447840977321,135.61621816013385,137.64541224160723,190287700
135.2863311767578,137.1655905980091,131.74774157257602,134.95646019838466,226370900
138.19520568847656,139.29477581313424,135.99608069190262,136.7257870913165,141863200
138.57504272460938,140.39431322408433,137.76536630294407,138.77496038075373,171682800
140.20440673828125,140.48429454860658,137.8953246767264,138.2051993772479,164414000
145.0824737548828,145.73221002899123,140.23438993110327,141.94371889092554,231224300
145.0124969482422,146.49200804389403,143.9028598130552,145.06248362625453,172621200
142.3933563232422,145.65228325014007,141.26372149336697,144.5526526293818,188505600
138.7645263671875,139.90415231737651,137.08508402113657,138.92447761551347,189308600
135.0257568359375,141.77354545828368,133.74616214517607,138.96445323342698,210020900
139.2643585205078,140.12407738797447,135.16571086465208,137.31500040642362,184905200
137.2949981689453,138.39464386571996,135.7555094472505,137.0350888468848,159211400
134.20602416992188,139.55427778956917,132.4965775973186,138.89449032268433,231514900
131.95675659179688,134.35596424649526,130.37727237183418,134.13603509853905,237951100
130.3472900390625,131.54689392732612,126.81844751374322,129.04771280436398,259410300
128.8677978515625,136.65524065308236,128.23799923564917,133.81617414487124,277444500
130.63717651367188,133.98608501684748,129.50755712091288,131.7168244915274,209719200
134.65586853027344,135.2356803497186,128.1779956829599,129.76747112979962,306528600
139.624267578125,139.74422340664867,135.07575428315474,136.23537813819377,176053500
140.17408752441406,141.8535301026856,138.60459428405517,139.95415834100334,105157000
139.88417053222656,140.8038826879709,137.68489400548984,139.65425012018665,116205600
136.96511840820312,138.97446981750295,134.66588395063462,138.50462254046806,170582600
137.4449462890625,140.22403398735426,133.97608228188028,134.78581438230358,167734700
134.2460174560547,138.02479365615312,133.7861766339878,137.98479821279548,155659200
138.26467895507812,138.83449951090427,134.58589206435911,135.9554382894446,198247200
144.4226837158203,144.85253555834646,139.68423069189672,139.96413776465596,229322500
149.38104248046875,152.11015917129038,147.77158452702758,148.5413213081193,265377400
140.09408569335938,153.07983530547875,139.9641234037018,152.97986196669754,351782200
140.06411743164062,143.90285624874434,137.51494945407615,142.53330977712477,227349900
135.86549377441406,139.87417502688794,134.17604480086774,137.40498271998055,207602500
133.1863555908203,133.4462801889749,129.4675728747113,129.94742663109315,204808900
131.7168426513672,136.33533995791205,130.00741122442506,136.0054462036023,195590500
136.1953887939453,136.4053114797544,131.24699764678536,133.60622538989423,185217300
133.5262451171875,138.70454064615834,133.44626949753135,138.59457607585483,209235600
137.66490173339844,138.45463626831489,135.41563868932835,136.6452315490251,201188800
140.78387451171875,141.78354697270905,137.0450940162502,139.1144233323199,197749000
147.0218505859375,147.7416007949869,143.62295473278476,144.61263605764083,237651400
147.17178344726562,147.18177468068177,143.67292977388993,145.0024960002277,155915500
142.57327270507812,148.92119854206575,141.83352489203162,148.32138900097752,234657600
118.38121032714844,128.3579371600633,116.66177248371496,124.75912547322825,818830900
128.94775390625,128.95774513931468,116.21192149182427,121.77009783396647,579666400
123.65948486328125,126.84844257022412,120.0106863497111,126.458570906435,467120600
124.60918426513672,124.95906813052294,118.06132604433881,123.05968876955973,392925500
120.03067016601562,127.80812056780856,119.15096116009843,123.73945402173636,388161100
116.62178802490234,118.53115837860842,112.97298217131676,114.71241004430098,371235700
118.61112976074219,121.16028976109213,116.66176403787988,116.92168099297385,256550000
124.78910827636719,124.95905075493906,120.72044188886218,121.72011429490169,262230800
128.63784790039062,128.72783001681898,125.16899078801299,127.37826606210074,251483600
129.7974395751953,130.32726464043708,124.95902960961989,129.1776476695437,228186300
133.5262451171875,134.95576927734325,129.91742726932324,130.04737430419848,216989100
132.7565155029297,134.43595803743202,130.9770996135579,132.5365863252507,178902400
131.0970458984375,132.19669170682792,129.03772306980744,129.97741762356085,160278600
135.2456817626953,136.45529216313562,131.127036067263,131.51690772043457,197430000
138.80453491210938,139.20439781688884,135.4556258828613,136.4353006772254,195479600
139.35435485839844,143.3930407195906,137.88483491061234,141.2237529999524,219176600
139.1844024658203,141.31370984182348,137.17506616632772,139.46430955469114,167536000
140.06411743164062,140.6139403685729,136.74519734237094,139.9841417995603,143903600
134.38595581054688,141.41366694156105,133.98609294492073,139.99411868487,228217600
130.23733520507812,138.544611438826,130.03740375103862,136.51527743543022,251381100
126.5885238647461,130.1573543264651,124.39924631174091,129.93742515974864,271428700
131.23699951171875,133.68619399137987,128.44792005609298,129.9474287481865,322553800
120.11064910888672,134.96577503505506,119.97069557287365,134.9557838016939,443175800
124.87908172607422,125.04902421361967,116.36187573271177,117.98134023479652,389091100
114.02263641357422,123.65947815441595,112.2432206852501,123.46954557652553,411381400
115.95201110839844,119.27092350243325,110.07393955565605,110.61376362073891,398163300
117.26158142089844,118.2412561507128,114.47249437052442,117.54148848655969,284337900
110.53378295898438,115.31221606989396,110.18389912538346,113.49281250827367,321181900
112.6530990600586,113.44284126847423,107.52477413573757,111.21356818629886,341755500
106.9449691772461,111.81336945167178,105.42546268101563,109.86401109514142,366487400
108.72438049316406,112.20323643435479,104.73568182740638,106.95495594173273,354865700
115.71273803710938,116.7325020716217,112.85341103244578,114.09312447156262,323857500
115.55277252197266,117.73225924433854,113.76319330991835,117.0024278677365,299033100
121.6413345336914,121.85128414551467,118.12216714928688,118.5820578648422,277593500
119.50183868408203,122.86104771124882,118.00219206936818,122.711081524258,255501500
115.4028091430664,118.99195980676369,114.51301940530757,117.97220343827061,299686900
117.4923095703125,120.4216195833343,115.65274672556286,117.24236846895431,273426200
118.50206756591797,120.17167220516042,116.44255543913019,116.52253841801043,248829700
117.6722640991211,117.9621966837067,115.39280254041711,116.91244866461768,266498500
121.38140106201172,122.19120779583362,119.31188140429414,119.8517551027078,228452500
120.66156768798828,121.26142480153007,118.89198043130345,120.5216012824151,167447200
113.73320007324219,118.81199741904777,112.68344440410922,118.70203035263671,293463300
111.40374755859375,114.42303269482778,110.63393232562053,111.32376457585453,236902100
109.64415740966797,112.84340799305504,109.04430030890691,111.46372827094805,229872500
108.35446166992188,110.9338556226425,103.6255803841977,105.10522740758995,299212700
110.12405395507812,110.17403760023085,106.4449205320371,108.49443304563391,222614000
110.39398193359375,111.95361956622256,106.76483994973236,107.26472214391917,220601200
101.7760238647461,105.60511590388697,101.57606639857329,103.48562015563714,338769400
94.28778076171875,100.10640942744341,92.08830207120735,98.88670323249266,532273800
97.61698913574219,101.72602116602216,86.59958951154498,87.43938789235719,611041300
96.27731323242188,105.82505852328022,94.43774279946976,103.78553826456235,476243400
114.30307006835938,115.07288532975399,97.50702445286697,98.86670469924479,612918300
107.5446548461914,110.83388059600858,99.12664053501021,109.34423379452805,437812400
110.90386962890625,111.52372632761113,107.45468536211307,108.4744417347206,313417300
110.68392181396484,114.26308039077927,109.04430871921362,114.08312248391158,264705000
112.1735610961914,113.5932323217664,110.47396469045397,110.94385517244878,228966900
104.46538543701172,106.76484672728219,100.4263361362673,104.52537649088836,397016900
101.4660873413086,104.44538862475022,100.02643178468185,104.42538906519317,292517500
96.88717651367188,99.41657935183265,95.01761424618036,98.74673137333838,288501100
98.86669921875,99.78648062043173,97.2570779520085,98.75672452641882,241004800
102.68579864501953,104.77531016741209,101.99595878138034,104.4953697335839,247526000
106.40491485595703,106.51488953927,103.08569768188364,103.4556132191724,220815000
110.98385620117188,111.8936379045766,105.70510100806126,106.82483233532861,251064700
108.70439147949219,110.34400455936343,105.9950231207954,109.66416443154382,207708500
108.99431610107422,110.17403844763395,107.41469407982767,107.64463563001284,170444300
108.89433288574219,108.89433288574219,104.05547701680861,104.44538450923935,235044600
111.58370208740234,114.91291927434723,111.27377757314032,113.05335693358144,236121500
114.47303009033203,115.37281962529518,113.34329900218786,114.15310576985596,190194800
113.7931900024414,114.64298826396649,112.63346720059009,112.88340831442672,133163200
113.51325988769531,114.7129742117387,110.7938992837595,111.4537475013017,158525600
117.03242492675781,117.65228163619798,112.25355204144066,113.02337494499027,206758800
117.34235382080078,118.65204278244111,115.82270761670769,118.22214377270919,198428100
116.62252044677734,118.20215005190205,115.18285724943865,117.32235248570746,132972200
122.97103118896484,122.97103118896484,120.25167057965504,121.94127499373305,225023300
129.89938354492188,131.18908818741485,124.44067836400953,124.95056035306071,330430100
135.30810546875,135.40808800730593,131.6489642323906,133.16861033831793,281180800
134.79824829101562,136.26790331471523,132.62876117393418,134.25836692241,226632600
135.36810302734375,136.31789147723805,133.42857277146337,136.18791721457987,226542500
135.53805541992188,135.83797251007488,132.35879696756518,132.35879696756518,193154600
134.3483428955078,134.54829272140586,132.58874781513978,134.2583525069389,161514200
131.76895141601562,137.36762292180558,130.55922977564506,133.02864907239967,270608700
132.7987060546875,134.21836966107523,131.51900885300861,132.19884131725317,187344000
131.25906372070312,132.64873565144939,129.12957588399638,129.96937433382988,198821300
135.4680633544922,135.6280293045703,133.27857708527512,134.1183754403962,192953600
134.7782440185547,137.2176717346689,134.75824445795843,135.9979578766118,304021100
139.15721130371094,143.45620133736625,137.87751407348716,142.21648797143945,369241900
135.09817504882812,139.58710766728817,132.88868890141003,138.6873257641086,333170900
137.34764099121094,138.08745689917103,135.36809645457458,135.45808684638126,197663100
141.1867218017578,141.9665367692297,137.91748812723765,138.74729436292043,225578800
141.88656616210938,142.3564566649135,139.5071219355859,142.15650682982962,167120800
139.95703125,143.96608121416313,138.79730082341692,142.13651043477643,231397900
141.6865997314453,143.23623746842864,141.47664251332282,142.47640682683559,153986200
142.59640502929688,144.96584183837217,141.9065651342004,143.15627066728982,185114500
143.92608642578125,144.25599524562207,141.4966510569608,142.65638139553192,155881900
142.80625915527344,144.96590375929992,141.84641202362192,144.5859620448177,167694000
144.9759063720703,144.9759063720703,141.82643588786814,141.94641106631286,162365000
141.94639587402344,143.556128789635,140.8265869783813,142.4563055840922,180820600
144.66595458984375,146.1556971839991,143.1761967394354,143.32618096280035,183133700
144.09603881835938,145.1958620737219,143.75609899624828,144.46598768948277,139108000
145.455810546875,145.62578045463974,143.0962022725339,143.9860537050978,161494100
143.8260955810547,146.17569581398777,142.6262828381709,145.42582047781178,242956200
144.1460418701172,144.7559411184857,142.00639807778802,142.47632119978937,154308900
147.87539672851562,147.93539956519925,145.47580197371775,145.53578955415,187566100
154.28436279296875,154.4243389252029,149.23519867353343,149.24520677628502,269146500
154.99423217773438,156.69394650127538,153.97439748110884,155.95406403411533,198145700
157.7238006591797,158.68364793378802,155.23420870961348,156.01407794562124,263234500
157.96376037597656,158.6336472456001,155.93409881773164,158.37368067249696,194580300
153.2745361328125,157.17388214393176,151.46483925954294,156.26402965591922,213143600
157.22386169433594,157.57380961936815,152.94457434216997,152.9545671877056,171224100
159.3135223388672,160.95324924613055,157.74379112425564,158.34368228178877,143716100
158.21371459960938,159.28352889047815,157.31385497697042,158.17371270193448,140139000
159.97341918945312,160.19338386133896,158.36368604860908,159.3035323273478,138133000
162.85293579101562,164.39267314506114,161.13322041798892,161.1932080055649,183656400
164.07273864746094,164.4726660794993,161.5831469026993,164.29270331195812,167704100
164.89259338378906,167.862101078866,163.44283738179527,163.6927958392512,193633300
164.04273986816406,165.4625020418882,161.99307751467913,165.3425116109199,136975800
170.671630859375,172.37134531045626,169.17188012202328,171.1615549258278,230627400
171.34152221679688,171.72146396229547,168.87193138356372,171.03157616389174,158831500
172.97125244140625,174.13106334471073,170.80161486292053,171.99141956059896,160841100
172.38136291503906,174.22105359276725,171.23154479926822,173.61115431570738,146456400
171.35153198242188,173.35119970444802,170.97159023323564,172.72129949000853,123126100
167.00225830078125,171.36153479867312,164.55266825003173,171.31154005146294,193114300
170.75161743164062,171.23153339032083,167.94208685699226,169.5018251648929,154082200
173.7111358642578,173.80111724784433,171.27153886755505,172.41134882841166,128984600
173.47117614746094,174.69097468726906,172.9312725713388,173.58115848322245,122316800
176.7206268310547,176.97058528484683,173.94109004538618,173.99108478739527,140023500
175.4808349609375,179.35020236643535,174.99092613442062,177.93044011853775,154077500
179.24021911621094,179.86011122312902,176.01074478620916,176.48066791766442,174312200
177.84043884277344,183.26954448460754,175.9007587673991,182.86960179799485,221685400
173.69113159179688,176.51065501732398,170.86160006411595,174.06106522140865,204529000
179.9700927734375,180.17005649193501,174.49100755408614,175.1309006070304,148174600
178.23037719726562,180.23004490386853,175.87076869322405,179.59015184800575,156407600
179.3901824951172,179.87009845787975,176.22071111043454,176.30069964693718,137192300
180.73997497558594,183.84945895635624,178.7703010091291,181.53984513179375,151878400
182.66964721679688,183.2695536485861,180.37002623661053,181.51984435483087,123396700
182.0297393798828,183.80944232526838,180.2200426409657,182.01974653412333,138323200
183.1295623779297,184.44933506001817,179.4301803710301,182.9295986692803,145485700
181.55982971191406,183.93943921657484,179.3202115957667,182.58965738273272,179871700
181.98974609375,182.98957985829236,179.43017409752198,179.72011917648817,129554000
180.42001342773438,181.86976944489334,178.01041021115256,181.84978375259033,156602200
181.979736328125,182.90958965389834,180.55997422620712,180.56998232776263,132008000
175.61080932617188,182.46966985536903,175.46084035755914,182.39967416584764,185229200
175.370849609375,175.9707560164781,168.77195541250927,175.1408920976954,215142700
174.95091247558594,176.87059152353538,173.78110877087863,174.8209444570093,140040900
177.96043395996094,178.56032512128596,171.17155351749952,172.58132291943235,172789400
179.78012084960938,181.87977802218637,176.54066896263805,178.3203719824875,163012800
181.7397918701172,182.35968393651802,178.7802771456414,180.03006938032237,168688200
181.56983947753906,182.45969102424806,179.07025476697962,181.94976597929116,235518900
180.1400604248047,184.43934897141472,176.3806906932069,180.7899615720414,281787800
174.1510467529297,178.12038822306508,173.12121914292007,178.08040158317536,243257900
170.75161743164062,172.351357635579,167.19221149694363,169.9717482776903,231164900
170.59165954589844,172.38137081666613,168.851958278929,171.03158891427162,164424900
171.63148498535156,171.83144870716828,169.381858788342,170.54166973363456,141670100
166.9922637939453,169.0019244592772,164.04275681292185,168.00209055003162,224441400
168.2820281982422,170.93159698121408,167.32219627229085,167.5221599855096,163769100
170.7316131591797,170.95157781434446,166.71229229208453,169.0618925540675,157548400
177.300537109375,179.26020289704138,175.44084555219968,176.61064931709572,226852000
177.1505584716797,180.26021784214308,176.4606317396978,179.66027757334626,151159300
177.80047607421875,178.5803891806412,176.43061617633268,177.75047851465564,124911000
177.73049926757812,178.83038469078608,174.49084923140515,175.650725630949,147061600
174.86080932617188,177.4805168617991,174.36086420825131,176.98057174387853,140737800
170.27130126953125,173.18098551277336,168.39151800406466,172.62104942275718,211843800
176.2206573486328,177.08056354559588,172.94101865721873,173.96089569350613,191763300
176.6505889892578,178.06043774665943,175.16074718989944,175.7506939671915,237182100
183.58984375,184.52974299714734,174.69082690233378,175.28075846993005,269637000
178.410400390625,182.3999677661597,176.19065819152993,181.95002022927713,192559600
176.9505615234375,179.76025041106172,175.38072666046574,179.75025700209653,143564100
177.67050170898438,180.2402117285651,173.11100459099512,174.4608472798892,191586700
178.17044067382812,179.750269051669,174.91078879333958,178.15043859744398,148573700
181.83004760742188,183.97980553666213,180.30021674934378,180.41019002973698,193063500
186.55950927734375,187.32942897828707,181.4600633204032,182.06000352373024,236981000
187.21945190429688,188.11934700723293,183.87980694521147,185.21967144700423,173844900
188.8692626953125,191.0290292282152,188.03935198339767,189.57919146332628,136805800
187.5994110107422,190.33911589327732,185.35966652947783,189.16924608680657,137596900
185.51962280273438,187.20943969833962,183.3098739831843,185.4796339074747,157678100
185.01968383789062,189.03924688644503,183.97980469837793,186.20955566811082,140088000
189.0892333984375,189.57918508139647,186.51950830089396,186.5495190429729,130168900
192.54885864257812,195.27855455286462,191.039014711271,192.20888438710807,182997200
183.139892578125,195.59851591827854,182.03001384654092,193.4887469873255,268774400
188.29933166503906,190.08912842775598,185.93959015922437,187.9493639887039,153482800
180.01022338867188,184.77970370013514,179.6802578066599,184.74970821605342,205641400
179.8102569580078,184.84969686580231,177.2705272995106,184.77971248532194,214450500
181.7900390625,183.2598789113643,179.75026972003684,182.20999112544493,179723300
183.19989013671875,184.07979842608083,179.7302697995737,180.1602152773484,173135200
182.6199493408203,185.1796658652692,181.7100455780644,183.10990104163824,128544700
181.14010620117188,182.76991679751694,179.7802549646251,182.76991679751694,124240200
180.2602081298828,183.4198648953589,176.74059027394597,181.12011433169937,162249600
182.13999938964844,183.0098989665471,179.7702492811968,180.4001849787377,111363700
186.23953247070312,187.44940625639555,183.47984116964938,183.81980015643103,131296700
191.46897888183594,191.97891738858848,188.4093020699799,189.9691435897376,153452700
201.0079345703125,203.12769700573313,191.8889404255143,193.0288146936141,297986200
207.01727294921875,212.1667169482571,204.7575264516481,207.95717223581016,308829600
202.8677215576172,206.13736677538768,201.38788833732997,205.12746791137428,178864400
202.4677734375,207.94716749796044,202.04782138155986,206.42733011185774,179802200
206.85728454589844,211.31678618801203,205.53742218982754,208.05714970598171,180267300
198.66818237304688,203.9476013046771,197.90825607143535,202.9777066091775,188919300
195.18858337402344,202.89772869539195,194.6286320152979,198.7481902403631,171350300
188.05935668945312,197.59830279082226,186.35954634625867,196.39843756369172,223029800
188.1293487548828,188.29934352754728,178.8903723972709,184.87970536775757,264942300
199.0281524658203,199.91805415635875,193.76872011438098,195.08858253564551,198897100
193.1387939453125,195.3985402959953,191.2789975702345,195.13857433756354,176483300
193.7787322998047,195.86849924763862,191.1090271797132,195.69851973704638,154935300
186.8394775390625,191.4189763426968,183.82981362374773,191.02901978717685,207423100
190.14910888671875,190.98901295495202,180.56016596493993,182.8399142970662,186591900
186.5795135498047,188.9792438771453,184.29976516169708,185.9495778546046,173628900
181.340087890625,184.7797126313021,179.6302689297591,183.3598703733926,213598900
186.49952697753906,187.8393762025218,182.8099296469334,184.76970592228736,247246400
180.6201629638672,195.97847686300787,179.83025642841662,195.92847930218133,343504800
178.86036682128906,184.5397359279593,172.91100782704066,181.22010834266524,346926200
182.52996826171875,183.4798609481747,176.4606271183833,179.47030653663683,256618300
177.80047607421875,178.14043506786686,169.53138015579162,174.89079203873564,320600300
180.24020385742188,182.8899220695924,178.22043661727494,181.6100638206842,183852000
176.98056030273438,179.2703020816569,176.48061521713345,178.99033405428943,121332800
179.90025329589844,180.2802164760195,173.66093259662904,174.7408159055669,188131000
181.44007873535156,185.63961443898967,179.98023235974816,181.7400335835938,182632200
179.57028198242188,182.4299686383783,179.09033894604931,181.06012391136443,165138000
183.37008666992188,184.51002440204854,179.95027347354184,181.61017209543593,167364900
182.40013122558594,184.6500094505641,180.9002124089338,183.88004685245298,143971100
185.5399627685547,187.98982714518382,182.39012406320575,182.6301165694494,204378100
184.95999145507812,185.70995086836587,183.31008684903045,185.54995586495326,144719700
183.77005004882812,185.46995496958337,182.03013874897007,184.9599880707457,162785400
180.92019653320312,181.31019006496976,176.61043233199788,180.27023782951787,182136600
175.01052856445312,182.81010931847595,174.61054106596097,181.10019518559332,204274900
176.28045654296875,178.4103461991077,175.02053019793698,177.93037643785232,164775600
177.71038818359375,178.48035080582065,174.8905333961456,176.25046044282257,148588100
170.93075561523438,176.12047730871902,170.30078481189744,176.0904801521757,222775500
174.1305694580078,176.14045512074784,171.8107030234881,174.52054772862792,176096000
180.98020935058594,181.4401759084778,176.3304518785618,176.6604358481607,324925900
183.6800537109375,184.15002947616998,182.34012994783166,183.91003698180788,129064400
189.19976806640625,189.31975669034466,182.89009670029142,182.96010023623109,174873600
188.59979248046875,188.899779295176,186.57989753660073,187.92983057380172,65528500
190.51968383789062,192.67957056140054,187.98982202804387,189.9097162518428,139740300
188.20980834960938,188.749772392931,185.8999358866866,187.6998414610299,120006100
187.52984619140625,188.9797799436452,186.91987858592935,188.22982052336855,97687300
186.4899139404297,190.54969193131708,186.47991997410415,189.55975523635485,120100500
188.83978271484375,192.91954841717475,188.24980305842183,189.82971935613102,148240500
188.1098175048828,193.61952916959007,186.13992286460274,191.74961996436147,183529700
187.22987365722656,192.15959956375178,186.80989821500853,190.50969495089785,176862600
189.09976196289062,191.35963411085106,186.54989697142676,188.55979791265688,153543200
185.0299835205078,189.53974931649188,183.70006889406122,189.09977067708235,172457000
184.84999084472656,186.32990643372668,183.66005283935564,185.06998015284367,131327500
184.92999267578125,187.10986736077922,183.010098425574,183.2100845491025,137968500
185.79994201660156,188.0998205983224,183.3900687774691,184.9899882929175,160128900
183.1300811767578,184.45001701406107,180.79021156477043,184.3100252062831,159586100
187.03988647460938,189.6897370464893,186.31992419508657,186.48991316970114,206188600
186.21990966796875,190.4296883714215,186.06992389502736,189.06976141755646,187967200
178.06036376953125,182.37012791600927,177.60038196777572,181.89014292514364,223345300
183.31008911132812,185.3699752173061,178.3903418724365,179.04031586008543,200381000
184.82998657226562,186.15991637882954,183.92003219020145,184.7399951080077,139636600
187.6598358154297,189.58973923983262,186.80989099781206,187.48984685190618,142748100
186.4599151611328,189.1097657209082,185.97994539629804,187.1498802806874,124799600
188.50979614257812,189.9897117301412,185.6899415183402,187.22986667366473,143711600
191.5096435546875,192.33960048487265,189.82972650403363,191.25965707901594,148552700
192.49957275390625,193.46952146246272,186.04992498376654,191.32963792417547,171764400
191.11965942382812,194.47947816452233,189.45974561417185,191.19965692455457,179489500
185.59996032714844,190.2897090701948,184.87000408758857,187.1898706566695,165794100
180.33023071289062,186.25991753048794,176.22045266395375,186.22992037566058,204019600
174.18057250976562,179.57028010697434,171.90069716024271,179.45029148582987,207014100
171.87069702148438,176.81043194569037,171.020736948564,174.92051964769362,206312900
185.39996337890625,186.98987361565233,174.59055120100808,176.6804343618602,231346200
190.0297088623047,193.64952333361757,183.9400420976916,184.25002288009932,196387400
188.52978515625,192.46957427391544,188.10980972728564,191.36964298604585,136764800
190.0397186279297,193.24953637655122,188.75978911487715,192.43958265041238,144192700
186.9298858642578,193.5995230748733,186.49990120030046,193.01955263160718,189932500
182.80010986328125,187.4898586352177,181.58017462912434,187.4698554447334,161888000
184.95999145507812,187.13986615921206,179.17029624003743,181.74016448672575,162276900
187.96981811523438,190.3596881055438,186.7498829478333,188.73978069812654,164749100
187.88983154296875,188.41980165789556,185.64996245587088,187.04988063530703,126554500
189.8097381591797,190.31970507557438,185.92994318264132,186.5599139825128,178422300
191.53964233398438,193.93950641757905,189.56974766836524,191.3896412925324,171584800
192.83956909179688,193.75951747058733,187.38985183856119,191.47964208446245,175123600
195.54940795898438,197.61930319203404,193.77949953248776,194.43946745531196,250637100
184.87998962402344,194.27947461393586,184.31002841741252,194.25948668244985,360807900
177.180419921875,182.5801217841234,176.3704661683341,181.2401979138715,311636500
182.47012329101562,183.45008125730604,174.63055110847353,175.00052620838028,209095300
180.04025268554688,180.8901975001603,176.91041730394699,178.4803396065267,178099400
183.03009033203125,184.69000418349444,180.0502558302461,180.4302401537762,177731200
183.330078125,184.05004039552568,177.87038204113773,181.1601973472636,198779700
177.8103790283203,182.7500987288974,176.81043317462274,179.83025866705609,189021900
182.64010620117188,182.90010189125664,175.55049367782217,176.82042919903367,177213600
184.760009765625,186.42991760168223,182.00014929336922,182.39012758732315,179118500
186.02999877929688,187.6199951171875,184.4499969482422,185.91000366210938,145280400
183.13999938964844,184.94000244140625,181.75,184.0500030517578,155762700
180.25,186.08999633789062,179.94000244140625,184.9199981689453,160988400
183.22000122070312,188.8800048828125,181.41000366210938,182.97000122070312,217307400
181.92999267578125,185.39999389648438,181.67999267578125,185.05999755859375,182497800
180.39999389648438,183.3800048828125,180.3300018310547,182.47999572753906,156683100
178.55999755859375,179.97999572753906,175.7899932861328,178.00999450683594,170968500
172.6999969482422,178.25999450683594,171.72000122070312,178.0,241323500
175.63999938964844,178.3699951171875,174.75999450683594,177.25999450683594,182836300
175.1999969482422,176.22000122070312,173.97999572753906,174.8300018310547,147667800
178.67999267578125,181.22000122070312,176.85000610351562,177.10000610351562,162602100
171.24000549316406,176.50999450683594,171.13999938964844,176.07000732421875,186152200
167.52000427246094,170.97000122070312,167.00999450683594,170.0,196212700
165.1699981689453,169.4499969482422,164.27000427246094,168.77999877929688,185627000
174.39999389648438,174.6199951171875,166.9600067138672,166.97000122070312,226181300
175.75,177.3699951171875,174.75,176.0,168132000
177.38999938964844,177.49000549316406,171.3699951171875,172.17999267578125,143143200
177.63999938964844,177.7899932861328,175.75999450683594,177.16000366210938,107564300
178.10000610351562,178.22999572753906,173.66000366210938,175.72999572753906,132534900
182.0800018310547,185.25999450683594,180.3000030517578,184.5,147732700
183.91000366210938,184.0800018310547,180.6199951171875,181.83999633789062,116428500
188.6300048828125,190.0,184.3000030517578,184.30999755859375,160459500
189.30999755859375,189.66000366210938,185.74000549316406,186.02999877929688,133648200
196.50999450683594,196.50999450683594,190.77000427246094,190.83999633789062,161307000
