Close,High,Low,Open,Volume
SPY,SPY,SPY,SPY,SPY
170.12501525878906,171.325829928709,169.08983891329257,170.91175939051038,121465900
167.05258178710938,169.24715009688967,166.7461737006491,169.0815244457335,169632600
165.4791259765625,167.8807296085199,164.68410512720072,167.3589967812379,209151400
167.5412139892578,167.88075485287703,166.3569783519322,166.80416895939857,125346700
170.51422119140625,170.72954593158084,168.93248153754053,168.94903525876288,147217800
169.1477813720703,170.9448456357597,168.53495254772835,170.92827927931057,158567300
167.8227996826172,169.43768504089866,167.21826017883348,169.28033619992303,144396100
167.35072326660156,170.16639741804175,166.05053592069322,169.04012523018008,214553300
166.34039306640625,166.53915144512624,164.44395583561231,165.33833694878177,192991100
164.81658935546875,167.2927223172649,164.7006501462518,166.97803739877665,176613900
166.97808837890625,167.13543720440362,164.42741236095966,164.60960440770086,211879600
167.3341827392578,167.88075887871344,165.76899662094755,167.61574767057863,130991100
168.17889404296875,168.65921739145298,166.40667261614846,166.87042960463523,122942700
170.67987060546875,170.8123635660142,167.55777539756028,168.9324925342067,174356000
169.7440643310547,170.6798677187709,169.6115587363211,170.42313339031367,117516800
170.1416015625,170.23269759703916,168.81658326680397,169.528785181447,92009700
167.89735412597656,169.04018040750515,167.06921291271397,168.087823066826,134044600
165.7441864013672,169.1809674748212,165.55371745536436,169.0815945701993,168514300
167.2761688232422,167.53289045567897,164.53501209375062,165.94286159724774,173585400
165.17269897460938,167.4252432198437,164.90770045916094,166.10022536974702,197729700
167.21826171875,167.30935775192052,163.85601062679834,165.66964179128243,163107000
169.6364288330078,169.6447183317602,167.73999117407354,168.1126521614309,124212900
168.9904327392578,170.0835848102543,168.53495270967596,168.87449351685765,134306700
170.69639587402344,170.84546780487813,169.57841325653533,169.6529429037491,97953200
170.22439575195312,171.6239561515473,169.70266284557835,171.06081366529,125672000
169.46249389648438,170.29891174267553,169.0567002644991,169.57843312899038,87219000
171.26783752441406,171.5245592115905,169.5038931575931,170.4976724628847,96164200
171.3672332763672,171.7978701903845,170.45628564015155,171.10223469296227,91087800
173.01524353027344,173.07321947491621,171.40037085250046,172.16225917646435,97545900
173.7274627685547,173.7771492195388,172.88275519252807,173.13948958333293,93670400
174.00076293945312,174.17467816637784,173.164344804935,173.41277707706607,76968200
174.01730346679688,174.0918331373708,173.3630648834984,173.62807611633605,80652900
173.89305114746094,174.2574352250173,173.2802348683247,173.42101732802976,91462500
174.93655395507812,175.011083631322,172.85791142821907,173.47901733644892,140896400
174.91163635253906,174.91163635253906,174.30708442736932,174.68803478245675,74411100
175.40850830078125,175.60726665036412,174.5389578964423,174.83708910260347,72472300
175.2594451904297,175.76461159438662,174.91990442263014,175.284288404032,73061700
175.05247497558594,175.32576306309747,174.44792285634952,175.16841422758196,72697900
174.4561767578125,175.21806492067336,174.4064903222998,174.95305374936794,108076000
175.55760192871094,175.6155652234063,174.50585939965265,174.55554583408522,87491400
174.83712768554688,175.60730540326986,173.97586658681115,175.12698209643352,110325800
174.10008239746094,174.31540714911114,173.13115892432225,174.24086485392425,114497200
174.29058837890625,174.57215333133064,173.78542178241264,174.42308135647423,76873000
171.83929443359375,173.85996092972624,171.50804301696908,173.42932397896894,188128000
172.55140686035156,172.90750131671726,171.88061487590454,172.0379636399452,89818900
169.7523956298828,171.26789568502733,169.7109860386953,171.1850891390854,157121300
169.35484313964844,170.1829841818961,169.27202398085188,170.00906900299512,110145700
171.50802612304688,171.5742662907018,169.9345504579917,169.984236901948,93993500
170.4562530517578,172.1953414628287,169.42107686549133,171.2347075656587,162410900
172.733642578125,172.82473858898433,170.48109816090155,171.18502302994446,136099200
172.2201690673828,172.60110676504362,171.40858197224705,171.99656750962697,94510400
174.29058837890625,174.96138067468297,171.11051682508818,171.74818903558065,228808500
173.4955291748047,174.29882690791254,173.10630191705437,173.87647957216197,117917300
175.02691650390625,175.53433784337255,174.26162759227103,174.4446328421003,177715100
174.68589782714844,175.60923808051962,174.68589782714844,175.0352680996626,71784500
173.704345703125,175.0186380320636,173.6377971673957,174.56113747478216,77805300
171.15892028808594,174.14522727250312,171.11733855742628,173.91231373233074,159521700
170.75131225585938,171.6663260245403,169.79469137466845,170.49344462384173,153067200
171.14227294921875,171.31695173779872,170.4435197163953,170.63485150385748,118939000
173.23019409179688,173.52965615952493,172.15712908659208,172.17375670108467,96180400
171.7162322998047,173.10541228273007,171.65801026718879,172.4066590414967,126768700
171.10897827148438,171.70790231162295,170.11908957478775,171.68294820101997,137303600
171.72454833984375,172.17373503850223,170.85943016732784,171.0424354464049,86900900
172.8807830810547,173.39651825124892,170.70137296924554,170.83445731802203,114368200
172.42333984375,173.6544562457164,172.3900719162753,172.90580729557792,81236300
173.00564575195312,173.44651883082423,172.25699670669553,172.64796154159473,89351900
173.77084350585938,174.00375698350715,172.34840853114136,172.8391895952683,85548900
174.71922302246094,174.76081745509825,173.82084928025708,174.02048224837404,72722900
173.92892456054688,175.2099616006904,173.87901633430343,174.57775688738096,74436600
174.26165771484375,174.444662996307,173.10540399623537,173.72928217590538,75099900
175.04359436035156,175.55101584547447,174.644315833761,174.72750467768364,99529300
174.99371337890625,175.50113494303832,174.5112459332694,174.7108915740687,68934900
172.98062133789062,174.04537241941927,172.19869198583558,173.8041451072998,191113200
174.56118774414062,174.89391782576985,173.8208525236024,173.9040286975902,92189500
174.35317993164062,175.401290821746,174.05371786406258,175.24323963429708,72559800
175.20994567871094,175.39295095352963,173.77085759101533,174.69419777111565,78264600
175.65081787109375,176.29965013641794,174.6941970850558,174.81065383286185,102585900
176.05845642089844,176.32465059604635,175.60926961638245,176.06678292189486,61327400
175.32644653320312,176.74888198105475,175.13511471141135,176.62411139539645,79358100
175.8837890625,175.93369730038367,174.12861077084412,175.30150513246107,86863500
175.16004943847656,175.7589608327745,174.35316595144636,174.99367176429075,125684900
173.4048614501953,174.9770339137259,172.7061082608666,174.58606924936552,161304900
175.28482055664062,175.32641497531887,174.08697237858064,174.1867888291408,103399700
175.78396606445312,176.366249972887,175.60096073711145,175.70909101756808,70927200
173.77084350585938,175.90035810451877,173.62943265820414,175.5426613898816,113326200
173.0554656982422,174.6276380453887,171.9907147273087,174.31986223603798,135060200
173.74595642089844,174.17020182035276,172.6229830117935,172.95571305311998,88244900
176.03341674804688,176.23306228237632,175.3346764171398,175.41786522965143,155877300
175.19332885742188,176.25808003936282,175.11846651482492,175.99189859029525,75708100
174.6692657470703,175.20996783389103,173.53796603824514,174.36148987906336,119727600
174.70257568359375,175.7007784900197,174.46966211852228,175.07690014939882,94667900
176.5242462158203,176.61574885099893,175.44285489811853,175.71736280365437,95934000
176.7156219482422,176.8570328492495,176.23315450742103,176.7156219482422,76510100
177.2646484375,177.51418963474575,176.4827188385617,176.54926738877327,74549700
177.20639038085938,177.6555898624759,176.9235685993002,177.38108188878502,72114600
177.0816192626953,177.8302681393417,176.76551686494682,177.30620630998737,76857500
177.59730529785156,177.80526467173664,176.77378160784684,176.9401592612212,64764600
177.17308044433594,177.63058093249938,177.10653191866064,177.21466216665377,57433500
175.26821899414062,177.10658608628512,174.8523001010872,176.68234069195475,124308600
176.9318389892578,177.1647524807789,175.31807216026635,175.72567711684493,93214000
176.7322235107422,176.8403537684896,176.04179677401598,176.6240805601602,74974600
175.63418579101562,176.70725068227623,175.36800436620842,176.66566895762463,124919600
175.99188232421875,176.63238811990755,175.20162647150613,176.29965816611687,93338800
175.8172149658203,176.50764177283756,174.9105149284553,175.5343931970188,91531000
176.2830352783203,176.90691352294607,175.79225410549518,176.34958381422064,87820900
174.79403686523438,176.2331123420793,174.47793451929695,175.57596623076313,151882800
174.49461364746094,175.16840021447948,173.8374546971027,174.6443383544263,121704700
173.42152404785156,174.53619623751186,173.34666169944614,174.38645884786473,89063300
173.3965301513672,173.93723216019964,172.76433819958618,173.3965301513672,105034700
175.47610473632812,175.8587555420628,174.10357804288222,174.16180006317958,134551300
176.04177856445312,176.424416715982,175.68408183028492,175.9169953206503,73876400
174.6942138671875,175.91701618303716,174.41970592966666,175.21827562907586,135382400
173.94549560546875,174.22831723679104,172.84746429398726,173.55453106512275,124384200
174.89385986328125,174.977048702538,173.6211493182285,173.795828110699,85308200
175.1766815185547,175.78393212058168,174.15352479896114,175.1766815185547,126708600
176.99844360351562,177.46427073417405,175.20999743555834,175.7756410391186,165867900
176.21267700195312,176.8312356588325,175.83653181049735,176.7560091714565,130478700
177.1154327392578,177.7005488974588,176.90646177171635,177.13215398794233,70696000
177.2407684326172,177.57512955460172,176.8479148404659,177.32436190175648,68476800
175.95355224609375,177.34947675949232,175.92847675070024,176.97333157401434,92307300
175.41854858398438,176.58042638230515,175.34332211431538,176.45504893285684,97107400
175.3852081298828,176.020475454762,174.83352156232553,175.7780619229963,104174800
171.70730590820312,175.39355775620155,171.63207940222244,173.90568511654945,202621300
172.0667266845703,173.2954771862415,171.59026668186704,173.245313432343,182925100
173.44593811035156,173.8889556307009,172.66020507287817,173.63818786805945,135979900
173.2870635986328,174.0895176357759,172.86912171054405,173.92234343145523,104373700
172.79391479492188,173.57128067258205,171.79921094792178,171.99982766856422,117975400
173.880615234375,174.005992748395,170.61230532007585,172.99458012308924,173820200
170.9633026123047,172.82731980619712,170.72925618233498,172.5431223918873,164020100
171.27259826660156,173.32052393269564,171.1639420376246,173.06138922156467,144113100
173.42919921875,173.847141195784,171.31441383532407,173.27037922674475,129456900
175.3433837890625,175.45204003194522,174.6495985640824,174.69139531345752,106069400
176.10401916503906,176.4133048903453,175.2430597428105,175.30157773974665,81709600
176.0454864501953,176.6055270618989,175.56902656518767,176.14578842406027,97914100
177.4582061767578,177.4582061767578,176.8563685732044,177.09876936275072,106683300
177.6085968017578,177.66711479342928,177.0402019061939,177.4497768295928,89030000
177.70054626464844,178.19371467964135,177.3829190718028,177.83429074299156,70446800
176.99838256835938,177.82591206552033,176.69746391071664,177.5667773913658,77965000
176.6807403564453,177.01510150199903,176.2795197363544,176.31294947362298,88667900
175.68606567382812,176.91481598309016,175.32664173192563,176.8145140001547,90509100
173.86387634277344,175.84491739079107,173.52952783625315,175.7864121417101,117755000
172.8524169921875,173.4876968857565,172.40939956881726,172.9778072233487,132361100
174.97555541992188,175.11765413377742,172.86077045003267,173.68828723981355,123544800
176.17926025390625,176.4049397326802,174.9588640988521,175.1009628370131,105791300
176.2210693359375,176.38824358344127,175.05082409425617,175.66938284005533,91304400
175.95355224609375,176.74763936089735,175.66935479525043,176.72256386550384,103266900
175.3600311279297,175.97858964105714,174.40712424556037,175.92008441599754,113965700
175.01736450195312,175.74457936960462,174.53255033866034,175.28484070143256,81820800
175.59414672851562,176.63063465904023,175.30993649328377,175.91177395501018,85786800
174.1563720703125,175.88664467779424,173.57124328312673,175.77797571653295,116030800
173.82205200195312,174.14804620817122,172.9192958721393,173.99759323049022,117858000
176.01205444335938,176.09563516897882,174.9337572199016,174.9337572199016,80270700
174.42384338378906,175.09255286876916,173.66318618519202,174.67461103497817,126081400
174.63284301757812,174.81673847505203,171.6570987123818,173.11989537119487,172123700
174.41555786132812,175.1594941084162,173.87222561057453,174.47406310873316,89383300
175.05075073242188,175.12597719908536,174.08112264685198,174.22322133540706,72786500
176.02880859375,176.02880859375,173.99761659485281,174.45735534601607,79072600
175.51890563964844,176.10402184503204,175.284859157495,175.75295212180188,71692700
174.13133239746094,175.543965411561,173.32052403028706,174.77495378843668,172946000
170.49525451660156,174.10626663748775,170.43673651645807,172.6183941900729,194327900
165.3629150390625,170.4701662267819,165.10379306833215,168.62285717821266,346588500
158.4000244140625,165.07037543288203,152.46524267191543,156.71990209767756,507244300
156.5360107421875,163.37353619823517,156.243446220749,163.35681494583278,369833100
162.5460205078125,162.82185102458152,157.4554768705119,160.55661235634838,339257000
166.5665283203125,166.69190575831607,163.17284294958677,164.68579022283006,274143900
166.57493591308594,167.04302883764254,165.43813334434464,165.92294751751413,160414400
165.22915649414062,166.44955250791443,164.67747010073978,165.5969474230745,163298800
160.29745483398438,162.8051064676503,159.42812845841777,161.42589041638857,256000400
163.340087890625,163.3818846395931,160.84079025542636,162.67973241882933,160269300
163.45706176757812,165.54677103907727,162.9638934406019,164.0505320581229,152087800
160.98287963867188,162.0444557787715,160.16371697574704,161.2002176188391,207081000
165.02859497070312,165.17906074402916,163.13950145937872,163.78313580025795,116025700
162.82179260253906,166.73373524623284,162.45401446061655,166.6083577835972,149347700
163.70787048339844,164.85302736988268,162.37045111243074,162.62957308634384,158611100
164.45181274414062,164.51868499062053,162.60450360454212,163.3150100631362,119691200
163.84156799316406,164.67745173677312,163.35675389132194,164.62730075288837,79452000
165.88951110839844,166.3325285195203,163.79980152590844,164.3431209155258,113806200
167.3272247314453,167.51948720226258,165.84771948467198,166.19043492787617,99581600
166.9510955810547,169.59249188964412,166.57495035938427,167.19350906595068,276046600
164.22280883789062,166.9367457997383,163.8111046994991,164.44127665422693,223657500
165.07154846191406,166.0966169997985,164.0212612353748,165.0547402764405,105726200
162.9288787841797,163.39100749780152,161.79456401627903,162.90367292897145,153890900
162.66842651367188,163.56746535756787,162.08866614231047,163.09693891729887,92790600
162.0802459716797,162.54237470540022,160.11411225463215,161.45007392230164,159378800
162.0382537841797,163.84474196466735,161.16440798067316,163.54225885128184,155054800
157.97154235839844,161.2484450735252,157.66066154868136,161.1392111367556,178515900
158.06398010253906,159.42516070258506,157.06410487873185,158.19002222857446,159045600
161.01319885253906,161.18124220471094,159.17309401717506,159.95450137417293,163452000
161.4333038330078,161.73578697688947,159.4923756684693,161.39128979229656,131079000
163.84478759765625,163.8699934623849,158.90423297664296,159.45038996116762,211003300
166.76036071777344,166.98722628735067,164.96226998386578,165.07150392864102,126320800
166.18899536132812,167.18887056699,165.52521966477568,166.62591831272772,110274500
167.5501708984375,167.90306575672685,165.92852126535018,167.1216456398194,124307300
169.06259155273438,169.34826651960603,166.8611814375429,167.16366458507915,153055200
169.1633758544922,169.6422999150963,168.53320384467253,169.20538988598997,107069200
169.32305908203125,169.52470596458713,168.8105185540597,169.23903100037617,56395600
168.2559356689453,169.86077688392322,168.08789235480089,168.59202229723417,88038700
167.44935607910156,168.77692042315795,167.15528340331548,168.19715993141767,99106200
170.02049255371094,170.0288902355682,167.7434643233295,168.11316745926345,134142200
170.79342651367188,170.81022186992658,169.65911174323114,170.42372354194652,114580100
170.87745666503906,170.87745666503906,169.83558036751842,170.14646115682586,76523900
170.65899658203125,171.27236046365508,170.18847016210702,170.44054155017596,78448500
169.600341796875,171.23037637356308,169.43228562818382,171.07914120680377,102038000
172.46554565429688,172.67560308179105,169.60037208715116,170.54982294122104,174911700
174.35601806640625,174.72572109591775,173.33934755613427,174.13756301300612,144442300
173.92747497558594,174.2383557315556,173.55777201125318,174.17954634407485,69033000
173.59146118164062,173.92754793334998,172.91086435496442,173.25536160904352,77905800
175.56593322753906,175.59113908425056,173.26371284200084,173.9274884368756,135906700
175.46514892578125,175.83485200116365,174.94421067640764,175.0618423075851,90525500
174.70887756347656,175.97763205082745,174.54924476111194,175.65834080433405,131076900
176.77581787109375,176.9690669939633,174.91050805312182,175.03655012350796,86270800
177.28846740722656,177.84302208845182,176.19616622869168,176.42303183844527,95246100
176.7506561279297,177.70851712584357,176.2129098277128,177.5824878448877,96224500
176.5742645263672,177.2716567087634,175.68362310478983,176.80952781429752,78408700
176.48184204101562,176.71711815422435,175.15429038615696,176.22978338559173,110471500
174.83499145507812,176.01971836803094,173.88552782430054,175.86847036041127,131008700
175.23829650878906,175.2719128750145,174.08718597286835,174.35605279823582,75874600
174.54928588867188,175.55755875304874,174.48206598826206,175.50714703296265,67846000
172.11260986328125,173.9779204023647,172.0958145041074,173.5073939278004,121315200
170.18008422851562,171.96977723917988,170.09606896762043,171.70091045507593,153577100
172.7679443359375,172.82676654088328,169.87755349640048,169.99519790629205,117645200
172.6419677734375,173.96112150855294,172.1462354127648,173.07889073209276,121123700
175.381103515625,175.52394099502678,173.07888284412175,173.12088406326907,121342500
175.22984313964844,175.64995783774356,174.9357577226286,175.26344667430746,88220500
175.8684539794922,176.54903789817084,175.4903532269914,175.98608560962322,94011500
175.6667938232422,176.43139295093874,175.2046650180068,175.92726292595165,64931200
175.90196228027344,176.30526864711692,174.27191582064665,174.6584140161155,98874400
175.87689208984375,176.22978703563413,175.61641010569755,176.02812728623044,51980100
176.07850646972656,176.28016618185288,175.49034833546534,175.9692725230474,37317800
175.3475341796875,176.3558072327126,175.23830021847323,176.23817559020782,112822700
177.01959228515625,177.13723675469305,175.70043828394557,175.97771563166484,97858400
175.2130584716797,177.2884263844097,174.96098705482348,176.9691350683328,108441300
172.75958251953125,175.7339892138497,172.03698465965167,175.46512244925123,166224200
176.12887573242188,176.422961139099,172.7595605877127,172.7595605877127,192913900
175.06185913085938,176.22136737221174,174.09558730536372,175.80125253179295,102027100
173.885498046875,175.01140253603222,172.90243103880024,173.49899964415422,103372400
172.53269958496094,175.33906266598441,171.55803041713432,173.2468996936525,162401500
172.9780731201172,174.28882931654118,172.36470906838275,172.59997234359287,116128900
169.62551879882812,171.5244326656426,169.3146251963517,170.8606570674319,211173300
170.48252868652344,170.6085707805917,168.00385468710266,169.7851496137183,182385200
172.2722625732422,173.17971202028292,170.45736367916072,171.99498528490597,154069600
174.79295349121094,175.09543664417558,172.07901561545526,173.39816935138043,197017000
172.1294403076172,175.17106742653414,172.11263212538444,175.10384751848963,173092500
169.06292724609375,171.5225370211609,168.90233146446238,171.3873100077972,251393500
170.45753479003906,170.63503876713125,169.12206982484525,170.23777963014126,99094300
172.00433349609375,172.30016920397958,170.35613730247303,171.34505501864547,111026200
174.1343231201172,174.17658720802717,172.91718961256726,173.01016544709367,110987200
173.84695434570312,174.39636175510165,173.6271991202579,173.88077077865796,48539600
173.44964599609375,173.49189717640118,172.37620033426,173.15381035082765,65899900
175.30072021484375,175.63035944290874,174.51466240068416,174.5484659304294,92640700
174.05824279785156,175.14014928136507,173.91455521654785,175.05562110545048,63317700
172.31704711914062,174.02441544079304,172.31704711914062,173.38204524222868,114877900
169.90814208984375,169.91658974704953,167.85422643642048,169.46017121139246,222353500
170.195556640625,170.6519752820483,169.08830712231494,170.229360174468,110845800
168.04867553710938,169.09675273703556,167.01749365530566,167.6429557527611,152112600
164.0168914794922,166.88222079288164,163.62807998718796,165.09878489652976,213436100
162.21653747558594,165.53829802935783,161.9291623754755,164.98044314289444,209817200
162.37713623046875,163.47593781271146,160.4415652002888,163.13783807353647,187941300
163.68724060058594,164.43949476496124,161.55725744525915,163.8224804923623,172330500
159.60479736328125,164.70153370781395,159.2244464071734,164.3549862801032,221168900
162.2250213623047,163.34917904316922,158.61589779958007,160.2133823150846,240795600
158.74266052246094,159.545626525403,156.8070892986453,157.8636269070395,324846400
158.95396423339844,160.68668844906233,157.38183579391037,160.55990909796947,195244400
156.9169464111328,158.48062709063498,153.00354022959485,156.39290793131943,286547800
157.79598999023438,159.6385851905549,156.06326591928874,157.3902832034348,195772900
161.03326416015625,161.23611115753874,159.64708712355448,160.40778915811794,168319600
158.5989990234375,160.72052224680877,158.40459968275314,160.52612290612439,130371700
160.7627716064453,161.0416991030109,158.92017607403994,159.25826297444084,141036800
159.01316833496094,161.91230185213396,158.10876579230634,160.23874959702297,185681700
159.84140014648438,160.7626974879294,158.19320469683908,160.55985060008538,143798800
163.73797607421875,163.873215985602,160.49229558414746,160.61062728231084,210529300
163.6787872314453,164.464857851863,162.14892296798,162.73213374182845,136061600
160.7289581298828,162.25882253989477,160.20490670034297,162.25037488192345,182564900
161.6925048828125,162.09821167988892,158.14254138972404,161.78548070059944,205054900
161.94602966308594,162.9180387431473,160.5598533512754,161.19377568101527,139531800
158.86097717285156,162.0052338294124,158.2270546678544,161.4304836155311,180788300
156.72256469726562,157.31422319199183,154.5080659467813,157.0184003932227,191526700
156.73098754882812,158.0072930610037,154.84612832210112,154.98136821297294,184513100
156.5957794189453,159.19062903955063,156.46898716953467,157.559341187404,148214100
154.55873107910156,155.60682073739125,153.0626706315295,154.11920794534345,219058900
157.7452850341797,157.76218034884897,155.48852239590252,156.33375242808964,127632400
160.4077606201172,160.43311649027896,158.59052114019153,159.55408289790063,120250700
163.02798461914062,163.3998879239624,161.44739557364798,161.57418782603054,136009500
162.3602294921875,163.35760761031935,162.04749851565145,163.29843531898203,102343000
162.28414916992188,162.43628436911968,160.97404017791513,161.58260676907716,114793000
164.63392639160156,164.77761396839716,163.79714390618048,163.86476386535287,103640300
162.5546417236328,164.24510174373455,162.4362971409267,163.9746219498688,111455300
163.2984619140625,163.57738941039415,160.01897771192097,161.1262271415721,150812200
165.27627563476562,165.28473618932878,162.9857094586589,163.74641133250677,110728300
164.8959503173828,166.23986318866883,164.7353545219734,166.14690025152532,129833700
163.60272216796875,165.85948479522963,163.40832287272696,164.9128312909009,125918100
167.4485626220703,167.53309080457262,164.35501686201994,164.82834373077716,141799700
168.2008056640625,168.25151741126524,166.7216528504338,167.13582028123787,102415000
168.86001586914062,168.8769240770986,167.44848358846886,168.02323368720207,95172200
169.40948486328125,170.1871080063001,168.22616772771258,169.05448972261064,129293600
169.54464721679688,169.95036681808796,168.41204234852233,168.48810993732056,100219000
167.6936492919922,168.97840267520743,167.53306640412978,168.47127234562447,123974900
168.52200317382812,168.8685377576054,167.71902415763944,168.50509495843744,94801200
168.65716552734375,169.95037911641404,166.83147877815384,169.01217342845922,156838700
171.3788604736328,171.4211245605465,168.64032304338957,170.11101524935322,137964500
171.15914916992188,171.61556789294391,170.5421346137576,170.8717739407157,73612000
170.880126953125,171.1844102323318,169.93347359434154,170.1954927992059,93169100
171.86912536621094,172.2748451944404,170.3561688104932,170.39843290474928,129303200
172.95944213867188,173.466572468125,171.38731361270996,171.7845727975683,134278500
173.63912963867188,173.97896029914256,173.14636610639326,173.4607101155141,138372400
173.88548278808594,174.11487558474272,173.14634406561157,173.37573686226835,72926700
173.7920379638672,174.36126141225773,172.9509525979609,173.11236372451606,97471900
172.6450958251953,173.59663195994312,172.47516754652673,173.40972122437373,81052500
172.568603515625,172.60259435302078,171.39617889959257,171.61706748784076,84360900
172.6705780029297,173.19731935478111,172.22029659627466,172.984921975653,62408200
174.26785278320312,174.37830360378803,171.9569675278246,172.2628203693809,92922900
175.0324249267578,175.75456819261893,174.66709471626987,175.27030893947753,86365300
174.60765075683594,175.36378494996057,174.44622666554395,174.93899016812185,94584100
175.79705810546875,175.98396883290673,173.29926289671315,173.6136198276081,114423500
175.2278289794922,175.9244985706201,174.92197625036152,175.72059242996414,63497000
173.47769165039062,175.23633527129175,173.2228121935869,173.88549100305198,99662200
175.37228393554688,175.43176143021483,173.2992832342897,173.47770275458515,91839800
173.2737579345703,174.64159740604313,172.5431105219133,174.28477140875094,113859000
173.7410430908203,174.88799403753805,173.2057975871912,174.45469511985496,95040600
173.33328247070312,175.07494383034904,173.2398270914916,174.378274101007,83757500
174.94741821289062,175.22778422329228,173.06132902560913,173.50311906900293,115350600
176.71461486816406,176.79957900310268,175.72908794318658,175.8650253736056,96336400
176.7230987548828,177.22436638826628,176.37477692900077,176.77408501195208,65212900
176.5277099609375,176.85904935618856,176.20486179397741,176.72311192128882,75761600
177.76812744140625,177.80210532039408,175.86504212538503,176.52772095716665,82531000
178.32879638671875,178.58367578018218,177.51319788408114,178.19287194541545,88316100
178.49876403808594,179.1954207060925,177.89554977248713,178.37131783136135,81100300
177.53871154785156,178.6261850260145,177.2668366964576,178.5157342471724,85695000
177.53871154785156,177.81057343553908,176.63814878909537,177.18188552817682,99251700
177.23284912109375,177.2753311847621,176.32378222067248,176.9354876391209,66166500
177.49627685546875,178.00603585603346,177.02050870225366,177.59822347009774,75864200
177.8614959716797,178.25229972591475,176.75702747006875,177.1138533619058,77329400
176.24728393554688,178.2098329911705,175.8309935078103,177.1053773583402,97216200
175.2957763671875,175.97545045631406,174.19130759281995,175.62711570312726,142424100
176.68910217285156,176.86750868073221,175.36374483091808,175.79703074233328,62188000
175.15133666992188,175.6950733141479,174.40369392272203,175.4571893425305,106422100
174.1743621826172,174.8880273111376,173.67310742140722,174.15737972419933,92243800
174.14035034179688,174.9984310180726,173.7155556174355,174.6416050052538,67619200
174.77760314941406,174.82008522935052,173.21436113195358,173.36728106327203,89315000
174.9219512939453,175.3552371968517,174.47166997414908,174.65008944223095,74374900
177.0968780517578,177.11387346673692,175.55912357058196,175.6270922667951,77472200
175.44024658203125,177.17340360452437,175.44024658203125,176.63817098959558,81727000
175.49114990234375,176.28127463019553,174.48013664083487,176.1113464126254,89586300
173.96192932128906,175.74607233337468,173.63909414893814,175.19384438205137,96474600
175.67808532714844,176.15385329050272,174.07236196897537,174.131839446247,77486800
174.03843688964844,175.69513403731736,173.511682515837,175.40627668104864,114924900
174.08935546875,175.2702841375371,173.00188214628582,173.6900474402525,120062100
173.48614501953125,173.77500229114204,172.27972968188774,173.36720302747358,115430500
174.58213806152344,175.1003881365985,174.04689256787208,174.09786585989488,104990400
174.34423828125,174.8794707627664,174.15732758494116,174.59910471830312,58682600
176.60415649414062,176.9185134089353,175.13437036157126,175.15985700821594,93537800
177.80206298828125,178.21836644808795,176.60413886076603,177.28381295207498,76621400
177.85302734375,178.16738421136841,177.53868343983595,177.93799146228565,55280700
178.6177215576172,178.62621278665296,177.96353393802508,178.0145072396567,64211200
178.27786254882812,179.00001882948405,177.71713035187463,178.88956804301242,109879400
178.64321899414062,178.8216255606227,177.47078113099295,177.66618312028115,69936200
179.1869354248047,179.20391788196574,177.76812242939198,178.2438905040564,63044700
178.65164184570312,178.99997657950476,177.4452265624016,178.62615520310342,101757100
179.5607147216797,179.91754069385723,178.8470498136199,179.00847386468456,64887000
179.84107971191406,180.40181183263633,179.68815984101101,179.7136464861615,60974800
180.42727661132812,180.5547227853407,179.849562106324,179.97699531663255,66170900
180.180908203125,180.29985019179415,179.424774211506,179.69663605830496,73786900
178.47329711914062,179.14446721273947,177.9295473189376,178.80463655132135,113829200
177.0968780517578,178.7280878697639,177.01192690426882,177.87000738701636,117751200
176.74856567382812,177.34328859989924,175.79702973404218,176.71458780328072,125059300
176.502197265625,177.87003671364448,176.3152865611474,176.74857248677887,109124500
177.0289764404297,177.19890472720832,174.66711844773843,176.50223504979886,149533100
176.36965942382812,176.95037835738,175.71206989991128,176.9247591709658,117055700
177.5055389404297,179.00858808305284,177.4201329419664,178.33392760724567,82789600
178.00936889648438,178.419288947969,177.44572068124083,177.88980833850454,72461700
177.71905517578125,178.9146610635163,177.57386236050993,178.18874911166705,95560500
180.03334045410156,180.0845788252311,178.7181744809967,179.17933285228438,102731400
173.5685577392578,180.0675579096648,173.12447001464724,173.90162027493437,333444400
170.45994567871094,172.16796111424463,169.64862792193355,172.15941269714784,230775800
173.53431701660156,173.55993619846572,171.7579798976729,172.06542311116286,159382400
176.48924255371094,176.71981526094208,174.83246545427784,174.93494221304724,137328600
178.8975067138672,178.94874508440498,176.4038061090953,176.9589188625386,165021900
179.27330017089844,179.76009082936653,178.73527113388084,178.89753468670352,106055300
177.98373413085938,178.55591768190934,177.38593139327895,178.4448925195293,109803700
179.05125427246094,179.17081482705453,176.83082908015393,177.48841864598015,96021500
178.9402313232422,179.89671577185584,178.1716296100524,179.23059081212514,85593800
181.6046905517578,181.85236002539787,180.00770068889682,180.23828636373955,133971000
182.24525451660156,182.81745119494929,181.86095362292923,182.0659201807459,73633900
183.56893920898438,183.8678470947775,182.2708439503184,183.2102575647061,101275600
183.54331970214844,183.99594270707593,183.05654212544937,183.98740732191362,87324100
184.56809997558594,185.03780671506956,184.17526381610546,184.80722103730116,91230900
184.3204803466797,185.32820316074802,183.87639270145345,185.1317850417746,107155400
184.81581115722656,184.97807470667493,184.18384076230222,184.4400456808458,58725900
184.6278839111328,184.66203847751407,184.14964179507294,184.39729823691812,54345700
185.39657592773438,185.6356971024604,184.62797401341882,184.62797401341882,58159500
184.69627380371094,185.50757862175766,184.25218609118403,185.28554128105674,67777300
185.5247039794922,185.57594237488962,184.55113537355703,184.81587577052906,62787500
185.02073669433594,185.37088292903695,184.44001779581654,185.31964455929952,55873100
185.106201171875,185.46488290452834,184.26072871061137,184.9183184027053,70080500
184.9097442626953,185.55025001486825,184.14112954141405,185.4819278375684,84083900
185.1232452392578,185.4136047179644,184.25215377201522,184.713312177542,65035700
185.4221649169922,185.78084662065095,184.5767055551982,184.85852968617107,79519400
185.26840209960938,185.87474016961207,184.81577913542557,185.48190398954972,73311400
184.08135986328125,185.1744886620766,183.24443597726173,185.02076050196183,92295500
184.619384765625,184.67917156164796,183.72268707427097,184.02158196101436,53993600
184.81581115722656,185.13178983912698,182.97115138106105,184.7304051740042,46585500
186.32737731933594,186.37008030679934,184.81579320588517,184.81579320588517,71892200
186.21640014648438,186.61778484796963,185.95165981808444,186.5152950525933,39906500
186.32737731933594,186.82270330544242,186.00286328308303,186.28468736299476,51251700
185.86619567871094,186.5152367011262,185.5160494688951,186.43837915198242,57941100
186.72877502441406,186.97644455037576,186.13097225142164,186.39571254866664,72504300
186.5665283203125,186.7800302458213,186.16514365786608,186.42133554357792,61313500
187.1045379638672,187.45468423729244,186.92520364995283,186.9337390354792,49813500
186.1394805908203,186.75435400270868,186.1394805908203,186.68604487003688,53213600
186.4896697998047,186.6263141684485,185.33676714607375,186.17369109954961,75134300
186.9081268310547,186.94228140555919,186.35302703527333,186.46403917575554,52989300
186.63485717773438,186.81420454779516,185.9516613688594,186.43843903423905,75443000
186.62631225585938,186.85689799669217,186.02850943807448,186.3957265150266,61368800
187.00205993652344,187.5400889368396,186.94227314487813,187.24118104085886,53399200
186.04562377929688,186.95087005640463,185.62715522259796,186.85692866739572,71728900
185.9174346923828,186.33590306882425,185.5075147310675,185.66122982989052,69224800
185.5673065185547,187.13014199743318,184.67914434418842,186.10533547897305,122506300
186.4810791015625,186.74581934283302,185.66122616399932,185.69539376158798,70502200
186.17369079589844,186.6775522444359,185.61859096698421,186.3957281212393,58114500
185.6442108154297,185.9601895162898,184.8670606272948,185.8406289512786,85269500
185.65272521972656,185.9430846974916,184.4912742775436,185.63564141776308,97844200
186.4896697998047,186.9166736784734,185.91748616612355,186.50675360366623,79293900
187.05331420898438,187.1301717780979,186.0541267171368,186.77149009111085,56702100
187.03619384765625,187.21554117165678,186.42985576833163,186.89101412399935,76554900
186.6091766357422,186.97640664184834,186.30173341037536,186.7031179832465,74102900
182.14276123046875,185.34529010576694,182.11714204195624,185.2940517287419,221589100
184.75604248046875,185.1574271849525,181.31439212331006,181.38271431036313,168110900
182.10011291503906,183.73980662777714,181.47669075551224,183.47506624624356,182828800
182.03170776367188,183.3554220992557,181.4766080573567,182.15126830185304,134185500
183.85073852539062,184.23503930455087,181.69010053449708,181.8694478480362,134427900
183.14010620117188,183.41477544560047,182.4534592840012,183.2345221168254,155236400
183.17440795898438,184.43614170473515,182.84824157392163,183.79240053228875,80250500
183.18296813964844,184.18720269659795,183.148641043208,184.03271111719636,69665300
185.24301147460938,185.42325171278233,183.20020146230988,183.8868615006161,110284400
186.4102783203125,186.71069611831638,186.00687921854612,186.25578671924643,76678700
185.38888549804688,186.15279119157253,185.29446959898425,186.01545659349085,73630900
183.8868408203125,184.73657089861007,183.68941740477214,184.5563306807073,89827300
185.02838134765625,185.12278414433544,183.35464386091715,183.72372893489282,78494800
185.94677734375,186.10128203089897,184.29022306305555,185.25153899394778,87411000
184.26449584960938,186.1442224638383,183.71517048673903,185.7408102180015,128070600
185.6549835205078,186.35880049344547,184.84815903920278,185.09706656577902,117202900
185.20863342285156,185.43179232349547,184.57347072524445,185.24297362107262,83512100
184.26449584960938,185.54339989459726,183.6722648793966,185.32024096800765,119948100
185.07984924316406,185.50900994680487,184.8223502015905,184.89101748580646,72816000
185.20863342285156,185.43179232349547,184.31598472332772,184.85671842430108,62927400
184.57351684570312,185.65501071178545,183.84395116305785,185.48334896863076,89788300
185.53477478027344,185.99826261811654,185.3888616998979,185.53477478027344,51855000
183.19155883789062,185.17429258419546,182.4619933916699,185.10562528979577,130367400
183.43194580078125,183.95552258886428,182.83111010200201,183.32893828550314,73866100
182.8310546875,183.32888272011377,181.28608649304968,182.10148928388656,101357000
182.92550659179688,184.27307787424564,182.84826078625434,183.8095768470923,93346200
182.29031372070312,183.1572136702012,182.110060453568,182.89971461584213,58275700
183.43194580078125,183.94693098937003,183.05428213764588,183.88685527766236,76869700
183.92112731933594,184.2301235787568,183.33747499428907,183.69796844745565,66519200
183.5778350830078,184.13573890575714,182.91692375835873,183.5692434846294,73639800
183.6636199951172,183.749457378798,182.61646677955162,183.5777957083823,89089100
184.44473266601562,184.81381777356535,184.09281765803647,184.53914856823081,60146600
183.8267364501953,184.52197485427587,183.66365324984093,184.26447575355573,66542300
183.45767211914062,184.0413245480299,182.76242058903588,183.00276269752138,75705500
182.96844482421875,184.21300873517526,182.89119901043085,184.1786816280308,77220200
182.42767333984375,183.62073988076526,181.71527791279635,182.9426715562345,140623200
182.43626403808594,182.9855893542831,182.27318083380186,182.76241734970546,61272500
181.1144256591797,182.81391175900075,179.90420222663423,182.76240146453398,122781800
180.0243682861328,181.19168612886682,179.58661590951533,180.80543095021665,103330800
179.20040893554688,180.4535644183679,178.92575279359647,180.23898398683315,88939300
179.00291442871094,180.1530618576069,178.85700137551763,179.31191062869206,109122100
182.9512176513672,182.98555784474982,179.0029467138762,179.0029467138762,109794900
183.7752227783203,184.341718129742,182.29033020287906,182.55640778089457,106772100
185.7236328125,186.3416254149627,182.25600619902065,182.28175479937755,258429000
186.1870880126953,187.38015430848472,184.7279441619879,186.51325435585727,172113300
185.75791931152344,185.99824826028976,184.81377361192582,185.46609317329938,100552700
185.90386962890625,186.48753511924482,185.15713403826015,186.28153322319332,94580000
187.35440063476562,187.35440063476562,186.08408858590283,186.290077346994,91652600
187.0025177001953,187.23426819301946,186.6162756101203,186.73644010696472,65617700
187.96388244628906,188.02395815763933,187.0454718984963,187.15705791565438,69797200
187.5432891845703,188.20420055273274,187.36303586708976,188.0325388341963,86265800
188.9595184326172,188.9852670360542,187.9724537089983,188.11836682745806,72402600
189.32858276367188,189.508822967917,188.5990041546267,189.2684939642912,67429000
189.43161010742188,189.4831073175899,188.61620705354298,188.81361739150404,56620200
190.1354217529297,190.16974885738745,189.6976693151591,189.77492821985058,37872300
189.2427215576172,190.1010430617208,189.13972716814772,189.82638699081997,76572500
189.61180114746094,190.0667104837631,188.97663853783794,189.27705629439058,69886700
189.15695190429688,190.39293732273808,189.09686309511824,190.2298540943395,113291800
188.46168518066406,189.45732831036057,188.10117857343675,189.45732831036057,79040500
188.55609130859375,189.0453409292025,188.19559779196308,188.5475128071081,74840300
189.6890869140625,190.0324103393807,189.19125877948673,189.38866909419724,67837800
190.28985595703125,190.32419614807785,189.39720744400174,189.87786534309035,59877400
192.77906799316406,192.8391437045344,190.01527094331936,190.13543546301042,110738100
193.2510986328125,193.72317812153088,192.4871929499584,192.75328364138,99714400
194.41839599609375,194.43556609303977,193.4399100213158,193.47425021520783,88005800
194.19525146484375,194.80466553044005,193.7746691887591,194.3239944590801,102016100
195.49130249023438,195.98913053789093,194.83898285724317,194.85615295459598,110477500
193.87771606445312,195.89476426659184,193.4399636012316,195.1909472602173,142501800
194.6759033203125,195.53422484677,193.88624908760528,194.11799956689399,124972600
194.29515075683594,195.19307389517814,193.97570417303768,195.1326309338425,156420200
194.71824645996094,195.14130774183513,194.32972778329568,194.47650092007393,90341100
195.46939086914062,195.61617718563676,195.02044237752733,195.25354568789194,89838800
194.9254913330078,195.51258396675533,194.9254913330078,195.3399104376617,67909000
194.58877563476562,194.8995932604574,194.19161465643603,194.77872047125206,56219100
194.87364196777344,194.882271031124,194.4419516656797,194.6318832783898,36697800
195.35711669921875,195.75426436649033,195.1240002667776,195.14127156618028,42672500
193.74264526367188,195.63345131390588,193.6304147186624,195.61619318337856,64095000
193.69940185546875,194.16562148410398,193.25906941127693,193.81163235128224,48696100
192.99148559570312,194.11388313342871,192.30077840524552,194.02753979431756,108998300
194.46792602539062,194.97731761389176,193.2937274299446,194.2952392995314,91366500
195.6248016357422,195.77157477463183,194.7873212983205,194.79595036267494,78744400
195.46939086914062,195.62480625019472,194.67508218304283,195.35716033330948,78379000
196.168701171875,196.63492087370182,195.03766158158038,195.5815955454964,71559900
195.5211944580078,196.04785719941958,195.48665185331058,195.90971312891796,46939700
195.5211944580078,196.37593289918138,195.13266261295402,195.53845258621277,63771900
196.0737762451172,196.0737762451172,194.77006286354137,195.43486973878854,74650000
195.58163452148438,195.77157933485879,194.2261336341972,195.5557341536737,72113200
196.0305938720703,196.33276921767424,195.71977628786865,195.75430571982696,62717900
195.33990478515625,195.7974955523788,194.9513860624016,195.3917055249708,61240800
195.77154541015625,195.81471707374104,195.03766665164105,195.59022969275696,54793300
195.0463409423828,195.98742276213324,194.6146505838759,195.8492786856164,66608800
195.76292419433594,196.25504429133156,195.09811743607892,195.72838159242662,129168600
195.25355529785156,195.82338976618874,194.49378918088036,195.76295996301994,75061600
196.50543212890625,196.91985113299535,195.35713433657327,195.46936485746957,95555300
198.20632934570312,198.20632934570312,197.29113466482252,197.4551791186987,84437700
197.99911499023438,198.32720390092243,197.72282681825598,198.05954479401393,59970700
197.68824768066406,198.22353941160668,197.50693196662186,198.07676629744958,59711100
196.46224975585938,197.02344185218226,195.47799644095304,196.99754148922224,79737300
196.4450225830078,196.50546555958636,195.40033924457632,195.97016053183677,75880800
196.52272033691406,197.36020071083536,195.93562775576842,196.4450192319056,79117700
196.6522216796875,196.93713888571978,195.83201266640026,196.52270667286717,69657600
198.0077667236328,198.18908250401918,197.24800051200293,197.55881815398908,80563200
197.65371704101562,197.99907719005563,197.3169991295408,197.6019163121953,57790100
197.6623992919922,198.2840345119611,197.47245446510473,198.0422889457671,57931200
197.92138671875,198.05088854775087,197.11843585651454,197.66236988660492,51566200
199.0955810546875,199.39775637450677,197.92138285613618,197.92138285613618,65955200
199.8813018798828,200.10578933911893,199.1128934271325,199.44098237577197,66015900
200.9691162109375,201.22813303898968,200.34748109326944,200.37338145866036,55182100
201.77207946777344,201.7807217067615,200.44247890394354,200.78782593570213,71109000
202.8253936767578,203.0153384858259,201.50442225178497,201.55622298623192,86785800
202.6527099609375,203.0325995599349,201.90157300101112,202.85128382436127,84722400
202.97213745117188,202.97213745117188,201.97061281627794,201.9878841166429,77204100
204.18089294433594,204.35356643805537,203.33477042906745,203.34341266694642,88946100
203.9995880126953,204.22406224900018,203.61106933772223,203.77511377639047,62115200
204.13768005371094,204.53482769165115,203.37790102580385,204.51756956766448,74615900
204.396728515625,204.4398870064227,203.24843073375635,203.29160239869657,82381600
204.71615600585938,204.88882947535308,204.0599915521268,204.31036610677148,56515400
204.16357421875,204.57799314224226,203.77505565459222,204.33624767236012,96961900
207.02142333984375,207.48765629569718,205.80405339018023,205.82132469295286,149158200
205.71768188476562,206.84007920484513,205.66588116100127,206.8314369681235,70246000
205.84727478027344,206.0113192608768,205.25153984509168,205.63142955298423,81974300
205.23422241210938,205.5881984702343,204.62984541100997,205.05290667695087,55391500
204.62118530273438,205.28599199859568,204.41396923315463,204.9320028200333,65103700
204.2412872314453,205.1737397443952,204.10314319082886,204.91472296177454,78168800
204.5003662109375,204.82845511365156,203.53338398080533,204.36222212830583,90683900
205.21697998046875,205.50189721914714,204.26725585154074,205.45872554526036,81991700
205.320556640625,205.36372830929346,204.82843650540687,205.1565122041711,57256800
204.53489685058594,204.8284563214455,203.92190388827856,204.77664240954445,59880800
206.30479431152344,206.72785555349793,204.87157933583111,205.1046957895022,96081800
205.89901733398438,206.52065246681713,205.57094163964848,206.4429513687489,78344000
205.53736877441406,206.35247922221888,205.53736877441406,206.161708128841,89002100
205.31199645996094,205.82360402785622,204.92178752226891,205.53744727849318,52537000
202.6758270263672,206.0403211557688,202.54576183330434,205.91892256509212,131809300
203.1527862548828,203.4389429554005,202.086211812194,202.7105512985133,97569200
202.93600463867188,204.07195161988832,202.56314220179587,203.15278881772713,100410300
202.7886199951172,203.81183510544602,202.00820213915307,203.2395348524194,112504900
202.5804901123047,202.84063379234286,200.8375499495262,201.1150268384983,87454500
204.05465698242188,204.47954558555017,202.164291703388,202.2770237318712,93483900
204.24534606933594,204.47947665285002,203.542967550248,203.7684315312076,61950400
204.89573669433594,205.09518767334725,204.01126673659485,204.18469144018388,56737900
204.4188690185547,205.08655494230038,204.36682968721445,204.557600874416,73733100
204.06329345703125,204.67028653720263,202.83196085683875,204.47084878902993,85546500
204.19338989257812,204.28010887362666,203.39562554647517,203.7771678927546,56466200
203.58636474609375,205.84959218884566,203.37824716313773,204.86972342901407,108800600
204.15866088867188,204.67893495482306,203.28284437874893,203.72509255115142,69135800
203.95053100585938,204.6442429502869,203.46493661419655,203.90717152843487,74412300
204.07199096679688,204.8697553117615,203.54303693865677,204.08933740927358,67615300
203.82916259765625,203.93321477372265,202.33768632723948,203.69041754192986,88045300
202.93600463867188,203.7424486651146,202.7105538557787,203.55167752902952,81864400
201.6179656982422,203.33490603007775,201.6179656982422,202.59783448274314,92880400
203.4042510986328,203.4042510986328,201.9387880376458,202.13822576308058,68405400
202.7972412109375,203.3348749236641,202.11220908904167,202.66717600787345,83225800
202.42440795898438,203.73377970706045,202.19894393259753,203.3609172502775,68699900
204.07199096679688,204.51423924547097,202.71925954570645,203.04009595850235,92572200
203.421630859375,204.04597045109915,203.0227553172202,203.99394435703186,110389800
205.65878295898438,205.86690050339837,203.39555593536755,205.6674495615396,119209900
206.85548400878906,207.2023334323872,206.2137980205294,206.3005169921576,76698300
206.72535705566406,207.70522563307475,206.68201081147592,206.82074260949568,84702500
206.8988494873047,207.2023394338791,206.36121566426073,207.04626115817643,57410300
206.44793701171875,207.1849953745508,206.31785854901338,207.1589823283013,63532800
206.9681854248047,207.39308717979222,206.55196350512594,206.9681854248047,66882500
207.04617309570312,207.22826433990778,206.63861790721367,207.10686576662064,57375700
206.79476928710938,207.1416319274124,206.11840367783955,207.04624635526116,73137700
207.0375213623047,207.17626638816398,206.18773123396085,207.09822727291336,61462700
207.85269165039062,207.8700380914772,206.9682083953838,207.41045663861607,62001300
207.8179931640625,208.04344395192322,207.39309140042783,207.8960322946924,48385700
207.627197265625,208.27754973957022,207.28033467398123,208.07811201903442,51363200
208.00009155273438,208.00009155273438,207.3757520235191,207.58386961040986,54293800
207.57518005371094,207.7399381378494,206.49125921749004,207.54916701215808,62358300
207.2283477783203,207.61855669018183,206.95953748862587,207.3237333551271,53912700
208.37298583984375,208.49438446850093,207.63591423134488,207.65326067299824,61918900
208.1821746826172,208.6937821457131,207.79196582485682,208.66776910395944,51241800
204.4882049560547,208.1822029323497,204.42749902942148,208.1822029323497,172174100
205.31199645996094,206.16178687138375,204.1500230206345,204.4101667229153,107047700
206.6473388671875,207.3150378116319,205.74552254718085,205.7975486306391,115011400
207.69659423828125,207.8613523347789,207.08960117075563,207.15896046579584,61010600
208.15615844726562,208.32091653014805,207.68789723997293,208.06943948844685,48341700
208.64175415039062,208.7458063164518,208.05209433598128,208.39029033859103,46927700
209.63897705078125,209.91646716338164,208.94527823219389,209.15338258518736,64071700
209.5956268310547,209.76037169690403,209.37016281097016,209.44820194186562,46629900
209.41351318359375,209.66497700491354,209.11868988095512,209.2747681359558,35201900
209.36148071289062,209.74302296652962,208.6677687273157,209.7083300899503,91796000
211.02635192871094,211.0436983645666,209.53487600001444,209.8210326500909,68962000
211.72879028320312,211.88488178712976,210.7836143493645,211.0784376850001,88666100
211.5727081298828,211.8415184151761,211.373257143443,211.55536168944082,44698800
210.89633178710938,211.5640175484556,210.81827942481334,211.00905056561416,50375400
211.2864990234375,211.51194976746223,210.56677408528236,211.2344729464667,54144300
211.39059448242188,211.86752233811313,210.86164053910187,211.38192787830263,65950700
211.0697479248047,212.45715870988985,209.80372251735164,211.65939453138827,132256400
211.02635192871094,211.07837800482417,210.17656181213624,210.826914226459,86108100
212.05833435058594,212.11036044824172,211.21721048792622,211.56405995993757,60067000
211.7895050048828,212.33579221266734,210.96571442778435,212.32712560765611,78602300
211.38194274902344,211.50334137251647,210.15927667790672,210.43675357526607,66464900
211.4281005859375,211.59366213965603,210.54802631656844,211.5413823428988,84553100
213.18829345703125,213.24928213013328,212.16007521918544,212.25592595918818,65123800
211.75048828125,212.83969496548008,211.73307054740792,212.83098609855904,56906400
211.69821166992188,212.25588496879118,211.22768022549286,212.14261651319507,55977600
211.60235595703125,212.2036001689382,211.42808554824168,211.70692883908893,44148100
211.85507202148438,212.18618182919283,211.27996767170237,211.66337057155704,66986800
211.99452209472656,212.94432066389356,211.78540286891484,212.5260556203035,56700500
210.28662109375,212.0729228867936,210.26919006225233,211.7766485352585,82247700
212.16879272460938,212.36920306894754,211.07086367305584,211.3061360835291,70042600
210.3040313720703,212.36916298537918,209.09283407414108,212.31688319202655,106949700
210.6961669921875,211.48911273716445,210.50446553085283,211.11441868238066,86820700
211.05340576171875,212.07290161839734,211.05340576171875,211.63721894651863,39153800
211.54136657714844,211.7504857485922,210.60899928452872,211.41937596181293,54427600
209.60696411132812,210.89658126955553,209.42397151445326,210.7745906369662,65400800
210.96624755859375,211.11437806003448,209.61562872124975,210.18202412838315,57972300
211.1928253173828,211.56751934898887,210.66129189764914,210.96627510253822,36663300
211.0360107421875,211.34970285130638,209.86838417334928,211.1928501487558,50354600
212.62185668945312,212.78741823519627,212.00319472965325,212.00319472965325,59610400
212.97914123535156,213.092422998322,212.40403684855306,212.63060037449395,39471600
213.97250366210938,214.32976669747507,212.88329681963978,212.97914755361637,60262700
213.94638061523438,214.27750377614365,213.77211016590743,213.8941008100346,33531900
214.0596466064453,214.11192640779015,213.19698999630938,213.53682200103287,42742500
215.21849060058594,215.2271994658343,214.36454315105902,214.37326531228484,51034300
215.3144073486328,215.5932373778615,214.76544286211356,215.4712467470774,47135200
215.1226806640625,215.14882056073847,214.51271428567716,214.739277784842,82340800
215.07040405273438,215.20981240507535,214.59985931364557,215.04425085969152,46622300
215.59323120117188,215.9243543163771,215.3666809779153,215.81978142442844,54915600
215.60195922851562,215.91565134027576,215.34056021536747,215.88080257051678,47575400
215.4014892578125,216.0985841238594,214.07701034192127,216.06373536374747,70766600
215.1488037109375,215.27950318408122,214.46913985863216,214.9222402295164,50088400
215.02687072753906,215.64553279418223,214.8177382184862,215.54968205619747,65838700
215.5061492919922,215.66298871989792,214.98332460700487,215.62813994569134,55050400
215.61068725585938,215.75010893065112,214.67831976367006,215.63682715788497,47211200
215.19241333007812,215.52352315357572,214.91357000925768,215.49738325424647,40856000
215.58453369140625,215.91564352807455,215.20113075801802,215.6803844247533,60191800
215.98533630371094,215.98533630371094,215.54965360600968,215.6542264947249,31995000
215.4538116455078,216.8915725839997,215.07913089231317,215.6716530032204,61719400
215.44508361816406,215.4973634120088,214.4081567203093,214.76541970622196,62632600
212.404052734375,214.73931922391805,212.35177293093446,214.6086064193342,120479500
212.7177276611328,213.31026307620152,212.3953267019813,212.6305990944337,74869900
214.82643127441406,215.04427263598282,213.96378799202998,213.9986367596491,73291900
214.80027770996094,215.22725153802665,214.49530780075457,215.20982050733522,55242700
215.17501831054688,215.7239828802993,214.74804439007457,215.3231488635311,56715500
211.8201904296875,214.87869118317516,211.8201904296875,214.5649991391246,128490400
211.4890594482422,212.77867625738205,211.04465467440602,211.6546076722439,136748000
211.65472412109375,211.91613649141414,210.7223697319998,211.428173824675,65469700
213.867919921875,214.0247593074177,212.22103989377436,212.23847092416148,63140100
213.10113525390625,213.52810911682874,212.75259438750788,212.90072492052627,50203800
212.60446166992188,213.64137539039606,212.39532917464268,213.4845359909229,50741700
213.10113525390625,214.01607164817918,212.95300472088786,213.39739631994303,64445900
213.10983276367188,213.65878389994307,212.691567817204,213.63264400278635,40565600
213.35382080078125,213.61521978067924,211.6807875535501,211.79406930882632,51135700
214.36456298828125,214.6346973877078,213.15336580780374,213.33635836277287,62030800
215.65423583984375,215.89821709745064,214.3994674887333,214.98328073343416,103803900
215.95919799804688,216.38617183149577,215.81106747525382,216.02890882571083,62007000
214.4081573486328,215.68035661849729,213.44094127173,215.45379311653255,91398800
215.14013671875,215.47125986359848,214.5563234290314,215.087856916086,57916900
215.11398315429688,215.4625373098888,214.7044403314648,215.44510627811383,58034700
214.86126708984375,215.3230896562732,214.61728585837085,214.82640503050195,63832800
217.15296936035156,217.23138905249075,216.11604244435443,216.13346017862068,71364800
217.88490295410156,217.91975171699505,217.33593854267625,217.51893111181127,56896000
217.98947143554688,218.0243334958429,217.4840779290966,217.5973596810883,59228000
217.91978454589844,218.12020817466322,217.4928239802294,217.6670944129095,95446300
218.21315002441406,218.30071098989268,217.67022660776115,217.775305111122,95432400
218.67723083496094,219.02750136678264,218.2919252327785,218.58090443441534,46235200
218.89617919921875,218.98375352353474,218.57217825078814,218.92244882412038,47108100
218.97494506835938,219.08878899521864,217.97665943225823,218.983710516249,59574100
218.38827514648438,218.9049289132353,218.21313986171728,218.81736795183463,48211400
218.4320068359375,218.59838999090016,218.06421882273906,218.09048844068448,51214000
217.98545837402344,218.528395143318,217.24113005139031,218.17811120152052,57064400
218.1167755126953,218.65969880962976,217.8803355703037,218.41450678121012,54082000
218.96620178222656,219.35150736988413,217.9328810369664,218.81733614371592,81001400
219.2289276123047,219.3077364805443,218.5984299424583,218.68599089762515,44778800
219.99952697753906,220.07834920827898,219.03627629237042,219.22016365284554,85578000
220.9540557861328,220.9540557861328,220.05208300305776,220.22723165186667,59023000
221.4269561767578,221.45322580569356,220.8752672451714,220.95408949394655,66810200
221.68959045410156,221.93478248211568,221.16417133009227,221.27801525808573,55953600
223.003173828125,223.02067800399251,221.7246608055824,222.02239213892577,63522800
222.7492218017578,223.0382010543097,222.29387270255486,222.55656896672323,80646000
222.3814239501953,223.03819130584384,222.11871433554268,222.97689996753897,35803100
222.96812438964844,223.3446779380046,222.4076834727646,222.95062021490847,43057400
223.3184356689453,223.3184356689453,222.70545542882473,222.8718252810262,47674300
222.9856414794922,223.3534295777759,222.74920150132218,223.0031590161625,47065100
223.25709533691406,223.53732246594643,222.98563365689205,223.42347852453142,54800400
223.5548553466797,223.74750818213673,223.14329341125787,223.4848119173923,38221700
223.7124786376953,223.75626580094243,223.28338581701962,223.50230827128894,31561000
223.93138122558594,224.13278612429528,223.7387284139631,224.0889989649328,40888300
223.99267578125,224.02771085402995,222.73169376244084,223.1520211020439,61903800
225.14857482910156,225.17487117611148,223.97516715360754,224.78956555498408,89176400
224.2729034423828,225.49889055023027,224.19409456669527,225.47262092500108,63915300
224.66696166992188,224.9033882834358,224.30792566307667,224.70199674286374,66935900
223.5548553466797,224.44806273271078,222.42522132237863,224.3342187766771,103715300
223.84381103515625,224.43927365517973,223.72121500385936,224.16782533084222,69798000
225.67401123046875,225.8316557049051,223.8525882021322,224.58816442841805,85562500
224.83335876464844,225.57770044809095,224.53562743605787,224.5881666867543,54285700
225.18360900878906,225.43756651350975,224.88587770708503,225.209878631765,60304800
225.48133850097656,226.30448897952348,225.11356378226472,225.96298388357675,54202700
225.5688934326172,225.70900698329962,224.34293326905495,225.41127570957218,56449500
226.322021484375,226.36579528131784,225.31495691539166,225.72653215758763,59589700
226.6723175048828,226.80366563440188,226.12062863696988,226.1906720647358,49652600
226.51467895507812,227.1101415701888,226.00676393565465,226.77737519000038,57502200
226.8999481201172,226.9962878847408,226.05929348051524,226.33952060169227,50469600
226.0768280029297,226.2694808113367,224.49180501507703,225.69152238611562,95085500
226.00672912597656,226.18187773823513,225.37623153534238,225.69149369262257,59984700
226.21688842773438,226.44457628124673,225.28865956577454,225.32369463337486,50228600
225.69155883789062,225.7966373460059,224.63195485854894,225.41133166696056,61315200
224.56187438964844,225.24491130367502,223.85256785292583,224.7194921258247,80811500
226.4708251953125,226.8386265616725,225.4637875662677,225.50756135382113,67777000
225.80535888671875,226.4446220610121,225.7265500116303,226.12062111100445,75756800
226.1906280517578,226.383280845543,225.80532246418747,226.05054122348457,48075500
227.6705780029297,227.8544920984872,226.15565178250472,226.9612714170117,69176800
227.4691619873047,227.81066706930315,227.30277880861132,227.6793189608422,45033400
227.9945526123047,228.09965782216804,227.81943071038896,227.9595442662785,27856500
227.8807373046875,228.3360863221846,227.67931905567784,228.0383550349063,52274900
230.19253540039062,230.2188050210911,228.248503296773,228.34484305529307,98971700
230.05242919921875,230.8580754663208,229.6058456330416,230.32389086310647,77512100
232.06654357910156,232.97724165581693,230.89312254939045,230.97193141811024,127894400
231.58493041992188,232.32927213776017,228.3448940068808,231.8476534094766,164390900
231.30470275878906,233.6340139703488,231.25213678791715,233.20493454568205,94040600
230.47280883789062,232.1891534245384,230.34146070798212,230.47280883789062,77994500
230.51661682128906,230.94572307452924,230.0525022108374,230.56915608104308,75898600
231.24342346191406,231.55865897818853,230.2538896626083,231.24342346191406,77218600
232.5043182373047,232.5130569596817,231.208288209421,232.19782157998984,76563900
233.20489501953125,233.26619970521597,232.47808441073974,233.20489501953125,83077500
233.61651611328125,234.08939607247345,233.23997592537404,233.99305630118846,85195800
233.59033203125,234.29963886782514,233.5027576772655,233.8617938218434,102905400
232.63577270507812,234.00184675634205,232.58323345110134,233.8880027980811,100666700
234.57293701171875,235.0394236940825,233.5871558611027,233.63996364699128,144610300
236.06053161621094,236.4125926436148,235.8668940220586,235.9725096442263,83653600
235.15394592285156,236.35095870776016,235.0835176057788,236.3069611549893,82382900
235.03070068359375,236.17490561659116,234.73144749897182,236.12209781110093,76751500
235.51473999023438,236.2276989607024,235.26829465421193,235.6555697337511,67032300
235.45314025878906,235.56756610002768,234.91622520232934,235.53235195029438,78720900
235.17149353027344,235.3915349721139,234.90745454427588,235.04825742978952,45244400
235.2859649658203,235.64683622362304,235.0131156739141,235.33877277325166,57751000
235.76998901367188,235.8140134163414,235.4003344501955,235.7876095189502,45116100
234.8810272216797,236.36850953912682,234.68741653613384,236.35091589331208,96007400
236.56214904785156,236.59736320030115,235.35632621660366,235.74360131196434,86655700
238.05844116210938,238.20808116432923,236.72938223016916,236.72938223016916,90070400
239.06182861328125,239.54593593694952,238.12007158752897,238.70098425961316,80636400
240.6549072265625,240.77811645182302,239.36106262844297,239.8539532505338,83524000
241.09500122070312,241.25342460074083,240.26764331091647,240.55808617431893,57319200
241.64076232910156,242.26567261945058,241.23586666107144,241.51752620564912,57254000
241.27110290527344,241.53516882518736,240.21491980722283,240.88382771116105,69574300
243.03138732910156,243.03138732910156,241.65833076818808,241.825564426552,62361500
244.61566162109375,244.78286839135657,242.99613310603738,243.2954130794138,90816100
243.77957153320312,246.52568508160715,243.08423289096814,245.87437085450807,106555100
246.10313415527344,246.49040923677632,243.77951052678327,244.71248407935101,113258800
245.68951416015625,246.41122976047913,245.19659656063544,245.98876733307662,100728000
246.80731201171875,246.80731201171878,245.68951103937377,246.27039686967373,140920100
248.81410217285156,248.81410217285156,246.54325909295474,246.59609375901607,91322400
249.34214782714844,249.63259068853083,248.53238356726726,248.85804057747723,97084700
249.24539184570312,250.58326130498125,248.06597267433622,249.98472803399878,134816100
249.35093688964844,250.20469870958607,248.558793116429,250.10789337376553,84587300
252.2379150390625,252.2819394474555,249.93188483201155,250.18714044699553,107743100
250.5656280517578,252.10591841417175,250.40720463243727,251.66583545348206,90118300
247.9955596923828,250.61843695887197,247.52026257180148,248.73489584632466,131796400
248.11880493164062,249.35103203354984,247.04500127271908,248.84935779742213,108364800
247.8371124267578,249.13976768175868,247.04496845650746,247.38824606458448,90102500
242.44168090820312,246.64887236739563,242.40646675517465,246.51682600867105,173174800
232.30218505859375,242.79377465444557,231.75648648531626,240.68138181637397,294681800
236.87904357910156,237.38074456875086,227.69892005236255,228.79031712974927,355026800
235.593994140625,239.72194707712518,235.5147555804733,236.32451994416607,167376100
226.7571258544922,236.03408117347925,226.72191170053435,235.89325141817721,246449500
230.16336059570312,232.02049757208297,222.6115362922506,229.54723378106326,283565300
233.54319763183594,235.0130863835661,230.3041938305799,232.2141386358816,143736000
234.1240997314453,234.66979822260853,231.75645161163467,232.33736425528434,81223600
237.28390502929688,237.64477624611936,232.62782022560052,232.63663047934952,120735700
240.31173706054688,240.32054731647358,236.5622210687171,239.02670214045742,111200300
240.38206481933594,242.32725054515024,239.64272878267326,239.68675318827144,160420100
238.87704467773438,240.87503866881957,238.0849006576347,239.43155354996446,86369700
237.68878173828125,241.79916815751923,237.5919763859256,239.31709396501657,98883700
237.99681091308594,240.3292447538347,237.32790321531238,238.6129376757864,110511300
241.7904052734375,241.7904052734375,238.74503829666784,239.2203354791117,92766400
244.59811401367188,244.6949462363937,242.27448985528216,242.86418600441795,86491400
241.54393005371094,245.49589334997782,241.48231199199887,244.78293423401286,99099200
239.0970001220703,243.0929598055188,238.78015337228064,242.6440667161254,121907800
235.62042236328125,240.43493091456583,234.12412958786794,238.88583033395267,176855100
236.83489990234375,237.3982186653987,233.08541347026275,233.94795839297973,139083200
239.57232666015625,240.18845345256145,235.54115233150563,235.6467947883253,97307400
240.17970275878906,240.62859601487241,238.68340981220095,240.54935743747617,79213200
240.09156799316406,240.44362885622,237.82075259500968,238.01439009876876,87063500
241.2535400390625,241.37674932898264,239.77486739679026,240.7694325543818,66901200
245.45187377929688,245.45187377929688,242.3448890552754,242.66176276423687,113625300
245.14378356933594,246.36722699736953,244.75650844539223,245.7423167630409,71924800
243.55946350097656,246.80727721513375,242.95214699439256,246.30557629916845,91968900
242.3096466064453,244.70369878146147,241.7551646864321,244.5188714747904,105895100
242.0455322265625,243.46258590400217,241.54383140414953,242.82008222737093,83433000
242.30810546875,243.35970001376637,242.25508616127956,242.57320200610218,100343700
239.029541015625,242.4847756433966,237.3770433606268,241.5569109929973,109208400
239.43609619140625,240.0723548139247,238.75563683636938,239.42725065128056,59757300
238.9765625,241.48624182819262,238.76448527928557,239.39189836930612,78709600
233.0028076171875,237.5979844347918,232.72883860854253,236.74964866306775,148785900
228.0364532470703,233.77162621271538,227.8420401470805,233.4446648554846,183534800
234.2752685546875,234.55805609934146,229.23824688504877,231.6418870783982,141956100
230.2898712158203,235.7422293758554,228.73456648530788,235.21203637055171,129941400
229.60940551757812,232.09260187443158,228.50479184044528,230.42241304991515,146452300
232.5432891845703,234.40789128155768,229.61827403229532,230.7493974721348,111601600
227.5238800048828,232.52557335921296,225.04954297400147,232.01301757358857,186286300
230.44009399414062,230.91729468859214,226.96719481188146,228.76108647586676,119956900
232.90560913085938,233.6125511780007,226.7551270227763,226.8876752856015,123715300
234.74366760253906,235.6273585175287,233.57718912240716,234.66411168825624,82652600
229.51223754882812,234.27531822190647,227.992287884209,232.78190517782255,179521200
230.64332580566406,234.03669563881604,229.7066156054344,230.97028712505096,105442900
234.31072998046875,235.09722813913027,232.39313506654108,233.53307736412106,103529000
233.08230590820312,234.74364901170844,232.75534461044813,232.82602801208256,91140200
234.99989318847656,235.94544883781194,234.23108649030613,234.40783544147104,68890500
234.31072998046875,236.42276501660015,233.30333597701238,236.30788083898742,85079200
236.2371063232422,237.0059401567355,235.1236739866664,235.94550015531053,63405300
238.76443481445312,239.3653381248785,237.49191782290248,238.00444665400536,64682000
238.94122314453125,239.74535822498413,238.48168656357623,239.20631965807513,57303900
237.61570739746094,238.49055293668692,236.5817769681026,238.28729427980818,77655900
235.60089111328125,237.76594527827746,234.71719993868925,237.54502248462947,99953100
235.5654754638672,236.73195385379043,234.4873715522299,236.17522430550414,65558000
232.3931121826172,236.81156800576144,230.89082641550246,236.59064521460422,112885500
232.9674072265625,233.40925262145623,230.5107479096775,232.33114877919144,103840900
235.33572387695312,236.16639548906852,233.55067794884684,233.9925234034569,67731900
235.55665588378906,236.2459337414099,234.61994564056346,235.94548205661184,57053600
233.74510192871094,236.73198165607022,233.67439155053606,236.17525204240047,82182300
234.16046142578125,234.26650003565555,231.6242454884394,233.17955034822333,74203400
232.58750915527344,234.7790458316721,232.19868291240678,233.96606511885076,86368900
232.07498168945312,232.72890455627947,228.92019759150364,231.75686579795348,136311500
235.0794677734375,235.75992709625967,230.77589696113725,231.1028583129879,91222100
235.874755859375,236.84679414699679,235.15894151389875,235.84824621458716,55304900
235.874755859375,236.23704534877436,234.31060591258597,235.50359386424296,67499200
238.15469360351562,238.48165491620054,236.0249953336343,236.54636971982185,59666100
240.38162231445312,240.70861064610264,238.790989260651,238.89702786848983,72063900
241.11508178710938,241.38017828562056,239.99277701782748,240.505332872426,59871500
241.22996520996094,242.20200368035574,240.68205416781768,241.5480810072303,54790600
239.56863403320312,240.01929810214165,238.62307819662107,240.00163399076862,87036100
240.5759735107422,241.03550998393763,239.57739859704026,239.60393521028112,53942600
240.37278747558594,241.45089152917097,239.59513511324812,240.31092263582997,56536400
239.7718505859375,240.39044503041083,239.4183796039987,240.0281285092887,64368000
241.57456970214844,242.1136351582383,240.86762779080024,241.25645393247333,58025900
240.90298461914062,242.35225076806103,240.57602327210842,242.09597283331613,52966400
241.56578063964844,241.59231726143065,239.47143709533174,239.63052198546725,64694200
241.07089233398438,241.44205441736767,239.28584623493438,241.16811236672407,76043800
240.49652099609375,241.12393410912944,239.99281061030905,240.49652099609375,56374800
237.7305145263672,239.6304715224005,236.61708233856234,238.870483330366,115908600
240.90298461914062,241.34483010823462,238.96772618756867,239.03840959985598,69678400
239.42727661132812,240.79698707381905,238.82637311604907,240.49653532617953,93519900
241.7777862548828,242.07823786334828,240.6554817815053,240.7261921412034,71258400
242.92666625976562,243.18294421745537,242.36111800650752,242.5997048834602,45385200
243.1033477783203,243.48332835514094,242.2903403653031,243.05914705685763,51135000
245.1357421875,245.24178073385127,243.0944192659555,243.7130134104635,62732200
245.10931396484375,245.91347583257166,244.19911351554344,245.62186973324768,72969400
245.8339385986328,245.88695788762942,244.48189279301522,244.6497961975385,72139700
246.16094970703125,246.87673722150333,245.9400269687841,246.05491110756986,58892500
246.4790496826172,246.84133917851108,245.83394569041246,246.57624272588066,72329000
245.69264221191406,246.9740051294021,245.48938354480316,246.7177271522819,79070600
246.31118774414062,246.84138073866893,245.71910294277393,246.55862013095637,77097600
245.9969482421875,246.3342630036423,244.41691627211264,245.52649004573834,120041600
245.4909210205078,245.61520625808635,244.06180332353912,244.5411195819773,52917600
244.5501251220703,244.77203993615566,242.8014353035092,243.21863623755814,97531500
244.96725463867188,245.63299888683773,244.62993988532875,245.2335415022571,53785500
243.43167114257812,244.97621670323363,242.93458411523488,244.95844618062125,71061400
243.87542724609375,244.80748545823238,243.65351249404213,244.69208545289305,54898500
240.5555877685547,242.88125000237676,238.86904109502896,242.72147788460333,137854200
241.08815002441406,241.9402949387843,240.36914852022696,241.12366396352903,68547400
239.0910186767578,243.1032286385101,238.94010468862106,241.6741102830726,105110700
240.4579620361328,241.2213357813261,238.3275587424145,239.03770220338833,76650500
240.80418395996094,242.91681716626175,240.68878393099698,241.549814428795,97592500
241.31900024414062,241.4787994767716,238.99333763694744,239.23302294129033,63554800
240.4668426513672,242.31318873303871,240.0407836242166,242.2155321465129,42187100
242.42860412597656,242.49074677472336,240.52014216134668,241.59422935524847,56925900
244.4791259765625,244.85192769682322,242.07354987115676,242.45526394180013,66493700
246.68048095703125,246.7337383407492,245.43776352159904,245.48213564496118,50550400
247.5680389404297,247.66569549679943,246.8401522082092,247.13309478812107,51966800
245.7572784423828,246.804736738426,245.45547760766024,246.01470715904813,77054700
247.98532104492188,248.03857842434638,246.41417417348606,247.0177758664348,60124700
248.1805877685547,248.4823885914814,247.35507136267833,247.80778614167045,48216000
247.95872497558594,248.3670406346256,247.51489536252248,248.22503899694988,48201000
248.96180725097656,249.35237951371616,247.13323124324685,247.18648863460115,52315500
249.48548889160156,249.59200365975133,248.59782970474203,249.0416592981718,44593500
248.54454040527344,249.20139945065603,248.06519692094298,248.81971255072858,61412100
248.2604522705078,248.97059569442908,248.10068015857618,248.34033832647364,82337700
248.72206115722656,248.92620538892325,247.71011690042437,248.05631691118387,47047600
249.97361755371094,250.8169043704597,249.10372914190762,250.13341674844273,68026900
252.10398864746094,252.42353281795852,249.68067033106541,249.72504243612434,78882900
251.5093231201172,252.19281086678743,251.28740834778463,251.38506493399785,57919500
249.8050079345703,251.93538411873658,248.88183498872385,251.83772754225907,76768700
248.50015258789062,250.04467060857164,247.97640992948166,249.88489848695707,63742500
249.72503662109375,250.33752335614912,248.88177702022958,249.26346380027957,68570500
249.30795288085938,250.43529741539075,248.65997899422945,249.92932516394953,53853300
250.66603088378906,250.8346611669265,247.79888264321872,248.00305395952506,63426400
251.74012756347656,251.79338494263322,250.61278316317959,250.7903258198392,53935400
252.6632843017578,252.97394329704213,251.38505310612766,251.77562525419268,39400900
253.49758911132812,253.87930298451292,253.19578836892862,253.32895886077281,43196600
253.39111328125,253.79057063969998,252.92954038482864,253.32899774327862,42114600
253.04501342773438,253.84390128604824,252.91186996621687,253.453329072791,35717000
251.3495635986328,252.14845140127855,250.63942003800895,251.6069923324344,77076000
250.40859985351562,252.23717515726742,250.11565722463394,251.62468830328046,65732900
252.0064239501953,252.2461092546333,250.74596314374196,251.13653533173775,43842000
250.12452697753906,250.79915641876548,248.6865238753039,250.6571277422336,102925400
252.14845275878906,253.0183684667841,251.52708052604874,251.56259447657288,69967900
253.03610229492188,253.47993184740568,251.5359562403902,251.94427184369758,65618500
253.57765197753906,253.84393894007383,253.03616570143453,253.4888806269565,39807500
254.17222595214844,255.0332561002088,253.6129965553714,254.09233990820854,67272000
254.02142333984375,254.54513897210413,253.49768061837668,253.76399460900163,44993300
253.6840362548828,254.70483853839855,253.36446497503155,253.843808350209,49204900
255.21090698242188,255.3529357060852,254.20784774538092,254.2611051306035,57487400
257.2257385253906,257.3322532357503,256.24930853177074,256.4090805973102,57072400
257.3501281738281,257.7939577065519,256.8885281227042,257.68741586376615,46943500
258.73492431640625,258.9656972975092,257.3235493793894,257.56320762141524,61485500
257.68743896484375,258.62835549143284,257.0927225076336,258.2555538204787,61229500
257.69635009765625,258.140179714729,256.7909474309434,257.27914917403945,66140800
257.2524719238281,257.6075301326266,256.24941284429883,257.2791006122579,57594400
256.5600891113281,257.10157520760544,255.54817190054018,256.897403877992,72452400
255.78781127929688,256.96838578660976,254.75812362647866,256.6665849884185,65909900
255.2907257080078,256.2671559948301,254.50069622028732,254.74038147976307,73524800
255.73460388183594,256.5690056413229,255.53931778729202,256.30269164555915,50210900
256.5778503417969,257.0216798888951,254.74041660460662,255.08658956495626,50530500
256.6400451660156,257.2436469713986,255.8500424979255,256.58678777667075,59810800
258.15789794921875,258.3443258744238,257.42115277604205,257.70521020465293,51034200
258.2023010253906,258.5484740117114,257.4211566296206,258.36207317292326,55079900
256.83526611328125,258.1844981163113,256.5600939750923,258.149011258561,68244000
258.2288513183594,258.82356760557764,257.0216211398096,257.0482498229806,61930400
258.5040588378906,258.92125965755014,258.15785882001853,258.28214408465055,49080600
260.598876953125,260.91844823003237,258.52175846542247,259.764502544375,100360600
260.3607482910156,261.45752075417266,260.2002529681599,261.3415983948364,105479700
259.4958801269531,259.92389496466234,258.9162954090201,259.7812233520926,53409600
259.25518798828125,260.05769215619654,259.0144449014566,259.95069522871887,44370000
258.47943115234375,260.58377660882445,258.0603417149148,259.3978577222201,79739700
259.20172119140625,260.28956877338703,258.6756347591469,258.95205259284523,59249500
259.2284851074219,259.7278223328228,258.541903225455,258.57755073309943,70091400
260.1291198730469,261.1991166816914,259.46036166320357,260.4679345080875,62078900
259.97747802734375,260.69080911051776,259.6029887328202,259.97747802734375,47258200
260.1200866699219,261.448677055501,259.7634212147403,261.0295876624094,64694600
258.0871276855469,259.69213623805473,256.49994288608053,259.6386377670936,111545900
256.64251708984375,258.8271097227561,255.21582824502414,258.30994896257005,105951700
256.64251708984375,256.99918249809207,254.57381962544665,255.95590828684374,87742200
256.2680358886719,257.5698770527391,255.70627486797824,256.2591376202274,74339000
248.15382385253906,255.8311808596394,247.7793345615603,255.75983142489545,214731000
242.68785095214844,248.68882246381915,241.07388981647085,247.06596305815177,274840500
246.0583953857422,247.07489349625513,242.8661749776503,246.78955019049047,183186500
244.6761932373047,247.03023386645313,244.58702008405044,245.70161647016408,102263700
250.02630615234375,250.4008225865687,246.1653554678994,246.63794334214083,118255800
250.07090759277344,250.6950653704905,247.49394715549715,250.06198211206146,110626000
246.45960998535156,249.73207777845568,245.18451792696698,249.13464199071754,134557500
246.3258819580078,249.04548714557046,245.63037467389387,247.11056242456397,139901600
245.22021484375,247.31563500155545,244.6852029518663,246.99464419352634,82415800
243.97183227539062,245.09535446998242,239.51344542298992,241.5999944163272,146352700
236.5797882080078,244.10554553856213,236.02695272834126,243.72210368268588,177806700
240.82415771484375,242.36676901273205,237.39122238530192,238.4166456867947,138061500
236.58871459960938,241.64453661942784,233.87803533115652,237.11482812759004,201574600
235.27796936035156,240.9758006122715,231.70236173875418,239.68285758734302,160749100
238.76441955566406,239.07651205137157,234.6181255750687,235.10856441456093,157116000
241.31468200683594,243.63304890912153,240.85991778191018,241.33250576026617,128296300
243.88267517089844,244.07884527191928,241.0917207748512,242.17956820563373,99495000
242.43821716308594,245.4164168536353,240.38734251300932,244.98840184214413,122634100
243.7756805419922,244.32851613775983,241.956651152827,242.92857618600445,65622500
245.3182373046875,245.47873267664912,243.65080522392796,243.71322916141185,60085900
250.5702667236328,250.6505144215999,247.06595397473305,247.49396890905808,102752100
250.11549377441406,250.75750254744202,248.97414786812354,249.76772655026718,65584900
247.67230224609375,248.99196727016925,246.26343683541072,248.80472265142413,98812600
243.04446411132812,247.40475152616438,242.52727608994468,247.16400847527626,99673600
242.58970642089844,245.50548118361553,241.86745003736456,243.50813288464084,98176600
240.93121337890625,244.86348626076756,239.37077812959166,244.4622478094711,125335900
243.4457550048828,243.90944467046296,238.08679231174762,239.66505152031465,135101400
244.07887268066406,244.98837386289333,241.8318281417608,242.34901628972628,126668000
239.95037841796875,243.76675635712672,239.03195184325043,243.47248759534176,103061700
235.5098419189453,238.0778773089809,234.6449137106602,236.61551324060773,136021300
236.3123016357422,238.21157858547755,236.30340336703676,237.06130728135892,75563700
234.73410034179688,236.13404053849402,234.57360492368625,234.67167638636354,42807900
238.523681640625,238.7466009692611,236.59765537578926,236.98999557113535,79981400
239.3261260986328,239.3261260986328,236.88293957384488,237.4892734656889,75502400
244.8367462158203,244.8367462158203,239.26376297348142,240.39621058389733,127629600
244.30174255371094,245.70165515408803,242.91962649023046,244.06097228083433,82346400
245.79087829589844,246.352639431055,243.82920427573268,244.15019508905894,98204200
249.04547119140625,250.02632171176697,247.4493883388265,249.91932478442453,103176300
240.97581481933594,248.64424582117104,240.66372229024648,248.21623087740545,177986000
240.6101837158203,240.7261061111731,234.0117775673874,237.11482416580566,204185400
235.01934814453125,241.84067276000542,234.18116946374604,240.27131230035198,161018900
235.4652862548828,236.437211473952,230.6056329476989,234.8411011140533,151445900
235.5187530517578,238.85361777799955,234.04749080264142,238.66637314566984,121504400
236.70462036132812,239.8611652482189,236.62437267926674,238.49690022951813,97976700
236.62435913085938,238.51471032050128,235.50976270188872,237.649782403147,96662700
232.25518798828125,235.42955700710894,231.70235241482038,234.47545576293268,116961100
227.69876098632812,232.41572885130083,226.0669895713144,231.3011320054651,165492300
227.44906616210938,230.0081894771695,225.84404416794135,229.33943144675922,134515100
224.04283142089844,231.30108403130993,222.33973813419806,227.52929289696613,214992800
220.3958740234375,224.36383524071718,218.14884344413474,222.79448810925254,252053400
215.88009643554688,223.96103454003133,215.2343385006495,221.2972864799225,255345600
210.17593383789062,216.0056837367362,210.11315903229698,214.3912887199813,147311600
220.79501342773438,220.79501342773438,209.6557098934448,211.6378306042303,218485400
222.4901123046875,222.68741427560954,214.31949514400904,217.55724826813972,186267300
222.20314025878906,225.47676328895756,221.03718764346476,223.84444057580092,153100200
224.14930725097656,224.39146982728232,221.95194360365346,223.82642837769134,144299400
224.38255310058594,225.30635670743422,220.58873557425875,220.61564101388458,126925200
219.0281219482422,222.9385380619332,218.5437967601723,222.633586997628,144140700
226.3646697998047,227.01042771007872,221.68293179300352,222.05962162643488,142628800
228.14950561523438,229.55760730039881,225.73688388659914,226.63376847357893,103139100
230.2930145263672,230.77733980190953,227.8086544085286,230.33787517212102,102512600
231.3692626953125,232.21233619521877,229.77280960690814,231.00153681805648,95006600
232.1854705810547,232.43659715362483,229.15399650240835,229.83563750113174,96823900
232.27508544921875,232.30199088102415,230.526150269665,231.1091195392715,73858100
230.8580322265625,231.6652226884312,229.97012545558084,230.37370700114573,70908200
233.5038604736328,233.81777548974284,231.22576641958676,231.23474402227959,85208300
234.06886291503906,234.95676956958087,233.72804251854234,233.93430838009064,77636700
235.84469604492188,236.70572470971874,233.1540430515914,233.1989036905895,96118400
238.9838409423828,239.4502384089013,235.88062817469122,237.6564693733523,127900300
235.75503540039062,237.72819215552116,234.14065432491404,237.512948644322,115531200
236.248291015625,237.48599569891365,233.78185925046566,236.78642705671606,86030300
236.37388610839844,236.95688289813074,235.05546487062307,236.06894867955302,59204100
238.3739013671875,239.19904694280078,236.47251108468166,238.22141899740802,96883400
236.56222534179688,236.62498644464915,234.7953620742769,236.2303825110158,85613700
236.248291015625,237.2707248600356,235.41419520583867,236.7057107561628,66136300
239.98837280273438,240.83144652896297,237.00175908333665,237.7641164788514,92473700
242.0959930419922,242.5803182688337,239.7102773173702,239.92554817971035,104012100
242.21266174316406,243.23512336250974,241.4233988869843,242.29337807562607,85782500
243.9166717529297,243.97946022939053,241.5847668579717,242.25743015243614,60744800
244.9390869140625,245.24402426556694,243.8448870665539,244.34714004205938,79552800
244.61624145507812,245.15437756693314,243.8808170519739,244.66110209733083,58347800
242.28445434570312,243.54903773002488,240.6252121193716,243.00195118213034,95482000
242.58026123046875,242.67890535067852,240.21247389664293,241.0376193716608,75788900
242.7148895263672,243.4951746958544,242.1857309329304,243.23509788652132,68021400
245.83604431152344,246.21272046990433,244.25751884966152,244.3292849365148,72270200
246.63429260253906,247.4773663339985,246.2486387853758,246.6701756511055,65277200
246.08718872070312,247.2172720192865,244.73288428324176,245.54905251324703,83234400
248.76881408691406,248.80469712563044,247.65668622335585,247.8629521118126,97088700
249.19932556152344,249.85403362878836,247.9616207621204,247.97059836438055,59120800
249.7016143798828,250.15903422884998,248.66122508601669,249.16347821122895,76610800
248.8136444091797,249.42351913934854,247.85397167831258,249.06477090811603,64214700
250.35626220703125,250.55355044998984,248.7956651275681,249.4324452291818,78114600
250.697021484375,252.30245160844942,250.61630520382099,251.7822708990805,69030700
250.5177459716797,251.39667512709303,250.14104249740362,250.3473357536427,56844100
250.4100799560547,250.7598505617869,248.86743803495978,249.8001778974014,56921600
249.9436798095703,250.6342981539944,249.62081463872272,250.19480628825178,69268300
251.50428771972656,251.91684680155686,250.0692674781502,251.522215550855,78880500
250.5895233154297,252.80482912074706,248.29350118976583,252.5626801597077,106494600
250.2487030029297,250.91241614415003,249.70161659661557,250.71510045958334,59114600
248.7329559326172,250.37426982654563,248.41009066408537,250.36529222328363,75039800
246.65220642089844,248.42802015111022,245.80913283091718,248.28451535167278,94885100
246.1588592529297,246.32926946093076,244.32923497345007,244.79560495965796,85795800
249.72850036621094,249.88993299300893,246.84950903868537,246.87641447648502,65098900
250.67022705078125,251.19043536122038,250.09623523355415,250.28457330490696,79667500
252.32949829101562,253.26226589524683,251.39673068678445,251.5581907090081,80639200
252.16796875,252.77784344619863,251.72850424402364,252.35630677102787,67518400
253.41387939453125,254.22462535705967,252.53105124035966,252.72024637494718,81309000
254.3326416015625,254.62993243932527,253.40478298631083,253.6299916549767,62199800
254.39573669433594,256.1613651677982,253.5039190582267,255.3956775968699,90268100
253.6300506591797,255.38668967995292,252.52204134600487,254.17957423403706,84609200
256.4947509765625,256.90011021839473,252.76528100389675,252.81033924719029,79550400
251.55816650390625,255.6569546393203,251.49510145781022,255.13448245054312,122659300
251.3690185546875,252.40497335776593,250.10785499044835,251.2158645009245,85575200
253.24270629882812,254.19758910713398,251.83740603410251,253.125593361551,68125900
251.91845703125,253.81923283552956,250.36902000972879,253.23366819759903,72224700
252.87338256835938,253.32380006375664,251.39602747893355,252.54909516749842,56238500
254.4678192138672,254.7921065396896,253.2607039044795,254.38674738241158,82186800
257.4856262207031,257.78291713150287,256.19743891736897,256.4677058809414,77617900
257.61181640625,257.8460423310676,256.81907711422633,257.67488146159405,40070400
258.0171203613281,259.224235717059,257.4135489378142,258.82786619830597,68243200
258.7017517089844,258.95398437326423,257.64779030482515,258.34142325877013,48997500
259.95391845703125,260.00796634856,259.08010755558655,259.3683813046049,58621700
260.1522216796875,260.26031751196484,258.87302351801486,259.5306431527825,53566300
258.81884765625,259.51248056467637,258.26935161671037,259.1881932281539,66142300
259.70172119140625,259.791810186664,258.818893023963,259.2332694125867,52601500
259.6296081542969,260.19713851656536,259.0620777920284,260.18812137072035,55093100
261.3863220214844,261.66557870970394,259.67474078975937,261.24218510316035,69727800
261.2151184082031,261.5574400967974,260.4133620858321,261.4583339542193,49596700
261.3863220214844,262.1520373726342,260.7917675426377,262.09798946467595,52153200
260.74664306640625,262.5302783705718,260.3322392659286,262.50325442630555,58268300
261.2601623535156,261.53042935403886,260.0350399233135,261.33224455017637,68708500
261.4853210449219,261.63847506502617,260.40433572370114,260.49442470662734,40160100
263.8365173339844,264.07074319403506,261.62047128318324,261.8546696519358,52246600
263.25103759765625,264.0888075995507,263.1069006901307,263.75550302834347,50392900
263.0888671875,263.74648667544756,261.8997858066131,263.151932239352,57770900
264.3139953613281,264.3860500637135,262.3591713542615,263.13390373424016,50916400
264.7283630371094,265.2508627045785,264.3139866566105,264.4040756501018,57197700
264.86346435546875,265.15173811806574,262.9717330802613,264.3860229636108,81111700
262.8726501464844,265.70128514541994,262.86363299957645,265.4940832056484,71671900
262.30511474609375,263.67440146767416,260.8097254266999,262.7555322221292,65030200
264.8724670410156,265.15172364225464,262.4131780296907,263.78246458162147,56543700
263.7825012207031,264.2239015566236,260.25121605943474,260.56651379565,107198100
259.37738037109375,261.97178922380755,257.467614824318,261.37723490411906,144729900
259.01708984375,260.728670867913,258.4225354370044,259.01708984375,91568300
258.2332763671875,258.8368202163099,255.20645750355328,256.9450893542433,103471100
259.5305480957031,260.2872461358025,254.30568902173113,257.2964675787668,112429300
253.00845336914062,255.3776533351691,252.1706835876977,254.41378097488916,127290500
255.29664611816406,256.82807669036634,253.90036279568258,254.0264654064371,77003200
256.7919921875,257.4315772634387,253.4588920896291,253.66609401171596,73956400
259.1701965332031,260.5304384583781,257.4225747303499,257.4946294219541,76749600
257.49468994140625,259.98100350122996,256.846087599335,256.8641218949481,100353000
255.79208374023438,257.60274321559893,255.04437536966267,255.89116238452957,62877600
258.0982666015625,258.4766019386151,257.23344513426133,257.4856778560646,46847100
257.3054504394531,258.2603331360052,256.8280090911771,257.1433067720303,49482500
254.16163635253906,255.12550904664772,252.74731860287093,255.08047828674498,98733800
254.738037109375,256.0172344882969,254.11645896281843,255.60283072973016,55268100
252.3689422607422,255.97228258212718,252.35093545600503,255.01739959626457,70029400
250.67532348632812,251.65723025093513,249.27002320934008,251.25187103140019,104972900
251.35995483398438,252.26980685770957,250.26093518349904,251.4320095280315,62523800
247.97283935546875,249.63938959568011,247.94581540525135,248.81063679481224,86862800
247.34225463867188,249.1258902150911,246.00900903833892,248.00886369318812,96428000
252.71115112304688,252.84627082649013,249.18888423306493,249.63930157207093,77231900
254.90020751953125,254.92723146390156,252.52201794105454,254.3326771964583,71169700
256.5577087402344,257.2333347577995,254.5488649757681,255.1974670522824,69430400
259.12518310546875,260.2061961055513,257.4045849508437,257.5757458007118,74272200
260.3142395019531,261.98078942020163,260.2241505215321,260.67456793234,60799100
260.251220703125,262.50330815727335,259.6026184166782,262.1339625158368,58641300
259.7917785644531,260.57550049432666,259.2782960961573,260.01698727953396,47096300
260.86383056640625,261.2241866193491,259.99903652021897,260.7016868373662,48945200
260.5754699707031,261.179013861294,259.809754930864,260.5754699707031,52324700
260.6746826171875,261.4403980506998,260.5035217264739,260.80980240161693,39205700
263.4040832519531,264.4580720370348,262.1339029176426,262.4942588214182,85434800
263.9986877441406,264.53017706467074,262.5663634753288,263.5392531233006,78674400
266.5209045410156,266.9262910968554,264.0616437422091,266.68307565812523,116570000
266.1336364746094,267.5095555345072,265.91639336647125,266.2513190331888,83309500
265.8077697753906,266.65864781741556,265.653870824963,266.3418441621465,47582700
263.2007141113281,265.8892077691413,263.0920925696,265.8620523837093,82028700
262.93817138671875,264.60376601063865,262.8295498541817,264.09684710879384,51584900
263.8704833984375,264.37740218570366,263.3183148578448,263.6984901357934,40355200
265.2283630371094,265.72622092796087,264.33220778357355,264.8481600545442,59350900
267.63623046875,268.7768117440282,266.4322774281771,268.5595410665901,78705600
268.333251953125,268.38756271925695,266.74912348259073,267.59096798264414,61504500
270.4786071777344,270.496729182922,268.86732334148513,269.01216125794673,40898900
270.1707763671875,270.333736252286,267.9530136047552,269.247465934971,51677300
268.6863098144531,269.9898235013948,268.1431745073926,268.8583031221058,45841800
269.0212097167969,269.31991891337793,267.47329772086357,267.52760848387834,41101300
270.3065490722656,271.2570424914741,269.555231912321,270.08930606216137,58448500
270.9402770996094,271.1846755452837,269.93550030905135,270.9493381022296,50826100
272.1534118652344,272.2258446756472,271.12147912954833,271.42924951124496,40326000
272.2438049316406,272.587791549062,271.7368860086016,272.587791549062,33900000
271.3657531738281,272.3614966723665,271.0579829333727,272.15328696925974,36650100
269.51910400390625,271.5015299968323,269.51910400390625,271.33859768577247,36036300
270.505859375,270.88606249491295,268.577771257996,269.021318543713,51392600
269.0032043457031,271.6283267183781,268.8312109975781,271.60117132788554,58678600
269.66387939453125,270.2070145971142,268.8854067833321,269.4013589820321,43638100
271.5920715332031,271.5920715332031,269.953632082453,270.7864433136411,44564500
272.8683776855469,272.8683776855469,270.7411140582117,270.8316412045889,47213200
271.5649108886719,272.4701272583008,270.7592550596967,272.41581648612396,55394100
273.3843994140625,273.5835481165805,272.126135424287,272.25287897362153,45084100
272.886474609375,273.384360106589,272.3343059738363,273.2666775777019,38126500
272.21661376953125,272.62397210504514,271.10318791079754,271.4833908656109,45849000
269.238525390625,272.6512091289259,267.2199103624136,272.46109378208786,104245200
266.8939208984375,272.3523730664228,266.097326282711,269.3923262613973,142646600
264.88433837890625,266.24216256795125,263.3273655371344,265.99776415892455,116749700
256.9185791015625,260.8924655650717,255.01761873831538,260.7838439943178,178745400
260.5212707519531,260.73854147453096,257.3349189459399,258.8104261086006,120711700
260.6751708984375,261.4446103725473,255.3072442129039,257.44354168218393,140572300
265.7895812988281,265.7895812988281,261.6165477971536,262.16871642969346,87713900
263.97918701171875,265.4456330756324,262.1959097009694,264.8481869708878,93730000
260.7656555175781,263.9701011986558,259.8151618664045,262.4764998896778,65527600
264.82098388671875,266.2693353078018,260.1229096763027,260.46689624662304,94299800
256.9908752441406,261.372118364232,256.86415934036023,260.76563897648515,135622100
257.6698303222656,258.5660133001021,255.62406014182483,257.8780400292399,99556600
261.47174072265625,261.90622687818694,257.72413188114456,259.3263824546937,83018300
264.6217956542969,265.30070769157317,263.8161677350632,264.4950797723394,53571800
262.5942077636719,264.6490389340067,262.4674918396257,264.11496460228994,51596400
264.7305908203125,265.10170529540915,264.0697727944984,264.7577462117834,49524700
264.64898681640625,266.07018283661125,262.87477085408335,265.4365480911414,51666400
257.85089111328125,265.0111559870093,256.60168809011344,263.34556116445606,149161500
260.7022705078125,260.7022705078125,258.5116351075703,260.0414527243702,72423800
259.67938232421875,262.4674638561055,258.91900398597903,262.0963218770228,66668900
261.5079345703125,261.67086686459277,258.21293417482644,259.0185898937804,59696700
264.8481750488281,265.37321597709513,263.0648978183525,264.0697022845135,57899400
264.7305908203125,266.3509085531038,263.79821887978943,266.3328141671288,62901200
263.1826171875,263.94299567707674,261.8519479244874,263.0287458637237,69101400
266.16986083984375,266.1879552243926,264.60382638840616,265.35517153491077,46887300
269.5914611816406,270.50571064288545,266.13352910544006,268.6590897186863,83258100
269.79962158203125,270.44234484116004,269.22935869893166,269.90827070857443,49584300
269.935546875,270.876952059632,268.9941140653553,270.78645251784974,51260300
269.8721923828125,269.9355641661296,267.9169214798469,269.1751580163531,57947100
271.791259765625,271.8727259373139,269.5282184686589,270.1799754671858,68821100
272.7326354980469,273.79172313296596,271.9360407085292,272.69641910988423,72908700
272.55157470703125,273.52922378912524,272.1804327059594,273.1761761691998,62104800
271.7097473144531,272.5968692967688,271.0670514305876,271.4200714477773,58191200
272.39776611328125,272.48826566485656,271.338650634696,271.51064398271427,41475500
272.560546875,272.66916837649444,269.9716147143804,272.0083507424026,73375800
272.54248046875,273.94558214926315,272.20755489582285,272.9498388074487,76560500
271.2547607421875,273.4282314887525,270.46359030392364,273.14629306857836,89565000
271.1911315917969,271.9095626216198,270.33629663291384,270.59092655135265,43476800
269.0631408691406,272.67344612254635,268.09918278912005,272.2824122840167,94869400
270.6545715332031,271.1001669203276,267.66264939196464,269.1449700706574,71854000
270.0907897949219,270.87285754850967,268.6812361680686,270.6637140924757,56179700
268.6357421875,270.9547201008358,267.08068181796534,270.8455691998778,84746600
269.88165283203125,270.59098115887195,269.1086878271732,269.1541465618406,51662400
266.6714782714844,271.4185301350152,266.45323194525736,270.7637634037494,88242400
261.96087646484375,265.0983069627541,260.66954837048047,265.0892041126584,122539500
264.1069641113281,264.1342448983291,259.01433776802537,261.7334246319195,85278800
267.6808776855469,267.93550760720115,264.7071332315853,264.7617225564784,65091200
266.5259704589844,268.50847634083834,266.2440597044821,266.8806484903429,59610500
262.3881530761719,265.4073559101464,262.35176944794006,264.6707470157687,95708100
264.87994384765625,265.81662125732413,263.7795817068035,264.4070675955947,62359400
266.6714782714844,267.55359417676493,264.63443855313955,264.7981232978098,55296300
269.4360656738281,271.6731738889568,269.3087645612626,269.4269628255784,98720400
269.135986328125,269.7907531154155,268.7904111136401,269.11778063099183,40394800
271.8004455566406,272.54615738895194,270.06349481421915,270.1817208062417,46754500
271.3639221191406,272.0550723707066,270.9274295413768,271.3366413330304,48928200
272.1641845703125,273.03719744331266,271.4730343465405,272.5279376213477,45736600
270.972900390625,272.27333084102725,270.11806538415243,271.6276670391448,64304000
272.8098449707031,273.009913309205,271.85498975437696,272.29151006181155,39048600
271.918701171875,273.6374464088708,271.82775595636684,273.34643282027804,48594700
272.7098388671875,272.76440043938345,271.45486720152144,271.6640383966591,34352200
273.1554260253906,273.79201468518664,272.3278718686874,273.64650791287386,35453100
274.27392578125,274.81956910410673,272.5278726986228,272.58243425565126,45205400
275.8199157714844,276.32010044076753,275.4652656084277,275.4925463902013,42147000
275.7381286621094,276.66573093338,275.419834309273,275.54716315144003,44284900
276.5837707519531,276.9565987678673,274.62854673995474,275.93807947472675,49643900
275.8472595214844,276.5747934558149,274.39224715798696,276.5747934558149,69053800
278.40264892578125,278.4481076482956,277.1294716644442,277.2931841211673,71141500
279.521240234375,280.09416455683635,279.1483842824147,279.95776061162724,60606900
279.2120056152344,280.0213818195309,278.92099207531345,279.72126543380665,42933200
279.27557373046875,279.548381484713,278.3297939281403,279.2119093369554,46487100
280.2577819824219,281.5945958295788,279.78490583507175,280.61245990736666,54272300
280.948974609375,281.0035361826021,279.2120238547651,279.9122492128996,49032100
280.41241455078125,280.585202104894,279.4302507955533,279.5666824717528,35797300
281.0035705566406,281.9038643775972,280.230577837926,280.7762213895236,46484600
281.0944519042969,281.49458856771133,279.78491877904554,280.0122678945048,53917700
281.5036926269531,281.585562739211,280.17598142677315,280.8125701165942,51219900
283.540771484375,283.5862302129895,282.1493958072757,282.8405183461568,62023600
283.7499084472656,283.9863604368472,282.8496147216759,283.3043130077444,49228000
283.6680908203125,284.35924115622686,283.0224269685197,284.3501383088859,67804700
282.6131896972656,283.5953536303308,281.05812918125986,283.07699087413437,79406200
282.158447265625,282.8314195597847,281.35820164303874,282.72229641818564,54664700
282.785888671875,283.0405185464772,281.77647201802966,282.9041146409001,44850200
284.97760009765625,284.97760009765625,283.713553290501,283.713553290501,48647200
285.623291015625,285.8051814488202,284.6957164125303,285.0140107943301,37569000
286.89642333984375,286.89642333984375,285.88697877404934,286.10522505743006,44444600
285.83245849609375,286.57817040881315,285.6051093338683,286.3326155519564,36592700
283.404296875,286.1506639099118,282.9768794727963,286.0869995036619,75767800
281.5036926269531,281.585562739211,279.30296850429954,280.6852412775978,73941700
283.24066162109375,283.8408667166338,282.2039639124934,282.5495390662209,49080000
283.7499084472656,283.9590796497863,282.44037516318184,283.9409017092727,40709000
286.3417663574219,286.7419031701625,285.6506159076721,285.65971875651235,48927000
285.4414978027344,286.62370264846453,285.36873051071353,285.9507578365188,34838500
285.1230773925781,286.0506518116673,284.4683108165804,285.3868101426187,52649800
285.9324951171875,286.1871250585876,285.04127644599606,285.5778171170683,53429100
288.3969421386719,289.17900987699994,285.7051360299545,285.94156026923116,96389600
288.5697937011719,289.79748490813944,287.3875612322972,288.1605540479869,81503900
290.5522155761719,291.14331781947243,288.5060732129594,290.29758563663097,82749700
290.6158142089844,291.234197100367,290.53397186329335,290.9341084994999,61097700
290.634033203125,291.23423824222414,290.5794716316232,291.0068891101069,48133000
291.8253173828125,291.89808464078646,290.5703458322475,290.8249757300014,85310500
293.1047668457031,294.23795375085035,291.88018760229625,292.8580047434994,147142100
293.5525207519531,293.9454770853097,293.4062986046296,293.8906472661912,52990000
293.56170654296875,293.82670807350945,293.2601146095581,293.7810258479753,20270000
295.1243896484375,295.13353724845075,293.9363729857451,293.9454926967339,30911200
295.05126953125,295.91030727604016,294.52123861313635,295.8554774530982,42528800
293.424560546875,295.2705907201687,292.9402118941739,295.1335161748802,49729100
294.13751220703125,294.38427439178196,292.5748058894299,292.9220801575714,57077300
296.8881530761719,296.90644827655234,294.74970630853255,295.672721478946,59151200
294.6401062011719,295.7641735797391,293.44294167338677,293.49777150755784,77709700
295.7641296386719,295.8463743777095,292.76661707449347,292.8854243272233,55653900
294.9324035644531,295.6726338458183,294.4845896232324,295.1974050011773,40496400
296.50445556640625,297.7198876196762,294.87777179661947,295.1245060931083,68296000
298.514892578125,298.58801761539866,297.4822175666189,298.06710630868724,48473300
297.6557922363281,299.25506045062673,297.18973874984056,299.09971858480566,53029300
299.70294189453125,299.71206160755526,297.84779146443003,298.2773104255387,47086800
299.24591064453125,300.3151199538499,298.6884369921767,299.2641779536659,62832800
299.92218017578125,300.6806779375008,299.0722900853066,299.1545348144793,72056600
302.4170837402344,302.4170837402344,301.07369722923175,301.3021641332184,54050300
303.3584289550781,303.5686007011989,302.3531687920046,303.1299620038811,95846000
302.764404296875,303.56861245848097,302.32576558256864,302.3988627386086,77742400
302.80084228515625,304.2721834050225,302.64550043407195,303.62331742525095,48914900
303.1482238769531,303.5594755373367,301.03719151691797,302.1521113343028,51963000
300.4523010253906,303.88845281451574,299.1637441044687,303.80620806071624,87578400
295.6361999511719,297.1166611579254,294.8685544324489,295.2066810180619,84062500
298.7342834472656,299.61158879951597,295.7276503255423,297.0618896159072,63834000
298.48748779296875,300.3243709426531,298.28643576718724,300.0959039992209,53888900
299.4561462402344,299.66634584075405,295.67274865407313,296.4220989348696,75491800
294.01861572265625,298.99005740584477,293.10474817632047,298.834687651797,113845600
296.2027587890625,298.067056481467,295.3802835359217,295.499090784858,69083000
300.71722412109375,301.58540936360026,299.4926450715204,299.81250426028714,62573200
304.18994140625,304.4001409842499,302.1885971158361,303.6507628947107,65951100
305.2135314941406,305.40543589404376,304.1351464583818,305.14955406449695,50359700
303.5868835449219,305.22268676878366,303.0385573065691,304.1534770985751,64139400
305.8531799316406,305.91715735245873,302.66379115886144,302.70035366918944,42070000
306.3832092285156,307.9915969708209,305.85315049136426,307.2056843530726,54864500
308.357177734375,308.56734940604724,307.45242996357894,307.81797137820314,43992700
308.0281982421875,308.99689562686603,306.6573968990736,306.9315460120865,54501900
308.52178955078125,308.6405968326844,307.24238014765734,308.43954479154826,64582200
307.72662353515625,308.58566124480814,306.33752704004746,307.52557156291806,57226200
309.1979064941406,309.8741594756721,308.41199388198464,308.69529055743817,48814700
307.9276428222656,309.4720810157457,304.9392784662439,308.64957801451567,74163400
304.756591796875,306.8858911350751,303.93408860649663,306.5751794829659,113788200
294.6492614746094,304.8297340268577,293.5708763000979,295.3072473908234,161088400
285.7207336425781,296.6505836333486,284.8434284508616,296.0383078861717,218913200
284.6697998046875,290.7104521537765,283.93871677139504,287.1189586441504,194773800
271.884765625,284.72459458112405,271.884765625,279.1499964992916,284353500
270.7424011230469,272.2320096468705,260.9457401669116,263.83356488451,384975800
282.4674072265625,282.53138466870956,269.0975162694885,272.52452066836804,238703600
274.3796081542969,286.8082134931983,271.93959720140725,282.8420313278847,300139100
285.91259765625,286.1319448399597,277.20344073550206,279.7531390923097,176613400
276.40838623046875,281.9007394258582,274.1694273459628,278.71135042930734,186366800
271.839111328125,273.0454235323544,265.2318649017043,267.90034329272197,228667200
250.60987854003906,259.71199044908684,249.89706305118028,251.58769550685614,309417300
263.5777893066406,263.6691537844827,249.94286810623316,260.123369795359,276444100
250.72869873046875,257.6558306839711,247.54845736466214,256.5226437962952,255316300
226.7397003173828,243.69194779831977,226.3467299817304,233.95011542645673,392220700
246.12278747558594,248.09674450743702,227.11434179246803,240.42938324174193,329566100
219.19113159179688,234.77256174758443,216.91559643304075,220.40656312966803,297240000
231.02574157714844,234.10548499816915,216.65060754197967,223.93411978479276,262070500
219.32823181152344,226.977299433706,208.380101478062,215.90122818946838,327597100
219.7943115234375,226.0725919909202,212.21835456333,218.64284326233184,289322000
210.32247924804688,224.72699332473326,210.0467039648909,222.94366239037342,347158800
204.94491577148438,211.131407928482,200.63367034211038,209.76174689567557,326025200
223.5135498046875,224.3868403910806,214.91865078430803,215.48857598678674,235494500
226.85958862304688,235.6475485646317,220.38813506232896,225.0946467428511,299430300
240.10586547851562,241.57662927963491,228.93707402575518,229.36911860691484,257632800
232.9541778564453,239.74737193984004,230.77558000293203,232.8162972428731,224341200
240.51951599121094,241.2365231887897,233.05528002333395,235.05003225521446,171369500
236.93443298339844,242.06378683230136,235.52799498829467,239.517498660334,194881100
226.2712860107422,236.85176448420262,224.20299266868236,227.9534996121323,189554600
231.4925537109375,232.27390045217555,224.83724120524906,225.38879163266066,177660400
228.14654541015625,232.8622586960982,225.4163970895069,230.50898872250409,135561200
243.47024536132812,245.4374352742941,228.12811933562622,237.01718131949536,188061200
243.71841430664062,252.81889621989316,243.49780540423893,252.06511173266867,201427200
251.89976501464844,253.7106720203933,243.82882519351205,246.31996198060406,153774500
255.73300170898438,258.49072626492733,253.2234622639874,255.16304840288197,189999200
253.39808654785156,255.09868874078822,249.4913106154663,254.7585739128051,114839100
260.87158203125,261.89192674380104,253.260262690421,258.2885153744186,134143400
255.32855224609375,261.0094585224513,253.21427976364757,255.1538941002778,121775000
256.560302734375,257.4151905782351,253.49003955687044,256.6062535871755,131798300
263.49139404296875,264.09806873944035,259.59379105102954,262.3331407891114,146684800
258.8491516113281,263.629217542873,258.628542678586,259.78676762850023,100109300
250.98971557617188,255.5859232329497,250.05207126025303,254.38171907111592,126385700
256.560302734375,258.30685593614993,254.5471616484955,255.87087162422512,92951600
256.5418701171875,261.0093977789953,256.23853280732754,257.8380038199027,104709700
260.11767578125,260.7887319364583,256.00866661684114,258.0585845312066,85063200
263.8682556152344,264.98973134296574,261.6345055515394,262.09412629154366,77896600
262.65484619140625,267.86692903854635,262.3514808302591,267.51761283020494,105270000
269.53076171875,271.0659071925588,266.9568970325676,267.98644290704055,118745600
267.0212707519531,269.63191314520935,265.2838909183048,268.1519197995434,122901700
259.9522399902344,267.18666411275467,258.78478565307967,262.268717832664,125180000
260.6692810058594,260.97261831344605,256.58784709475344,258.06781222922524,80873200
263.0776672363281,265.8905433416998,260.797938736248,263.49133703836077,79569900
261.2943115234375,265.16430912686474,260.86226703661674,264.7782435319276,73632600
264.4474182128906,266.37783119413643,263.9418465513149,264.5117718579719,75250400
268.82293701171875,269.29175906737254,266.45127866866704,267.5819556045888,76452400
268.8781433105469,270.2570055839343,266.4697350281808,266.892578270506,79514200
263.5188903808594,270.47752502995445,263.38098175675503,270.0638833166879,95870800
258.8583679199219,263.9969236633219,256.43155730782263,262.95817645676516,144721100
261.9561767578125,262.08485594358507,250.943656625686,256.42235460323354,121977900
263.1604309082031,263.2063817576998,258.61937607827673,259.56619361268525,111146300
271.1762390136719,272.78491161799025,269.06199481206295,269.3837068905075,119703800
268.39093017578125,272.28850498888653,268.3725554456711,270.5787293388812,95189300
272.9502868652344,273.814375850398,271.70013227998567,271.9299425834225,85861700
271.0659484863281,273.6306402253111,269.97204881480235,272.82170318555836,78293900
271.5806884765625,271.75534659131654,269.5399713937195,270.78095292638466,63958200
274.9267272949219,277.7855828624157,271.59907765243577,277.5465711025609,88951400
279.0173645019531,279.0541420158943,272.8952128963509,277.7212306525081,104817400
278.5025939941406,282.0600540546706,277.8315376106127,280.0469129571108,90405200
279.7435607910156,280.3318607230198,275.28523421175083,278.03375713092686,119090800
280.8742370605469,281.4809398340968,278.5853346376734,279.1001076480142,55758300
283.199951171875,283.2459300855402,280.46062904766694,281.7935125894445,74267200
286.9687805175781,287.92479945173847,284.9096887083299,285.18544991384636,92567600
286.2149963378906,287.7225657388418,284.119127013096,285.98518598186917,75794400
293.55059814453125,295.324727633124,291.5466582645759,291.6110119068838,150524700
297.0989074707031,297.2919403590866,293.8172081030423,294.3595573009957,73641200
294.8833923339844,297.17229394448503,293.56885609799986,294.4329450700393,77479200
293.23809814453125,296.35434092882565,292.5210907508132,295.4626753703402,95000800
276.3331298828125,286.9411829598361,275.7816075129834,286.3069041815128,209243600
279.6424865722656,284.1191887925022,274.48555452726214,283.347029194733,194678900
282.2530822753906,283.38375938311225,272.7757049594633,273.9523329194972,135782700
287.6857604980469,290.1493485974371,282.8229940315134,290.0022666173974,137627500
286.4908142089844,289.000353646456,285.75540416445665,288.7061896286449,83398900
286.60107421875,287.07906963373426,284.51440640064004,284.9740270872474,80828700
284.96319580078125,290.26285198086515,283.01504638164135,290.0689696801593,135549600
286.79132080078125,287.18832733403883,283.21820564851276,284.36307218217655,74649400
288.11163330078125,290.37369722062647,287.7053848565929,289.44116854058365,68471200
280.7621765136719,286.6896879902903,278.92484547295174,286.07107366384247,132813500
283.77215576171875,284.03991677797876,278.1677990684482,280.1897990735888,89468000
277.03216552734375,282.8858280526824,276.4505185694108,282.67346196626374,127961000
281.1037902832031,281.2422776181715,275.99801723994534,278.2877778251343,79773300
284.7046203613281,286.40349236880866,280.51291980961736,280.66986274061657,113394800
286.698974609375,287.96390105074033,285.360225806475,285.8218691543317,72396500
288.2777404785156,291.4815456098737,287.61297310272624,290.13352709622495,69344200
292.7280578613281,293.3097330320879,291.3523695965938,292.10022962286325,61713800
289.7088623046875,293.1619451017001,289.3303114252415,291.1861264698139,82910000
291.92474365234375,292.03553353353783,288.71172439183437,290.4751769616239,54638600
290.26287841796875,292.7742193790963,286.8467063436829,292.53415581966215,83354200
293.2265930175781,293.49435402565143,288.767131059591,290.1982140439162,57550400
290.6875305175781,297.95379107027304,290.03200496438967,295.57172419762725,102997500
294.45458984375,295.2301472460135,288.06543384919064,289.26569521963995,93657000
297.1598815917969,298.25859520955737,294.77778571364365,297.67691997939255,87196500
296.1810607910156,296.6334621237526,294.6114625946127,295.25777436406463,54622500
297.039794921875,297.82459424337384,295.21167713283364,297.1875241733961,62774900
299.4402770996094,300.18813689215324,296.02410586279206,296.7719656553359,56308800
300.077392578125,301.8500871049481,299.0894691350206,301.4069275614781,57292200
301.78546142578125,302.09940368262994,299.6065184526506,299.7173083426101,57792900
298.1846618652344,302.12711406913473,296.8182155953633,301.42540716743423,75738000
296.2642517089844,297.28908645899844,294.75928982435465,296.32888854271727,73766600
298.4246826171875,298.6001093174505,296.1626192778823,296.95666037009426,48293000
296.5319519042969,298.81247079634437,296.2364934476947,297.6952737904054,57495000
300.1789855957031,300.7422051686178,297.37218596811334,297.4091253277657,48454200
299.1078796386719,299.5233698245188,295.1193034662908,297.2059117473767,61861700
301.4715576171875,301.573133804093,296.67969747786157,300.89912438191095,84986800
303.5673828125,304.3336982264849,302.58870135537785,303.13343702102367,53077900
304.7399597167969,304.7399597167969,302.7087180143602,302.7087180143602,41917900
306.63275146484375,306.89129880632356,305.77410154284553,306.0418625918955,42697700
308.68243408203125,308.8024658628492,305.72793350897297,306.05108949352723,43679400
308.9040222167969,309.1902388250722,306.8081434818142,307.71297454516787,57308300
309.8273010253906,310.0119414454086,307.4175082706169,309.356415827872,44282100
307.269775390625,311.64617312266336,306.5403992490115,311.00910310173,69601100
311.5538635253906,312.3294209653016,309.67959266815404,309.70729014184826,53774400
310.9906311035156,312.3017105491452,310.0673444500074,310.78750691268493,41816100
310.9998779296875,311.5353999760587,309.87346706744495,310.6028714247222,47260400
311.98779296875,312.3847994629521,311.0091113811264,312.0154904409857,35481000
312.6617736816406,313.0864776091208,310.7874749185557,312.38477080822076,38733900
311.3599853515625,313.5573840389721,310.7967658103232,313.0403457388199,68054200
312.3294677734375,312.80956678157935,309.50421232732066,309.63345783177203,42207800
313.4373779296875,313.6589577204171,311.65541319099066,311.99705293699736,55106600
316.6134033203125,316.68725383901455,313.40959819669,315.87475725095965,48588700
317.72137451171875,317.8044669230327,316.0132886974553,317.17663880879144,38463400
320.9068298339844,321.1745627439463,317.767660055857,318.31239593759705,50790200
321.6084899902344,323.0580570797185,319.9465849622059,321.7747030342196,58034100
323.6858215332031,323.81509518897934,321.4422417348515,322.6332894034035,48588900
322.5132751464844,324.35060666428654,322.28245347132435,323.4735012045628,66099200
325.5509033203125,325.6524513348711,322.4486452873158,323.3442345333608,54908700
330.2596130371094,331.2290526523332,326.31716140186785,327.46205589368293,69540000
318.8939514160156,329.0408614690771,316.3087321994255,328.5699763174422,148011100
316.290283203125,321.14675134230083,309.18096542994215,319.5771810982591,139156300
307.64837646484375,316.35499211221384,307.343704228668,310.8798801569295,114465300
313.7235412597656,316.188700542301,310.7874686489755,311.6553602505374,91462300
308.27618408203125,316.25336585308577,307.3159581046872,315.5978402401596,90569500
308.4331359863281,311.11990351849477,305.6078810919823,310.05812950649084,84680200
312.4957580566406,314.2684817661678,308.5810295927311,311.6001684022288,65605700
314.0743408203125,315.7823980850673,312.5047427010378,314.9514459769366,52920900
312.8280029296875,316.7427294770832,312.5510000169259,315.3116463788061,82096000
310.07659912109375,311.79392701921023,307.4452264147787,307.97150659133644,91523300
306.5068359375,310.993428984105,304.02252899495534,310.88219558209073,105877900
303.0954284667969,303.2437490415965,298.2380498714508,301.91817103397455,99450800
306.1823425292969,306.7385377490843,302.06653750783966,304.57868073084774,63612100
299.08172607421875,307.01669609895345,298.5811474715118,306.73858430221924,93112200
299.87884521484375,302.93787621508653,296.4489985751981,297.76532620085055,76681300
304.72698974609375,305.51490229744024,298.1546867340451,299.0260243217955,71069400
309.7882385253906,310.50200476162365,307.89718658161235,308.8890645006327,64584600
308.1011962890625,310.3259488282698,307.40595935248126,309.5843740782885,51304000
310.4371643066406,313.5888989589638,308.57392054129775,308.7685789335807,104081100
312.43023681640625,314.0060903303923,310.54846318932005,313.03276987437926,88698700
309.46380615234375,312.40235285633963,307.0073084094654,307.48007849386664,89431100
314.95159912109375,315.1369786568774,311.47541457094957,311.5217523825799,45713100
310.4742736816406,317.1856469045774,309.9644445702148,315.0906571878008,90128900
315.8785705566406,316.6850408176242,313.40351479672364,313.4313231405762,56999600
318.6780700683594,318.7429656383515,316.89825106833507,317.81598305879504,45242500
321.5239562988281,321.98744765048014,319.7070781213472,320.3281406905713,59528600
326.6964416503906,328.1703404575897,323.5725150946358,324.0638146970355,80388500
324.5643615722656,326.73349705593574,323.60029192754826,326.55736813172996,73255500
322.5250244140625,326.23295452878085,321.7927285846741,325.13912193436175,57727900
322.12640380859375,322.60842450210197,318.07549499777156,318.61313237555913,60357700
321.9317932128906,325.1391450693449,321.7556642567683,323.4798383039487,89501900
317.03729248046875,323.82278285072874,316.1381183278607,323.1924415429291,68425600
318.3072814941406,321.5517205103544,317.62132344041964,318.3814276529497,60051900
317.70477294921875,320.43010419590195,317.3988528335673,318.2609399062844,63575000
319.4474182128906,320.0314217004003,315.77657552045014,317.91790278181213,55399300
320.5321044921875,320.72676295496495,318.07560578338354,320.67114625131427,49143900
314.6086730957031,317.9365376041865,311.1139302008655,317.1485966489191,91473000
313.5240173339844,315.2852783983385,313.3108011782151,314.9515782824497,65994100
302.8081359863281,313.55186080057024,302.31683634561693,307.85092353477626,127094300
305.8857116699219,309.0559761451705,301.35275342695843,303.0398684553781,90597700
302.6968078613281,305.61679644556716,299.04449533982756,304.3097480091592,120287300
306.0896301269531,308.09188741481535,303.34574158278815,306.0896301269531,86068300
311.49395751953125,313.55185999385526,306.173086523715,309.3248216610703,93294200
318.45556640625,322.53428362589443,314.79397432552076,315.9712318810282,126959700
324.6663513183594,326.4739785623512,323.3871109043666,323.7393687910326,82039700
324.5921325683594,325.8435643582199,322.2653978925801,324.37891645062587,74973000
328.6708984375,337.77387297534375,328.20740720794697,337.3938067723991,172304200
328.18890380859375,329.24564918548936,324.9166565996286,327.6790464420353,85552000
330.62689208984375,331.4518918826983,329.13443541283425,330.37658868596975,58649000
327.41949462890625,330.67321239286036,325.6118956516911,329.6164387197169,67546200
331.9524841308594,332.69405891618226,328.8099994489029,329.32910745648184,62892200
336.0960693359375,336.2907277500925,333.33365115779196,334.62217047881086,74541100
334.2884216308594,335.49351584362677,332.17490268135197,333.68588866910596,66111000
330.2653503417969,335.1042005097741,330.22826311784223,334.55728418581134,70591300
331.6557922363281,332.02657957234703,328.29084129066734,329.63497720915376,59940900
329.38470458984375,331.6002065139429,329.31055843142065,331.39626921670055,70417300
331.359130859375,332.61984167212626,328.9582497650771,331.1922808117231,63230600
336.6986083984375,337.24552471708824,333.05557370732873,333.9083818251607,62415900
336.17950439453125,336.64299568251425,335.0856717443146,336.61518733680583,45330900
337.1156921386719,337.5884339123508,336.1052564572485,337.27326330014586,28514100
335.6233215332031,336.6059208367198,332.9443565005629,336.33708795881,83872700
339.2940979003906,340.83289212462,338.2836904492131,338.87697278160647,74231400
340.0079040527344,340.16547522877676,337.6070228786699,338.18174747696014,45927000
339.9153137207031,341.3057878737652,338.812201962799,339.90603484044993,62882000
342.8444519042969,342.8444519042969,340.40648362614814,340.4991875255157,50749900
342.1399841308594,342.6312837481267,340.8700225705228,342.07508856328803,48944300
343.1410827636719,343.7065284410971,340.8236267953573,340.86996459902065,42458900
340.0635070800781,343.95681627791015,339.2292285583469,343.79924510819586,74098300
339.9523010253906,340.9997674831479,337.8202243105125,338.6915901201066,57735400
339.55377197265625,339.96164664815615,336.73576476463535,338.256001773006,57698600
338.033447265625,342.7981226816186,337.8573183246596,341.7228478589244,69216200
342.60345458984375,342.60345458984375,339.2014446984404,340.5733606765333,63865300
343.1410827636719,344.05878627456207,341.9359886865939,342.8166332702564,58420500
345.0600280761719,345.263965399899,343.95691641000235,344.7819445843925,64119500
343.6821594238281,345.5161002847388,341.67133885477017,345.3485390064458,136542300
342.4533386230469,352.3212438699424,337.0260063626711,339.7629543638441,96386700
341.8761901855469,342.8909048278069,340.74976800980517,342.7791972943252,47949000
342.1833801269531,344.0917832562604,341.8575475802829,342.84433524058835,46201400
343.5146179199219,343.542544801245,342.0716817018129,342.6581462095984,26457900
346.4657287597656,346.8567051409463,345.4416956497775,346.06540553732583,39000400
345.8047180175781,348.1692982115266,345.2182250819667,347.9924184877755,53680500
346.2981262207031,347.33147772383484,345.90714985399984,346.62395879952305,49455300
348.0575866699219,348.78371400805713,345.59061740637577,346.1026197103733,78520700
343.3191223144531,349.5191455225328,339.6233135802176,349.38880113928235,110210800
345.6836853027344,346.7728905061342,342.6302231348059,342.67678687742756,66426200
347.7503662109375,350.9434912559952,343.62633562425066,344.17558324644114,107997700
352.91705322265625,353.66178899148537,349.9473717579539,350.12425147477427,68766800
354.9279479980469,355.14204466111744,351.0552586898645,354.3042096437855,71677200
352.5354309082031,354.29488155566315,351.63242370939287,351.7534496860149,51034700
352.60980224609375,353.6245167279708,350.3662482704432,352.72153817176564,52547700
353.55938720703125,354.55546486987174,351.75337320210355,352.5353542542608,45303600
352.3211975097656,354.8068032526865,351.9860749789511,354.30409104661976,49989100
349.75189208984375,351.5020240301078,347.8900242126763,350.7014344796534,107160000
352.4981689453125,353.0381265986138,350.72939994936974,352.2095816653885,51233300
357.376220703125,358.21405551285824,354.397220924243,354.78819724418975,61836100
357.7020568847656,358.36304045364824,356.78044135246313,357.934790375537,47840100
356.43597412109375,357.5996414893799,355.4677949159223,355.8494812219019,52860500
357.84173583984375,358.1954668974896,352.3212755983803,357.17146221981005,70402000
357.28314208984375,359.2008637189769,357.0504086066009,358.79125051568155,42665300
348.55096435546875,354.05278710492604,346.31672868098127,353.95968803310404,123351100
351.5486145019531,355.55161937828063,349.92879841681105,350.3663101277551,94198100
344.5107421875,350.65491209093165,342.83504399028214,349.6867328043069,126765100
350.2452392578125,351.27856215518443,344.7992707610039,347.90858629226074,75817600
355.1978454589844,356.75251769171075,350.32907897038325,353.42907659511883,64450700
355.47711181640625,357.19934519602856,354.20173693182824,356.02635940269215,52427100
359.5174255371094,359.56396087599126,355.5888826824537,356.5104983071963,47142600
360.93243408203125,361.6399530541466,359.47088920889945,361.3886110871411,48669800
363.5390625,363.5855978382445,361.52824155640604,362.38468496710107,38365200
363.2969055175781,363.89271677001443,362.29150954139715,362.7010942651418,35551100
363.1386413574219,365.1867070653073,360.7368446725787,365.03775424929336,59154400
363.7252197265625,364.6375452854998,361.2954955929545,364.21861361632875,42913300
365.5219421386719,365.7639656617887,362.8501376743546,362.92462830443,50593300
365.205322265625,366.94619235443565,364.48851345953494,366.75067579926497,50972400
365.28924560546875,365.5405875852445,362.44056111873977,363.45530428971625,52290600
363.73455810546875,364.47929399166895,360.9603643711448,362.68259806906747,59712800
363.0921630859375,365.27986352452217,362.645304567679,364.9912762762247,83241000
360.29937744140625,362.7104930424211,360.0293986322245,360.3273043244353,67414200
360.7368469238281,362.0867122956101,353.94104155862044,358.09299834523233,107284100
364.7120056152344,365.1402557134538,358.6609345710552,359.6477223454717,72433900
355.9239807128906,364.81441738369665,354.4810443890207,363.4459432788632,146670500
354.0899963378906,358.9494723193458,352.1071310412466,357.8044418312601,152701600
362.6731872558594,363.92066358275525,354.2854928063855,358.9587703830817,105348800
359.84320068359375,363.1293962418053,359.34048841861335,362.89666276485025,79595300
355.0768737792969,360.11320193136976,354.97445626184805,359.14505098556646,119940200
350.6827697753906,357.4785750729967,346.1956620928304,354.8905802752683,183433000
357.13421630859375,358.18617627812586,346.9032607012722,354.1831430171617,152039600
355.3559875488281,360.9043440471226,355.07671882284546,358.0929347028177,123149200
360.4297180175781,362.9804680067196,358.69816605856334,359.2008783576128,113633600
362.6731872558594,364.367493636716,361.3605955625039,362.77560474978924,109899400
366.3504638671875,368.32403944461987,364.6840840161151,365.14026100475496,86245000
366.8438415527344,366.98347596763745,364.18138400908146,364.99129202536955,64653600
369.0315246582031,369.29218502366257,364.95402947649114,367.09516616349055,73427200
368.5660705566406,370.353447865086,367.7933794539433,369.645957368341,73722500
369.8227844238281,370.6233738852898,366.1362659817345,367.2813248264547,97959300
364.44207763671875,369.32016304138693,363.7624855423874,367.23487982898274,115349100
363.7677917480469,365.71981324119264,361.5915949019976,364.141379332345,113624500
366.6723937988281,368.0546989422797,364.2253628242193,364.28139952570655,73778600
363.7864074707031,367.4849724644324,363.00186510857276,366.0373101003052,90686600
361.93707275390625,366.8218139815274,361.8903850062456,365.1873437728255,97588600
363.97314453125,364.76700718739,358.55602665416086,360.4987270317707,116128600
369.8385925292969,370.2401983720078,364.5242270663124,365.12196135499164,114409100
369.6518249511719,370.557789685478,366.87789404327793,368.362923730932,108107600
368.6711120605469,369.34358094645273,367.07398064220894,368.381579616897,76262200
370.1654052734375,371.72516915261264,369.2127530406712,369.2407713856675,112734200
374.1629333496094,374.218998554884,371.89336139475535,372.0988388044274,99682900
379.5332946777344,380.0750207457854,376.7500437520767,376.82474984617124,91684800
379.30914306640625,380.3551993878055,378.6366742165215,378.9729228929124,62021000
379.748046875,380.0936159356526,378.6833213503647,379.1409637817271,55836300
381.55072021484375,381.60675691392385,380.06569068342264,380.99967367195654,57863100
384.3246765136719,384.49281512504706,381.3079295009663,381.4293518580536,61104600
384.46478271484375,384.73561726762654,383.11984489042715,383.7269281507639,56704900
385.6042175292969,386.2299986965263,383.9790961887934,384.36203264890395,56551000
384.2873229980469,386.6316009841835,383.7455968876172,385.5761956165632,61659900
388.4154968261719,388.68635987083064,386.3794207731198,386.42610852089956,60229800
389.71380615234375,390.3208894803555,388.2848131174657,389.70445720020575,82037300
387.799072265625,389.2280651111477,386.4728323712962,388.7797715143714,78498500
384.95977783203125,387.68699217501296,383.4840687603821,386.5848990980943,81851800
388.6023254394531,388.80780284580254,384.2032448539139,384.34336511048394,66793000
385.05316162109375,389.26543407718646,383.9884358212958,388.43420402767475,97582800
389.2280578613281,390.63838128168265,385.53884219304297,385.6135482901479,73209200
390.04058837890625,390.61033277407387,389.29341345395136,389.88182724622914,52182400
389.95654296875,390.53563632822335,388.81708265316865,390.3394793906885,51303100
389.8445129394531,391.3482404466595,389.3775214221555,390.2274494039852,51238900
392.32891845703125,392.94535069156444,388.94790436999523,392.5717631714263,78544300
389.7510681152344,390.90922633880604,388.8544524767412,390.05929844599274,85527000
390.5917663574219,392.12348390828936,390.096756425977,391.74054739484654,68128300
388.1819763183594,389.09728984022036,384.49276088924864,388.60228003315905,101591200
388.30340576171875,390.05929824240366,387.7430102993665,389.82580250833166,60162200
391.40423583984375,391.5349786293804,386.3700541332892,388.3781117451592,74321400
394.2528991699219,394.90669867070073,391.48831747234374,392.17013532299035,67733800
390.3489074707031,394.8320150457449,390.22748510463316,394.60786821786365,81852400
386.8650817871094,387.85510146471046,382.9890581244751,385.8283743617133,116888000
378.64605712890625,385.35204832878026,377.3291376588085,384.0818451111226,134811000
383.1945495605469,385.12790123879364,380.14975581622974,380.19647206863493,106394000
389.07861328125,389.9285412046908,385.9030768823611,385.93109523135814,82201600
388.0885925292969,388.9011816537385,386.0711858984487,387.9671986859142,65129200
384.7449645996094,388.59297005214694,384.5861749461466,388.3501253478743,59810200
383.7362365722656,383.9136956201269,378.57131179137997,380.0563698240923,106467100
387.86444091796875,389.1253236094422,384.49277612741383,384.61416996928796,78022200
387.5469665527344,390.5917607113276,387.08932393487345,389.3495471729859,76578700
391.4977111816406,392.57178605322997,389.5456614070562,389.7885061356059,51376700
390.6289978027344,392.93593669892675,390.0499329669356,392.58101863752853,57451400
391.40423583984375,391.90856610321015,390.1807204738854,391.21742785148024,43088600
391.6097106933594,392.9452994425397,391.3294987126263,392.4316202322079,56707700
392.3102111816406,393.44032258439506,392.07671544123446,393.178808495256,58520200
391.9646911621094,394.81332815085875,391.52571797502355,394.67323638964024,54216600
392.58099365234375,393.42160100863873,391.60967202316226,392.6183609466643,49097100
391.1240234375,392.2634837583409,388.79841505022597,390.26477509890356,58138800
394.7012634277344,395.00014486017886,391.18947785376713,392.973388993611,55938800
394.3182373046875,394.8692837876168,393.3842544177777,394.69182475887226,51555000
394.4023132324219,395.2709105225555,392.5717146579376,395.17750652833854,47134300
393.81396484375,395.317692442625,393.58981802271103,395.2429578336774,48436300
395.64453125,396.5972121670287,393.7205285195885,395.0374479909109,51020100
396.2983703613281,396.4104437738481,394.90674465103467,396.195645900819,45570800
397.185546875,397.2882713047734,395.16814054455347,396.4103251655172,42358500
396.4571533203125,397.37243850900103,395.5792069332303,397.3350997073947,51508500
394.24359130859375,396.82139377668875,392.19819454927307,396.5972469543856,80386100
394.1128234863281,395.0934942745737,391.6377741374557,393.8326399762295,90949700
388.79608154296875,391.5228387958726,388.5899319002041,390.8294393593685,118676300
394.3620300292969,394.5494491775668,389.74243684552914,390.5576558078238,72822000
396.4704284667969,397.3044066313976,393.63120236514027,394.352740461739,57700300
395.9925231933594,397.3512120232172,395.9081931498081,396.5453725429614,49445400
398.3351135253906,398.75676373658587,397.88532470396706,398.1383434268328,45110300
399.74993896484375,400.1997276924306,398.75668054638095,399.08464970632076,58129500
400.55584716796875,400.72450723423236,399.075338926079,400.2747470575294,53159600
400.7713317871094,401.57717107826255,400.23721304047496,400.9399918346332,35970500
401.1087646484375,401.78343362434913,400.28416605608436,400.3122760719077,64827900
403.3294982910156,403.48880742764095,401.8021208712644,401.8677204331776,53441000
406.412353515625,406.7684327334074,403.41381877275404,404.49143596219454,57697700
405.672119140625,406.68413685470637,402.9359824093808,406.4686076794865,68710400
407.105712890625,407.3868415804875,404.3414666485789,406.35609357661275,63549500
403.7886657714844,404.5476647115918,400.60271181491555,401.7833895422592,97595200
408.0990295410156,408.39888874783514,403.59187628680496,405.29729335492465,76238600
409.56085205078125,409.81387079491634,407.5837141699606,408.014743954132,52889600
408.16461181640625,410.27294851905754,407.9022421705888,408.7736811446095,52911300
408.7736511230469,410.3478974784806,407.5274025459791,409.8606191747878,64130400
407.37750244140625,408.10839135369446,405.4753153622365,407.4337224657248,55126400
404.1822509765625,408.60507458251783,403.7887107543716,408.5582340881167,75874700
398.2132568359375,404.24778712950507,395.40214130525,399.35644496226297,147987000
403.91986083984375,405.19424821912867,398.0821000063619,398.87858854389634,99608200
407.19012451171875,407.3307031828911,403.8730283565818,405.11927714998365,64724400
408.0428466796875,408.28648588193806,406.3842985469024,407.3681777009672,47878500
412.24072265625,412.57804279229185,409.28905708130054,409.97307688921177,63766600
413.25274658203125,413.2621261186514,411.60357811733337,411.65041860813767,43719200
411.36932373046875,412.2407627628377,408.5394488652319,412.21265274876606,67397100
411.2005920410156,412.57803977875034,409.7763038167769,411.9970804846023,52472400
412.9060363769531,413.9836250033735,412.11892741688575,412.12830695326727,47435300
410.90081787109375,412.35321630587856,410.20738984106623,410.33858897512397,68951200
410.03875732421875,413.1684631203234,409.68267804628834,412.6156137242241,58783300
413.3745422363281,413.49636182074306,408.6425090931806,410.83517582420905,58053900
411.3412170410156,413.34646478534535,411.1069573898092,412.0908364864167,46732200
413.9461669921875,414.0304970317783,412.18452990878626,412.5031195904007,38969700
414.6302185058594,415.0518973321597,413.98365955681214,414.26478830639564,46930000
414.2928771972656,414.920677039973,413.5244986888596,414.60208735027624,41222600
414.8081970214844,415.5203554334606,414.0585776586694,414.742597463298,43339300
415.83892822265625,415.9326377882429,414.7519601733688,415.87641776811984,44034300
417.0851745605469,417.2257532062454,414.78944749477773,415.68899640806853,38909400
417.8442687988281,417.86299927638066,417.0477802625369,417.53503004424323,39470300
418.8282165527344,418.95938710940123,414.9863519096912,416.5418396859927,73740000
416.08258056640625,416.9446399663895,413.0934254851267,416.26997110737653,92673900
411.5285339355469,416.635404856113,411.2849233872827,415.0705380838792,89351900
412.1658020019531,413.36523891211175,408.6612866430519,408.8018367196642,92812200
415.4454040527344,415.7733732693985,412.0252190130029,412.51249736786883,72008700
419.0998840332031,420.0088125987634,415.5203897980154,417.1320972978909,54973000
419.76513671875,420.2992555252089,419.2497769837676,419.76513671875,38744700
420.64599609375,421.16135587884156,419.57775837696613,419.9525966891945,40529700
418.162841796875,420.5991192042751,418.0691322205563,420.3648595615522,57829600
421.901611328125,422.27642103261843,418.9124560362428,418.96867606210947,77235100
423.7569274902344,424.5440363918998,422.3326106810009,422.5762498396636,48357400
423.129150390625,424.0005894306205,422.52946055313254,423.6632692588089,59300200
423.3539123535156,424.5814302963854,423.1196527675307,424.06607064567487,48721400
424.65643310546875,425.4622724001357,423.4570251020545,424.7782526723702,42501000
424.553466796875,425.0688552215791,423.11979877975574,423.5227471397682,47170500
423.035400390625,424.30040810634716,422.3607315153163,424.20669853552585,51671500
422.5200500488281,423.2322084875442,420.599103890751,422.5013195727054,56181900
420.7115478515625,424.0755125696742,420.467908695529,422.3232551840981,57970400
417.39447021484375,423.06354222411983,417.27265062322766,422.64189201792766,89948200
418.462646484375,420.65534176904265,416.1481602138,420.3929721292917,83738600
416.2043762207031,420.11181049925545,415.314178264794,419.9056608987367,78197100
419.6807556152344,420.17738481445184,415.5203029064102,416.626001335439,78792200
419.01556396484375,420.1306135920383,416.0638694935535,419.15611403582216,77786700
414.933837890625,418.66579952568367,414.5766179390553,418.2427985470541,118425000
408.0151672363281,410.38405885600616,403.14573587535295,408.8047977762208,166445500
407.6297302246094,411.6531020580182,407.10330988661246,410.3558416937555,92526100
411.6061096191406,413.64601007748894,407.74255702757415,409.9046386502538,102350100
416.607177734375,418.21466778281064,413.2418450775607,413.47685522277226,76396000
417.2934265136719,418.00786655031254,414.7553054165893,414.97152508235223,62094800
416.0995178222656,417.4249496091947,415.4038683828205,416.2593086333386,61371100
407.71435546875,413.65541814858807,406.9811250466519,413.3263982451864,130436300
408.4006652832031,410.8353670849182,407.8366351647438,409.09628617290355,82329200
403.40899658203125,410.58148154628566,403.07056708218,409.8764511666684,140506000
408.2032775878906,409.8859585278774,401.61361157548265,405.1387643144747,129240100
402.93896484375,407.9399583912579,400.79564501055677,407.03752756364304,128570000
407.131591796875,409.3782739253751,403.64404918460883,404.4430607487151,90682500
408.8236389160156,409.0304489893108,401.90495407806975,403.5312059070278,113032200
412.358154296875,415.197066176869,411.9257437150467,412.10435369862415,72437500
411.6061096191406,413.5144193283019,410.9762985644965,413.1289992900791,74557400
408.6261901855469,413.86222243707743,408.56038046823124,410.9480912711501,65233300
407.620361328125,409.9516721203581,406.83073074231044,409.54746158614824,71181200
409.0868835449219,409.9047143211053,405.665150493523,408.6450632915193,72974000
415.9679260253906,416.1183359496485,412.28295460047235,412.7529748558683,70236800
419.1358947753906,419.5025243769304,417.4626236667043,418.0830539008593,66260200
420.3767395019531,420.71514033276804,416.69176789132155,417.34980775714325,62213200
423.619873046875,423.68565408047556,421.39195292020696,422.0030022074686,46996800
425.2837829589844,425.58460284430237,423.9677318204224,424.0805321054758,49571600
426.3929748535156,426.618575397613,424.2496836213109,424.68209422675085,41305400
425.9511413574219,427.40822132656245,424.0052506620859,425.96055094238534,58845100
428.2355041503906,428.56452411353644,425.2650009588396,427.041662859405,45214500
428.620849609375,430.99915087837957,428.2448391545924,429.78651931328756,56075100
426.72198486328125,429.7489164065924,426.6467655584889,429.0814956872959,72438000
430.8393859863281,430.9145766067055,428.1414742340312,428.15085513172806,51437900
431.7136535644531,432.005063860842,428.2449013910372,428.53631168742606,70162400
432.4562683105469,433.07669852419264,430.7265971184563,432.70065934906575,48433600
434.20477294921875,434.5150024306183,432.49389207149477,432.6255115333647,48908400
436.8556823730469,437.25989295856164,433.198910555134,433.6407307983925,52509800
438.9143371582031,438.9989373652711,437.10944667746986,437.4572570913363,52847100
440.4372863769531,442.430168153956,438.9238345570135,441.14231693133246,66390600
440.81317138671875,442.0352412122443,440.1269602027339,441.5370209098921,50405200
439.3561706542969,441.4148618185051,437.9461097849906,441.17985167362065,51149100
435.8216247558594,439.3561866436364,434.336373208753,437.6640963262321,69429700
435.9625244140625,437.3914041770928,435.9437339337223,437.3161848802195,34848500
439.2527160644531,439.80733651939306,436.2821846286871,437.2316347180003,53466700
439.40313720703125,440.7003977259758,438.2751057858588,440.54060690132917,46980500
441.1422119140625,442.27965290510997,439.0647304076264,439.13992102624314,48857500
440.0705871582031,441.0576182388675,439.4501569663317,440.8790082432791,47858300
441.5652770996094,441.82848731755604,438.37852572627077,441.1046377023812,50625600
440.775634765625,442.70270645083684,440.4090051747564,441.4524364328998,57315600
439.5347595214844,445.1468026589416,439.3279494564215,442.6557009805207,72762000
440.1175231933594,440.9729634115955,436.6017812293338,439.205682845372,73206500
441.2926330566406,441.4148429167893,437.2974607646824,438.115291443818,61858800
431.450439453125,436.08483277035555,430.32237924723853,434.61837171536075,112669600
436.7428283691406,438.5852997432788,434.0449166850697,436.24460804442816,86268800
428.2449035644531,436.20704878218436,428.00048382259115,434.29876746658414,148559600
423.4883117675781,436.80870036743414,423.29091126414494,433.9603783525568,131939200
429.97454833984375,431.54442870471775,423.3096641820062,423.7044938415965,127637800
426.233154296875,432.70060850783227,422.0029722635854,431.6383868949673,137331600
431.28118896484375,433.1612699645703,426.36476682296546,428.78067779267633,98977500
440.2022399902344,440.76627012490576,431.1496438264403,436.56428721886243,95484700
441.3678283691406,441.8190581603877,438.83911699656346,440.5970169214314,72238800
438.3879089355469,441.4712407407317,438.19050845590453,440.07997042228766,61272600
442.51470947265625,442.66511941343407,438.53835603543934,441.09526765313603,77159800
438.5947570800781,442.3455099577305,438.3127276826282,441.9976995198621,87724700
435.5772399902344,437.8145414206378,432.65372721686475,435.3234393317385,97264100
442.3830871582031,442.6274781927471,433.11427244709614,435.63360291576834,116899300
438.48193359375,444.5169779638093,436.930843709259,444.23497726904446,116568600
433.81524658203125,438.4093235060489,432.10779763878344,435.4000562992087,135511600
429.2023010253906,429.5984890492109,425.57986657914137,428.73062942371416,107134800
436.8244934082031,436.96598912839397,430.45692690267214,432.62660471506297,69806300
441.19207763671875,441.3052741873866,436.37158007146405,436.56970282367575,58890200
443.9372863769531,445.4371985113299,442.0883418877811,442.19209581442925,56439700
450.2199401855469,450.2670958254494,445.26738887680665,445.3145445167092,56808600
449.85205078125,451.6821388256294,449.0879451201847,450.65389822973356,47274600
450.427490234375,451.44628815269533,448.955877247608,449.9558186671151,54503000
449.1822814941406,451.8613726077948,448.72005255913206,450.85198851964896,55329000
448.05023193359375,449.84257807075835,447.77668316160356,448.6917271226337,65237400
450.6444091796875,450.77649102777576,447.0031187538817,449.31429199851436,72668200
450.4935302734375,452.7858761115812,448.6351430318022,452.0689260726104,71178700
441.8430480957031,450.89914766079016,441.74870802750024,450.12559940549204,104538900
441.427978515625,444.1448112867114,439.0601780901141,441.3808228754029,86858900
439.6827697753906,442.6165817047028,438.32435344615055,441.43740286255314,85111600
439.1356506347656,439.35260112059655,430.73046025596256,436.48485885738484,119362000
443.1354064941406,443.2297465587139,435.87165335018614,438.8715061877595,74303100
444.3333740234375,446.38988347855235,442.37123340704125,444.87108639976054,67605400
438.2111511230469,446.08807144277097,437.18291064083445,445.4371624273771,91173100
438.39044189453125,438.73947426347723,433.8435208770397,435.06044163485194,95890900
430.62664794921875,433.90004939507276,429.5135100897984,433.6925127781855,109709100
426.1551818847656,433.5698437267285,425.8816043657633,432.17371457156287,109357600
421.4385986328125,432.7492750334753,419.3160763117743,428.04200140937587,122379700
413.1654357910156,422.6743219055185,413.1371366485651,420.31596407281415,202271200
414.9200744628906,415.42948785761394,396.92109866435106,407.5525662882195,251783900
409.8542175292969,414.80676807590123,402.9489401436382,408.524100499298,167997300
408.8260192871094,418.8820597450549,404.5620902381432,415.7501538816743,186391100
406.8072204589844,416.5708261311216,405.11865724018224,413.4295066516993,149878300
416.9104919433594,416.95764758264465,403.5810494178644,408.16568303658295,164457400
424.41949462890625,424.76852696731544,414.89172362734763,416.2406973417306,152251400
427.2872619628906,427.9287283515847,421.6177608084225,425.14585473478627,123155400
431.43798828125,432.1643521308704,427.38159553014776,429.6927977248774,117361000
421.29705810546875,427.3061493870198,420.45746888036115,425.4006065808514,118024400
423.2781066894531,427.1269342906215,418.6840011085922,421.06124440475634,118454400
421.9196472167969,425.43829858096694,420.58952998140325,424.04216920738406,84472900
425.3912048339844,426.31569157716,419.99528032572806,421.4197378367775,81012000
431.6172790527344,431.9380123033958,429.23062177963686,429.42871580152007,92589900
423.86297607421875,431.7776105996194,421.86309308439786,425.7685189857641,140103700
415.5049133300781,426.0231836326423,414.0710421144383,423.947845988049,153214600
414.146484375,416.5803257355876,410.67498861776903,414.9955162101405,123006300
420.8253479003906,420.9951427431811,418.0707734780917,418.5896294380124,88482700
421.29705810546875,422.6743310487677,416.90107555558865,418.7783192186944,84863600
412.29754638671875,421.2687487717077,411.693821753136,418.10854352626,102259100
409.62786865234375,413.80687151261105,407.3544084156553,412.55220911710694,132642900
405.2319030761719,410.8259207595827,401.7320794413733,407.4204659812032,124391800
398.0435791015625,408.71278582656134,397.4775675598708,408.1467742848696,132578000
404.03387451171875,404.4678331044579,387.3744592030102,387.7329054308326,213942900
412.9485168457031,413.0334142854598,403.6188380777887,405.2696888019006,121804500
411.8918762207031,413.37293170296726,406.297858901948,407.552492478369,145615000
405.6187438964844,412.40138421552143,402.91132456726035,410.39205847249923,137785900
413.0805358886719,414.8068411449072,407.1186004140651,407.8732634005898,117726500
411.0240478515625,416.1180952528959,409.22225892771945,415.51437058927706,105501700
407.6845397949219,408.81653407408726,403.63759043469,407.28832308466133,113978200
395.6664123535156,407.8072341448679,395.60037142345385,407.09972677904506,137896600
392.66656494140625,403.0055972451965,391.60058263341585,395.84562657872834,164772700
403.19427490234375,405.1753011556901,398.86433355936276,401.05289644474624,116990800
401.3736877441406,402.269846539242,396.61922980556955,398.5813710564199,93972700
396.2701416015625,404.4772092709991,395.7607282684723,403.8640420157582,95636300
393.37408447265625,400.4963135753872,392.2326473482891,397.04370305998077,95729200
402.0245056152344,402.65652931408596,394.7135972445158,395.9870872847089,106219100
410.9391784667969,410.9957767582318,400.7321976792803,405.5338401149026,144954800
416.080322265625,416.080322265625,408.646774491688,409.02410595061707,102676900
420.6376647949219,420.95939445645286,413.729876857018,414.4679693459392,106345500
420.51458740234375,422.47335203270006,417.00389114982016,420.4672563901048,88349800
425.4351806640625,426.37198236705336,421.90556943878335,421.90556943878335,74650400
419.9563293457031,424.3943560786695,419.8711681632906,422.8992560796724,79426100
426.2868957519531,426.29636773137105,420.8647650949058,421.98136130275304,64736900
428.36865234375,428.64307980820996,424.33751705816746,426.92085470819296,77101300
431.4156799316406,431.4156799316406,425.8799725760659,427.7725201247763,68529800
436.7526550292969,437.24473588066155,432.61744319877937,435.30485728967426,86581500
434.0557861328125,436.42147053755207,431.94558524771077,435.60766008577025,79666900
427.37506103515625,434.1125250531456,426.9208392701977,433.2892715675178,121699900
428.5863037109375,429.0972707248986,425.0093902232998,428.9553354432427,89048800
432.2577819824219,432.36188709811455,427.96172050083106,428.7849739372156,59601000
426.7978515625,433.2325015603828,425.6528684021026,430.7627409154782,74214500
422.5301208496094,424.8106439250677,419.64399762453365,422.8802663750546,106898000
424.65924072265625,426.47609894481815,419.70077574327007,421.6500972677455,78097200
423.52374267578125,426.4193379958125,421.98131186663085,423.9022463943376,79272700
416.28472900390625,421.09178658035466,415.7832051098399,420.24958914576314,89770500
414.7423400878906,421.8015343492119,413.1904372386116,419.2749706687826,84363600
419.49249267578125,420.2494999060057,414.31637560274135,414.49616987356524,74070400
414.2691345214844,420.836275728142,414.16502940715344,419.7196509137634,97869500
414.43951416015625,416.1238802748247,412.2062931005156,413.341833148195,66002500
421.12957763671875,421.8487258786691,414.16498947642106,414.33531178020064,77821000
420.81732177734375,423.5236792719314,419.6534237389744,422.90860721160914,65224400
414.524658203125,425.8326405645599,413.61624352930863,424.44161705872466,85417300
403.1505126953125,414.5436288750389,402.58274261879126,413.43650465990896,132471800
405.4877624511719,405.65808479066646,396.33728283967,400.90780109531795,119647700
393.7445373535156,403.15050131692556,393.71615029439,402.95176302506155,103996300
394.8516540527344,400.198124069915,392.7130949238464,394.8232669941469,122030000
404.8253479003906,406.5570449371299,395.1639015423122,399.6019274903522,105449100
389.86480712890625,402.9896201658994,389.1172427381389,400.83211704855785,145491100
392.2115783691406,393.57421496301487,383.2598073525532,389.93105502630925,158312500
394.00946044921875,396.4224469103301,391.15169530175734,392.7130700591638,100028200
406.00823974609375,406.57600980928174,391.4829309462933,394.67186907445193,144247900
391.5775451660156,402.16635092774,387.44233342518896,401.7405161814466,172929100
389.240234375,392.5143334096191,383.9316525873715,389.01313791973797,151770800
376.77783203125,384.5751184962438,375.19754216123187,383.3355021930368,155586100
377.64837646484375,384.26282054447404,373.60779806565324,382.7582487909865,132497200
371.6490783691406,382.3325189051048,370.90151389396823,376.68326250399224,142361000
371.2609558105469,374.53505416069913,364.4572467735061,368.45052225228403,125090800
380.1370544433594,381.5186058960115,374.35530738560897,375.3962141833524,104174400
378.59466552734375,382.26621234005705,376.2384531036934,378.4905892750784,78622400
386.3824462890625,386.6190146909032,380.9508161457749,384.6886084460492,83029700
370.8067932128906,382.1053033485448,369.5671769928699,381.82143279357103,117674500
368.5357360839844,372.96431881468,366.31198717995636,367.7408696651366,98510700
368.69659423828125,375.6990132327795,360.09497051983396,372.12210011344524,131432200
375.594970703125,376.3614500919125,369.4063326029317,371.72468584727085,76414900
372.727783203125,373.9200684973476,366.17008413397616,371.46922293735594,91448800
376.0208740234375,377.9891400065701,370.8353112713151,371.2327301577242,91472900
383.5342102050781,385.1712741839689,377.04278616008014,377.25096753960395,82168300
392.9496765136719,393.06322475181946,385.79584873051925,385.99455814727753,84768700
390.7448425292969,394.08518796704755,388.0006542200998,391.33152767867176,95937000
387.584228515625,393.87694263717856,385.06713709140746,392.8644517588874,86585800
394.9652099609375,395.01251209671574,385.1712709822698,387.42340710258367,79609600
388.4832763671875,391.79523485840576,387.5086154520342,390.2433318753729,71874300
389.66607666015625,394.22709420031765,388.49267756993027,392.49542593941146,57508900
393.4037780761719,393.85799980122914,385.710569071012,386.1742627730429,59272400
389.1266784667969,393.47954333395916,388.33181201108613,391.6910721501235,64350000
379.87213134765625,389.61873928900354,379.87213134765625,387.34768809546443,86289800
368.85748291015625,374.5162101273659,368.8101807755536,373.6645695586442,132893900
354.85260009765625,361.2967210051914,353.2439234260221,359.442032834515,170004900
353.7833557128906,357.6346967344851,350.6795790257293,356.60326183152415,104011800
358.8269958496094,363.27446487884,352.1273619331276,357.08582684228884,125666800
346.9512634277344,351.0107858866292,344.51933296816924,350.6038951062925,134473300
347.69915771484375,351.0444479219139,344.19235133733406,347.3665544750161,111113900
356.45208740234375,357.83960704291667,353.3538996954697,353.42994485542835,76811900
355.8057861328125,359.9208378596493,351.8047441204501,352.2229054186672,90059400
359.2936706542969,360.0254385770398,354.3803178822355,357.9441735497339,79292100
370.71697998046875,370.7264928757993,362.43933990911876,362.4678495923808,98050300
369.3009338378906,371.93342448126845,368.20802402579585,371.63881476677494,66009600
361.75506591796875,373.64409647087297,361.64102718888944,370.859544492515,86548900
361.4604187011719,363.2946090766125,359.6357412197438,362.3062541919747,65676000
358.5238342285156,361.7645700473963,354.06663699104956,357.5639599441416,112508300
362.31573486328125,362.7529219458162,355.2450444294537,357.86805091376164,74839700
363.00006103515625,363.01908682641243,354.3897883879628,357.2218760257325,81438000
364.2259216308594,366.7158632778939,360.7571091301574,363.14249596615014,70426200
369.6809997558594,370.4792996961626,364.2449324457464,366.0031064941069,64525900
369.376953125,371.24916611652566,366.5163562235368,368.04642405277673,72397800
365.1573791503906,367.66631821985214,364.4636048722329,366.6969600116307,58366900
361.9261169433594,366.99155941529256,360.17745545859367,364.60614303529803,62219200
360.02532958984375,362.96197129328345,356.0623395287953,356.48050078741414,84224600
359.1510009765625,360.2343976523002,352.62202423836516,355.0644304558433,89704800
366.01263427734375,366.12667298735175,361.6504796031944,363.5606860012762,79060400
362.99053955078125,369.7761047012278,361.7645652536722,369.1013562443131,63203600
372.7981872558594,373.36840979135206,366.2597263907414,366.9154489534266,78506000
375.1741027832031,376.59016077722407,371.6197609648057,372.98828349436786,71843800
378.99462890625,379.04213537491796,372.1900378364041,374.5944510061109,64903900
375.478271484375,380.31560739398503,373.2544293512537,379.1181717855212,72197300
375.93438720703125,376.7897064873113,373.6915196914538,376.10544526254284,53631500
371.48675537109375,374.4993845551237,370.59341339787153,374.29030390175836,52946400
381.13287353515625,382.8815347076384,374.4898288550795,374.784438514411,82342100
385.913330078125,386.60707546317235,378.38645367496315,381.9408256721915,73966600
391.5393371582031,392.52772101696127,386.5784500823875,387.3482404042619,87003700
390.3798522949219,392.8888197367453,388.1275009339841,388.84027182049465,69997500
387.8044128417969,392.49919977922883,386.62597416207234,388.81179345563703,63435400
393.8772888183594,395.04621476373677,389.6481690410905,389.9332658563709,67820600
393.6111755371094,394.48549174301655,391.96703995040895,393.80123040665455,45656600
392.9459228515625,393.5921616324373,389.2680289335886,389.32504829644654,56814900
392.48974609375,396.8899240250277,391.3873233872075,394.63757214293867,53886100
390.9311218261719,392.26162182953084,389.85720892972773,391.75793150673337,44931800
399.14227294921875,399.28485036063125,396.03460162898654,397.9923437821938,68665700
399.14227294921875,403.85608634972215,398.40099222133176,401.993357133819,59489700
405.8993835449219,406.0039093837423,400.1306825479558,401.0810440036907,61694500
407.57196044921875,408.09467660080554,403.6279665910464,403.68498595264106,54048300
408.3702697753906,410.29950209001703,405.69024389909407,406.4980568196023,59289000
405.4716796875,408.18021543915523,403.4664310836019,404.7684215424708,63563400
406.65020751953125,407.334439976029,404.37882954975004,405.6713073045553,49023200
401.1855163574219,404.1506388492187,400.31117123671885,403.884538856435,68016900
392.8319091796875,396.51931622755393,391.9290542056425,396.34822912534094,77695600
391.88153076171875,394.7991472328157,391.33030490584025,392.40421793285645,49105200
393.13604736328125,394.5045412160434,390.96922434253923,391.65345676755487,49177800
398.68609619140625,398.73360265745475,393.5351249523274,394.6280346959815,50942300
385.19097900390625,399.11376779613755,385.13395963978553,398.5720838369905,103087000
382.6440124511719,385.6946644031111,381.285002619314,382.23536401267944,65370800
378.4433898925781,384.04103223682625,376.3430994030369,383.80344189629403,85652400
375.5637512207031,381.3229380663818,375.4307157273297,380.07796715106764,76029700
376.74224853515625,377.08436469022797,370.678938652205,373.3874742240931,78740100
372.7697448730469,381.6271200488621,370.9545511254495,380.41065862148133,99632100
371.36322021484375,374.5564205138696,369.1393780774377,373.61557203339373,76637400
378.0347595214844,378.8045499413538,370.8310328137159,371.0495973756983,70964200
380.5057067871094,380.9618617031352,374.5564350669581,375.7634126219765,80821700
386.4169616699219,387.2817940480387,382.4824514443837,382.74855148359427,76706900
390.5699768066406,391.29226066106133,388.1845607104956,388.4886832810648,69256300
373.5870666503906,383.09068051072757,372.4656471755256,381.883702988719,122947100
375.01263427734375,376.5332183991337,371.70536598765534,374.8890826483059,85023700
370.7550048828125,376.305112280204,369.48152401791003,373.45402792521134,87633800
367.926513671875,368.58495903524056,364.6342868550473,366.57147330224217,103084800
370.77978515625,370.77978515625,364.70111961719556,364.77747715242447,73278500
366.52374267578125,368.4609000016925,363.7659311992638,367.4493811490609,77274900
360.1301574707031,371.50498233585387,360.1206054997159,368.45132204995605,106746600
357.10516357421875,360.9985532046951,356.36083780125125,359.35721571534805,89472600
351.12188720703125,353.6697589480902,346.675007940967,353.6315801864885,122346900
347.6483459472656,353.27850469382014,346.42688767980343,349.65230865281546,92581200
346.76092529296875,353.459857136267,344.3657100991575,351.18870108949443,108294100
353.5839538574219,355.27299311416255,346.01663630256644,347.7152275322068,110802200
346.19793701171875,350.32034122123895,343.2492605532847,350.034073262893,112952300
340.844482421875,349.17522920833704,340.7109004194997,345.25318357199444,153711200
349.8432312011719,351.69450844335853,342.78167292655894,344.5661446001822,89756500
360.68365478515625,360.7122815791371,349.8050362444443,355.3683901017397,103602800
359.8439025878906,362.1055067151951,353.9847287224127,356.3131384107271,88065700
356.1318054199219,361.3993391526018,355.6355688484854,358.441111032702,82333500
346.19793701171875,356.21772325997466,344.43254027693825,352.09528992858685,107789500
343.5545654296875,347.55293916401916,341.31206538570666,347.3143728510966,76042800
341.3788146972656,346.4268856317471,339.441657555121,341.85594728520135,92482800
340.2528076171875,343.36372158176107,340.0046893387279,341.7891897787711,76991800
349.2325134277344,350.70209031395274,332.1893180537023,333.23901582957257,147254500
341.2738952636719,353.32627035722425,340.6345247152281,351.6944557677686,123737000
350.0435485839844,351.15049965030477,340.93985091780337,347.3620658478121,93168200
354.156494140625,358.2789273270504,350.7115811797056,357.9735554343078,97162900
351.64678955078125,354.8435843710711,348.831695054884,352.114370264022,79746900
348.6980895996094,355.62606505287266,347.9346598802896,351.19826004641624,88283100
357.1719055175781,357.65856093354137,346.91355531677885,348.4212814163938,131038400
361.5424499511719,362.67802786353946,356.0458731062238,358.6987583066402,85436900
367.3157958984375,367.63069061993605,361.351638036336,361.46614520779,78846300
364.54840087890625,369.85411334727513,363.90905946867207,364.16670060269513,104087300
362.6017150878906,367.3921160917615,361.9814193866082,365.55039117436706,81971800
371.22821044921875,371.7053430142965,362.31537762818976,362.49669033266815,100302000
368.54681396484375,370.6366574184391,367.6402793522776,368.7663054799875,96631300
366.93402099609375,372.53558182792375,365.76029351237366,372.2970155430231,85407600
357.7254638671875,370.85616501782636,357.6205086522629,366.34247921682703,126990400
354.0420227050781,357.08613172387004,351.9235523083306,354.4809766440454,87100100
359.1377258300781,361.5424637304622,353.0781357834755,359.75799240640606,103505200
362.5731201171875,363.1647599563083,358.3552545876023,360.43554599672575,68286900
364.52935791015625,367.50666109536877,360.44510344190144,363.68004778364957,84641100
357.0192565917969,363.7086651999319,356.52302003221314,362.5539832992573,78495500
376.63897705078125,376.9729757332263,368.0028876550996,370.30264142200895,141455800
380.2843017578125,381.08588117365133,375.608378149284,377.49783406496215,93839900
377.04931640625,381.8778966959395,376.7725713035823,378.51889318368023,71903500
380.2651672363281,383.91046764433503,376.44810606485254,382.8035164099832,93194500
377.3642272949219,379.5876526465697,376.73440869768956,378.63338733958733,68508500
376.2095642089844,376.88711357872995,372.29709955126145,372.60244233222005,74496300
377.91766357421875,379.61625454437336,375.0644198124641,379.54944898801807,92922500
376.5435485839844,377.7173054097724,374.70182350827446,376.59127932303574,51243200
381.61065673828125,381.7728946397623,377.07789693039774,378.49021994388283,60429000
384.0154724121094,384.5021279345099,381.04769204993397,381.27670641341655,68261600
383.9295654296875,384.4830556409012,383.17571677097555,383.45243275471506,30545400
377.80316162109375,382.47905555883773,377.03973194191514,380.83771815093434,67881600
377.15423583984375,379.1295426207394,375.3124819183031,377.93671115122805,52310000
389.0348815917969,389.0348815917969,375.4843314190897,377.4023849238339,144566700
388.74859619140625,391.24876657686235,386.2388738341099,390.0750097932602,76398200
388.300048828125,389.20658327820155,383.7482143923798,383.8531695839399,85342700
381.31488037109375,386.41065374736974,379.9598399084257,385.47549236036787,77289800
375.81829833984375,381.69657620844976,373.7284840801718,381.1526671084108,77972200
375.178955078125,377.54554354532956,374.04337702250234,374.96901554376115,65927900
378.1180725097656,379.18684498444895,375.2839034087124,377.068403979044,60737900
375.2934265136719,379.4349340954439,375.1693673749268,376.87751028175563,81447700
380.70416259765625,380.70416259765625,375.41752454941917,376.08549280299235,75405800
383.5859680175781,391.7162967072409,380.81860487443333,391.4586555975836,123782500
381.1336364746094,386.9546618734049,378.1849595618633,383.2425550843328,108111300
371.8103332519531,377.17329870946276,370.1499212179962,376.2667351726121,117705900
367.42071533203125,370.59383534034583,365.2829507209457,369.2517350620785,119858000
364.3050537109375,367.94793017730285,362.6370171493984,367.6123978473552,79878100
364.8036193847656,366.4237355185501,362.22485603598886,363.5477938735729,74427200
370.2583312988281,371.38952801231983,366.86471190276114,367.40155201274337,78167400
364.97613525390625,370.23909861779407,359.2721731477049,367.2097701866978,100120900
367.0755920410156,367.2193832656584,362.3973891620379,363.9503928993597,59857300
365.6280212402344,367.3056537714611,363.95038870900765,366.96055483629175,51638200
361.0840759277344,367.53578243852644,360.8540099500132,365.5609421925815,70911500
367.58367919921875,368.45605164881476,363.4039622569558,363.93123576240765,66970900
366.6154479980469,366.7592392294088,362.78085913190785,364.8994905444754,84022200
365.0720520019531,370.45004902050835,362.20567683665195,368.4752380300906,74850700
367.8904724121094,369.9227998702252,364.2859494452824,367.33444063245616,85934100
363.6916809082031,366.0499454867318,363.09732415923725,365.9349124715254,76970500
372.0318298339844,373.153460042991,363.72037415912655,366.78802795358683,104189600
371.8208923339844,377.4194177778674,371.6387762794701,374.2271061896771,73978100
374.42840576171875,374.4955180862106,370.29663872249137,371.2361234986063,65358100
379.16412353515625,379.24083169297677,375.1953394078577,376.01019536505663,68881100
380.54461669921875,382.0113458697923,376.19237910493234,380.26663005159156,90157700
382.0209655761719,382.5961598321735,377.0743417835104,377.34276186889844,63903900
381.3211364746094,383.67942996148565,380.64050506445955,382.00179714035386,62677300
375.3008117675781,383.57394241937,375.0995040316948,382.5098579883935,99632300
372.56866455078125,374.90773682058955,371.24572672429906,373.2588624544161,86958900
379.5092468261719,379.66263388423897,372.31939304197067,373.9682673467044,91806400
384.0628662109375,385.99932319331543,379.35590453409674,380.314551818449,84178800
383.650634765625,384.56133208460926,381.19650018692624,382.3852133953482,59524900
383.79443359375,384.12996598342204,377.2852105542449,379.57639153162364,84800300
388.0124816894531,388.1754645974599,383.4876654146606,386.4594777963223,72287400
388.9040222167969,391.28147800741476,386.7566616675893,386.967565239786,68346200
384.0245361328125,388.3768032673917,383.7273577965346,386.14313857209555,74202000
389.67095947265625,389.7188801347345,384.19706240377985,384.5421906397612,86811800
393.8122253417969,396.5635671519253,385.7116747281049,388.4533914496531,101459200
399.5450439453125,401.01177323006914,395.80632510726565,397.70442814895335,101654500
395.2982177734375,399.7271635935274,394.0903128204698,394.56963646776256,94736800
392.8824157714844,394.2820619137646,391.22397464206705,392.8440909429574,60295300
398.020751953125,399.26698166926644,390.7158646278332,391.9620943439746,90990700
393.6684875488281,397.388043561494,392.97826035827575,396.0459432619734,76227500
390.2557373046875,397.4264298512411,389.02866989488314,397.2730427680662,78694900
391.1663818359375,391.5498348355642,388.26168221177215,389.0765088651331,70769700
395.75830078125,395.8925254285683,391.35811375424055,391.8182749307163,64913500
395.5762939453125,397.8866085323106,391.6170753346043,394.23416412394835,88389300
396.8608093261719,396.9374882356896,392.5373007553342,393.38091503799455,61555700
391.3965148925781,395.83505653186137,391.2623194847148,391.8854343728946,76431500
390.4186706542969,390.6583324559055,387.34139205761664,389.2682823043391,89257800
382.5865783691406,387.4469275943241,382.3277541092348,386.3924096279732,82655900
382.0593566894531,384.54225003382606,380.6021938656125,382.998812451563,83742300
384.0916442871094,385.56796937278995,379.8640060342025,384.95442103644666,96242400
379.9886169433594,380.8226354035622,377.36193273433554,379.0683237378521,108194400
381.2828063964844,384.69558849089844,380.34332149757034,383.33429643374495,80444700
379.8735656738281,382.76866981415725,379.7680992642455,380.8034546692743,96438600
378.41644287109375,380.2858168924637,377.1126965271028,379.05874946346245,99706800
381.3594665527344,382.20308082772186,376.1060690029621,376.4416013971857,85127800
387.4756774902344,387.724935164796,382.5290536184137,383.1809267997028,90120000
387.7440490722656,390.6008283701899,387.3030795348652,388.3000515971973,72795900
381.80047607421875,387.93584262349646,381.1869569726485,387.6961807819027,108310600
382.4235534667969,383.1808636899206,380.1898891101756,381.91547162159134,74746600
375.367919921875,384.8777136423342,374.3805144113086,383.2096475110798,111945300
369.9515686035156,376.901761257044,368.4273229667233,374.82148382483746,189253000
369.4242858886719,374.24630958503957,364.90906558564376,366.0210998932848,157790000
375.5309143066406,377.1797888194533,371.0444227448801,374.3517676052174,149752400
373.18218994140625,373.38349766674736,367.8425178859198,369.9323910671056,172996900
379.7297058105469,380.0748339949691,370.3158130995553,370.82389491517466,143254200
375.2896423339844,379.53341458067706,373.90391958538095,378.39790074611807,140553400
378.89837646484375,379.31219038734906,375.3667296908288,376.069194315506,93055800
383.87347412109375,384.35462710121084,380.66897882785537,382.2664102459138,91524200
377.3297119140625,387.31845078432247,377.29124082660223,383.70020095781945,111746600
378.349853515625,384.2391613901428,375.636143615093,380.1974645439356,119351300
380.8326416015625,380.91924562706686,374.72199195257224,377.07002120152987,107682400
381.544677734375,383.88310351821207,380.6497402466303,383.11324113581304,74010400
380.6882629394531,381.54470001628135,378.850254938649,380.85183851528325,62871700
386.2214660644531,386.4620425314962,383.65209647484517,384.8549788100607,77497900
388.48291015625,389.10840312839423,386.6160343292529,388.85819419263817,69840000
393.9584655761719,394.25677808538353,389.3008787149844,389.4067476454537,112062600
395.4596252441406,395.86377728046097,393.04422801384897,393.4387769608017,67391100
393.2655334472656,396.39302737074536,391.8894138018298,396.1043180036167,66601500
392.23590087890625,393.29444326978927,390.58073351331996,392.53421336625786,65200200
393.76593017578125,394.04500709302937,390.38822726994033,391.43713711455257,63743300
394.1701354980469,394.2471364215444,390.6673570273508,391.2832175790923,63681000
394.2760009765625,395.6809594619992,393.5061679518089,394.7956544202573,59297900
392.6688537597656,396.6335781608483,392.08186134223416,396.3448688124016,86420400
397.8846740722656,398.2407226034187,392.6112264732372,393.7563729944993,85814800
396.9127197265625,399.44358917464797,394.6031912280039,397.24953269593004,78161500
398.3369140625,398.35614960865223,395.59433632263926,396.8260867230395,66436400
398.59674072265625,400.0498321097644,397.2206502574761,399.9150951800139,63560000
398.52935791015625,399.43389838923747,396.62398175927586,396.6817177607652,55227300
396.3545227050781,398.1059263317623,394.80519507616737,395.7097648891914,75840400
396.6625061035156,397.1243941432459,394.7090262895011,396.6528736469394,73457400
397.07635498046875,397.49977199704205,395.122874849699,396.4604650046347,64332100
390.7732238769531,395.6617550067555,390.71548786392196,395.103601057788,97766700
389.1180419921875,392.46687746099377,388.5599174310108,391.38909943441206,80447000
396.8646240234375,397.1340685308111,391.40833604006144,391.65854499949717,92968400
400.25189208984375,400.2615245465103,395.92151547329547,395.9792514788031,89433100
399.8477783203125,401.8782298985706,399.6168049089298,399.8092778572073,62122300
395.35382080078125,399.1838095173126,392.44766705242614,399.1356765936417,103998500
392.6400146484375,398.2695096340394,392.39943819065314,395.8541126003669,91531800
389.8590087890625,391.91832822239473,388.5213894409254,391.59114772802405,94901900
397.07635498046875,398.12526506376383,393.23676319139554,393.49657525587213,87891800
397.1821594238281,397.6633124121759,395.7772009206819,397.4035003706773,50046800
395.4403991699219,396.55667765861574,395.2094551264847,395.63287211761855,49220100
397.2879943847656,398.9142936957152,393.45800635276555,398.2791682813285,96142900
396.5951232910156,396.8838033054011,394.5165390857067,396.42191528238436,70157100
396.07550048828125,398.0482452964263,393.65050007841785,397.8365368137777,70481500
397.4420471191406,397.846199230762,394.76683736705866,396.6818170861844,54289400
394.78607177734375,397.259205466478,394.77643931896347,396.3353704795069,57705500
399.57830810546875,400.18453618231763,395.1613273420889,396.8068622851723,87287000
403.427490234375,403.8509071558303,399.0393779276958,399.26068947715396,97177200
402.8404541015625,404.8613021791118,401.61833629319466,404.3320457296968,103793300
403.004150390625,404.54384591155565,401.61842735851235,402.85981035962357,60745400
398.4812927246094,402.9367742560176,398.08674373587735,401.35857830108944,86383500
395.5943298339844,397.2591296170941,394.4299479150844,396.8742131296412,89213700
399.0201110839844,400.4732023013642,396.86455539773374,399.1067150856023,90961600
404.1877746582031,404.90950419232723,399.5975853933837,399.6745569554337,93830000
404.34173583984375,406.65126441099187,402.95601282370507,406.12200784767117,72216000
402.09954833984375,403.41790279671176,400.5309849376734,402.51333285149997,110811800
405.919921875,406.9784643429913,401.07952389464964,402.33050994129945,88865000
411.7899475097656,412.579016016894,407.96959196903765,408.49884845924817,91426200
411.0009460449219,413.4259468733951,410.29845201140193,412.1364602082128,65460200
411.89581298828125,412.4250695118066,409.9327006351518,410.5870909976928,64022200
410.47161865234375,413.42590516438145,410.04820165667223,412.2903911156484,85373300
412.9543151855469,413.40660011091546,409.7690851631247,410.5389180982335,61952800
413.6953430175781,415.7065590310339,412.70416901348756,413.7530790281272,85742800
417.44830322265625,417.5253041431819,413.9551573440261,414.6768867959098,76104300
420.2005310058594,420.84525956412307,418.2470510492617,418.91104452208407,95899700
420.7009582519531,422.51009835206776,417.24628300428765,420.53738266663987,100612100
425.9166564941406,427.1676425913594,419.78677175671936,419.88297886631347,110303100
424.4658508300781,428.4742491472454,423.99257880127806,427.9043831698667,114165800
422.2636413574219,423.41304154167295,420.1870041214196,422.52444796434224,76160400
420.10009765625,422.08014103507514,419.5108951805997,421.2784731312149,76982300
421.61651611328125,421.7227488220665,418.80580025695025,419.14386433493524,70637200
418.42913818359375,420.2160232388723,417.71439595201736,418.158692787078,92074500
416.7194519042969,419.7812763373377,416.4779817986355,417.8591837286991,72823600
421.2881164550781,421.9062646558956,417.1444807996532,417.59844581995696,72813700
421.50067138671875,422.5148342796088,419.5882170864921,420.20636537536024,75636000
423.1618957519531,423.32610840810986,420.679605245235,421.0852585523664,67882300
428.155517578125,429.1407051013052,426.0595438710738,426.3783009507995,104964000
428.64813232421875,428.92821645735074,427.5277073626863,427.8078209721531,32793400
428.0106506347656,428.7447292814146,426.8226069528998,426.8322751907773,58418400
424.6590270996094,425.08401688065084,422.1477318870011,424.42722521043544,80658300
423.58685302734375,427.5373299461191,423.34538291856603,423.6641399688983,86134200
424.6590270996094,424.8328785164898,422.6596473764828,423.2295133382579,62443500
427.3635559082031,427.8561644856897,424.4466068764,425.4221557921788,64463800
430.80206298828125,432.2122699147005,429.7299496500487,431.1594635773627,91924500
434.2212829589844,435.0133121303779,432.1832890285731,432.61791761555475,72425200
433.9507751464844,435.9597935487755,433.1877213239847,435.109843497716,69815800
435.4575500488281,436.51035622999115,433.75759097947645,433.80590268905246,52680200
438.6932678222656,439.3403912522435,434.69450839296843,435.1291664096603,80668200
439.6688232421875,440.85683741354967,438.61598753921226,439.4853035858035,65891700
436.7518310546875,439.57221504319733,436.037088927524,438.6739532656,70591600
436.7518310546875,438.6739532656,436.7421922937348,438.4710971405942,71275600
438.7029113769531,439.51424741630717,436.86771494424903,437.90121409817567,54023400
439.9006652832031,441.1562982796933,438.38422565839835,438.43253737447066,55191200
439.9682312011719,441.39771546076753,437.91090104233945,438.96370723872633,71052900
437.05133056640625,443.76421294632905,436.14340038757626,443.3585300993958,92194400
441.33013916015625,442.16078225681895,437.05126606431355,440.3256151682766,80011800
442.1705322265625,442.5279033679905,440.4898797710363,441.80349284574254,62040400
440.9051513671875,441.6488687577706,439.94890960634154,440.70229523457317,55291500
434.7718200683594,438.0461398306252,434.0184344125547,437.7853626915781,93933400
433.52581787109375,435.4092967139093,432.10597229878186,432.7531252299224,64276100
431.5650634765625,437.44727217935485,431.0434797536367,435.3416597654818,100128900
435.3320007324219,435.4865451527169,432.7048045400754,433.40023969323573,58357500
433.4388732910156,435.3223520518387,430.0775985479417,432.7917203880473,71361300
430.541259765625,433.87355948928627,429.77820586959297,433.7093468244431,78789600
430.6957702636719,436.2882265207825,429.52706313111736,432.89797658868093,93005500
430.4446105957031,431.45880273974404,428.22309738246776,428.8219385368356,68690900
432.8206787109375,432.8206787109375,429.2179634605814,429.5270522820505,47867400
427.7787780761719,431.40082952174134,427.2088827095651,431.0434290189945,75707500
424.6397399902344,429.0248164729432,424.53347780183003,427.36350074460506,80107200
421.40399169921875,426.368601907091,420.8824080004751,426.1078247958852,95711300
421.6068115234375,422.64031066724186,418.23589822455375,418.58360103387196,98852000
424.34991455078125,425.0936318878785,420.46708574241853,422.62098028708044,68719000
423.2005920410156,426.1272091701829,422.64039424533416,426.1272091701829,64994200
427.9140625,428.5322402058597,424.1181589807745,424.2630351692306,68441000
421.9835510253906,430.0293227205553,421.9545463127507,429.5174072282619,88517300
424.9584655761719,426.24307373449807,420.1580380770201,423.71247141677657,102325100
427.65325927734375,428.2714074691659,424.95844443108183,427.1509825528838,61595400
433.83489990234375,434.1150135078099,427.3634885979469,427.5470082557006,83081900
435.6217956542969,436.25928035352985,433.4678714194492,434.17297483140425,69053900
434.98431396484375,437.3796788770793,434.8007943012341,436.2399468961714,66084600
435.7955627441406,438.1909566525836,434.33707396557963,437.70801647174403,58944100
433.9122009277344,435.6701107330132,433.8446116862524,435.35138309753785,55166200
430.9952087402344,433.20708339429626,428.6674331394679,433.1008212089274,70758500
429.67193603515625,430.3480346831722,427.6435811384425,427.9912839614794,70355400
430.3191223144531,431.8548689598933,429.36290993507305,429.7202810475146,61659700
433.1491394042969,433.4581987746905,431.23668532604137,432.94628326819304,60180100
430.7731018066406,433.2264469118444,430.1935969975154,431.70036845391746,67565400
431.27532958984375,432.4343685526933,429.8940980148542,430.99521597971284,60199300
434.9939270019531,435.6893621396805,432.4440178145085,433.747962382289,83430800
429.7530212402344,433.7368084981918,429.3168595859164,433.4072542770486,111848900
430.0050354003906,431.3038771522312,428.96789063501143,429.4428320631367,55752200
429.11328125,429.6754845917088,426.42836539622306,429.08420380682946,66514600
425.16827392578125,430.7901294710478,424.96470225740006,430.3733429544115,82562600
418.1409606933594,422.5802845540439,417.98587113932,422.31858757052555,104095800
417.2007751464844,420.7677463582612,416.78395900410345,419.16842775985725,100829700
418.9551696777344,418.9939198820318,415.5529609010411,415.98915213200996,70874500
412.8002014160156,416.6191968671865,411.9665987111882,415.91160628125357,96168400
412.9649658203125,414.5352365633177,409.320464597115,413.9730331962355,104705800
415.359130859375,417.03600913362396,411.82123687227,412.412517717301,92258300
414.35101318359375,418.5867946420908,412.8292247753013,418.41232999892884,115111300
414.1862487792969,415.436637965525,411.4237734247356,413.51743802249865,83798600
408.6419372558594,414.2444181473067,407.27523825202337,412.00536625897985,103760600
411.6176452636719,412.3639860114544,407.64356048210016,409.1071941153402,87453000
411.4625549316406,412.3058303467078,408.23484048426144,411.3268404794052,70142700
416.3477478027344,417.88891132912596,407.6823154616602,409.0102345616155,113273300
419.0133361816406,419.5852123041229,413.8954989431742,414.44797038266114,80374400
421.1942443847656,423.7919280682824,419.2459668319729,419.643378299873,78607300
422.9195556640625,423.1715503152822,419.8759785243393,422.2604472219357,62451700
420.34130859375,423.90828023948785,417.9859465760737,423.5302734172955,81154200
418.24755859375,423.0455435777595,416.67731756779995,421.8436069564154,95143100
422.64813232421875,423.71435449669224,420.25399100160854,420.4963128780658,75433200
422.62872314453125,424.68363748247594,419.1683892665842,419.51731856642147,75324700
416.9971923828125,421.81455273319096,415.91159504982164,420.85496751569167,93559800
413.3332824707031,419.52704410810907,412.6547989345063,417.71448112410957,121323000
408.25421142578125,413.4399055549237,408.14757441721036,412.8971069121286,123919900
407.5466003417969,411.4140774521023,404.96829212836195,406.7227000782813,92035100
410.6192321777344,411.7726865675268,407.81797735100866,409.6693198625217,78564200
404.7259826660156,408.9617938766799,404.21226147565824,408.93271643497314,94223200
399.8795471191406,404.5127401955018,398.95874174042217,403.65979204119725,115156800
398.0670166015625,401.86663693380547,396.6421626745101,401.4692254760225,107367700
402.8262023925781,403.88272225418063,399.5597081383843,400.85854988329856,86562700
405.3560485839844,405.67590044700427,401.48857130380884,403.39806888205027,79665200
409.6790771484375,410.4932751362608,405.7922246289102,406.32535052662286,98068100
417.53033447265625,417.6854240377106,413.4593147358308,413.4786898388463,94938900
421.339599609375,422.8904655764815,419.71120365505175,419.8372157670484,100167800
422.308837890625,422.7547018208165,420.36056071301397,422.09559347526306,67831700
423.51080322265625,424.1505365569555,421.1651439105342,422.308896123232,64256100
423.8209533691406,424.635151307966,421.51404441898217,424.11172778289733,61746000
420.51568603515625,425.0034918992464,420.0891971681386,424.9647121167065,83174400
427.0777587890625,427.38793789386506,420.5059906051338,422.58998243152627,89462200
426.6706848144531,427.7756572288507,424.9550565166978,425.7401770580696,52236100
434.94842529296875,436.23756475568536,432.3894918898645,432.612438681597,97176900
435.8692626953125,437.51706352995177,435.01628483174915,436.2860492849091,77327600
436.40234375,436.72219562577186,434.3571316402488,435.42335386000235,66665800
436.94512939453125,437.55578526494025,435.4911981146269,436.41200351038174,83133200
440.3085632324219,441.1518386514175,436.6834077524104,436.69311009341754,69936200
439.348876953125,440.1824794757429,438.07911286079695,439.261644639183,49244600
441.045166015625,442.36341233286754,439.94989604168717,441.00641581534256,59394900
441.31658935546875,441.51045868866237,440.7641179584505,441.09367216063396,29737400
440.5218200683594,441.5007803874619,440.13408138085987,440.68658238826873,50506000
440.9579772949219,442.25681906014256,439.57190319998205,440.13407696271906,62115000
440.6478576660156,444.24393625386404,440.25047574819746,443.1098566538022,63146000
442.3828125,442.7317713844543,439.4167950935211,441.491084558086,79752700
444.99993896484375,445.53303530779465,441.18094348970146,441.77219472169025,89183400
442.66387939453125,445.0192407534645,440.38604801477265,441.6073596439847,72430900
442.5766906738281,443.5362758597069,440.8998126034742,441.2778489374918,69793500
440.7931823730469,444.74786226267736,440.35699117640615,444.7187848215884,69124700
444.1565856933594,444.8059917006337,442.27616572968856,442.87711919802166,66995400
446.066162109375,446.59925845337557,443.167972091833,443.4102939900714,83194400
447.8011169433594,447.9756111721654,445.35852312344826,445.5717675539386,65002200
449.8463439941406,449.94327866221204,446.4538376737931,447.45220263628306,68327600
456.0497741699219,456.3017983886153,449.86571511357835,450.22434675999136,93278000
457.51336669921875,459.1805422525537,454.83812394192887,457.9883080715214,119026000
456.76007080078125,458.093403474674,454.91096383658004,456.9157891356936,141553700
459.32940673828125,460.31236579340026,457.30512766166345,458.36593103885957,70375300
462.1225891113281,462.2004631426164,459.7966147557437,459.8744590867912,55761800
455.7187805175781,463.1541458673366,455.2905624937439,461.26610177140515,102921000
460.0398864746094,460.31238616429494,456.28325178797456,458.7065536605437,86667500
460.9644470214844,462.64812393044707,459.06669078214355,461.16881437336167,67160400
462.9108581542969,463.8159432234597,461.2953136791012,461.373187704544,55387000
463.7478332519531,463.8938099220547,462.1712258143802,462.7064835048319,68000300
463.92303466796875,464.75998742977106,463.5045582870676,464.10794836189996,77158100
462.5799560546875,464.25389115635505,460.62377959337147,463.7283454487912,122283100
459.9912109375,460.9839117212058,457.8890577311239,459.5143439023402,123623700
456.234619140625,458.570335093064,455.6312290704376,457.83068032303305,103585900
454.7650146484375,458.34644746704663,454.54116395968543,455.75768568069975,84232200
455.387939453125,457.8404368275673,453.9378252017517,454.9694333616534,86118900
461.88897705078125,462.0349537185437,455.7576897026201,455.8842127147601,74879100
461.1882629394531,462.21012932199153,458.72602412321226,459.2320864754785,65931400
463.7965087890625,464.66268658164086,461.1785514545196,461.4607928330298,67310600
463.5921325683594,465.3147167416708,459.6116768106503,464.7989126874992,77940700
463.9132995605469,465.78189018349474,462.50215203979474,465.0422353972928,58026400
462.2101135253906,463.84511156166917,460.3902018147457,462.531291886232,85014900
459.6408386230469,460.1274473065962,457.28563952656407,459.1834252725011,68843900
463.72833251953125,464.2830735453687,459.7673604180853,461.31477246365523,91856200
469.5092468261719,469.7914881784232,463.7770119836413,464.85726900395974,110834500
470.5019836425781,472.22456782073624,469.8499148891261,471.0469830334159,75844900
471.8741760253906,472.1174803762762,469.956966252641,471.0469649925702,49945300
472.3900146484375,475.6794645582401,471.8936642634199,474.745184157241,81765000
474.95928955078125,475.23178923650255,472.3900110425858,474.52132983790426,72525000
474.3559265136719,476.0201200569098,473.509232074134,474.53109852869903,76641600
478.1125183105469,478.2585246858996,474.12235058965683,474.66734997690736,61322800
477.74273681640625,478.4531665594372,476.9835986796224,477.4215584200377,58618400
469.94720458984375,475.98113441506774,469.92772123444905,475.5334627445424,126011100
476.09796142578125,476.1271567596163,470.8425637335658,471.65035080339914,91891600
481.11004638671875,482.7644982110768,476.1952805049677,476.53591254829524,99228200
479.35821533203125,481.13921979443177,477.10037355108614,480.47743909484853,75757100
480.74993896484375,481.0808293147646,478.871606822303,480.3022375794468,55918600
484.7596130371094,485.17808940845316,482.0929770540646,482.9980918458816,70556500
484.97369384765625,485.3532331832338,483.94208579679537,484.7595848352,52343600
487.7765808105469,488.2145108276318,485.13914022884614,485.47977226451565,63979400
487.5624694824219,490.01496666720067,486.84226840178366,487.7473831666172,56502300
480.8472900390625,483.77668422244784,477.57729349036913,481.285249794803,113099200
485.2170104980469,485.703619202311,481.1586808363787,483.48468469887587,68387800
488.5649108886719,488.74982458371477,485.4408614304675,485.9177581862181,61683000
486.1318359375,489.4018321652925,485.39218120492103,488.26318443249403,75532900
483.45550537109375,485.06130820828355,481.20737545898015,484.3897857981468,71736700
483.8934326171875,484.0491509708409,480.3411949189208,482.15139479243277,59293400
493.9078674316406,494.87134322560775,489.5478424615369,490.51134795574427,76402500
494.24847412109375,496.4674086571224,493.51856105397593,495.6304262293698,61321800
492.438232421875,495.12432178467435,492.311709415622,494.6863621015271,50386700
493.3531188964844,493.5769696039291,491.2315119659273,493.1292978892794,48854500
492.7010192871094,493.28492593001334,491.435818926933,491.7959045901359,56506600
494.4722900390625,496.0878345083775,491.815425510208,494.46257806109645,83924800
499.11456298828125,499.54278105732834,494.93948136543304,495.3482457768837,76844800
498.57928466796875,500.4284215717115,498.2873313148722,498.3165563504212,49799300
493.5964050292969,497.0221493633574,491.38721217314117,496.5744479650044,72855600
496.0975646972656,498.3554361707815,494.8031986362925,496.8761267293977,68382400
501.0220642089844,502.0731556685532,496.15597704493354,499.39680772832526,58652100
498.0147705078125,504.34065341716547,497.44057585035506,501.6546234977977,86532500
497.58660888671875,498.17054528765857,494.88106560592894,496.8080468189585,62557200
502.9393005371094,503.5232071984046,497.17781094345105,499.6984700657358,73114400
502.1509094238281,503.43556340746846,500.7105668060212,503.26039141885445,55104100
501.1583557128906,503.2799627018452,498.11218023321516,503.1242146399968,110171800
497.7170104980469,499.54260646729915,496.04764647981636,498.0879869004349,107646300
500.6750793457031,503.23282668542583,500.26507469946,501.78800868482955,88893300
503.4573669433594,503.7404554386333,498.9763936514032,499.9819506807113,60755300
508.11407470703125,508.2507627953458,502.84240721032234,503.51601611982346,69594600
509.79315185546875,511.65774627628207,509.51000378121233,510.95488123336787,60256100
508.82672119140625,510.19342318455074,508.59237324097523,509.7053025616341,79070800
507.4209289550781,508.57288646937474,507.26469698888116,507.45018520809214,48512100
506.4837341308594,509.1879415331935,506.0835014250274,508.8462213354942,65463700
510.74017333984375,510.7792611284968,507.1476123013397,509.3148990950555,82999800
510.6424560546875,512.145845947325,510.3593675770243,510.7791441135719,96294900
509.7540283203125,511.92131455401733,508.59229902389643,511.38439386416735,62477500
506.51300048828125,506.6496289689748,504.2090260168563,505.927220028753,74230300
507.0694580078125,508.57290771634445,505.3708077109344,505.4196078580209,59155800
500.8801574707031,511.42355215213394,500.57752503507555,511.08189151305373,96858100
506.1126708984375,508.0749250607822,501.7977018812348,502.23702229721215,74546500
506.3957824707031,507.8211160052217,505.5855452146359,506.815618601476,48401800
506.9815368652344,508.37755449261033,502.12958759810414,508.1334942168097,68049200
501.9051513671875,503.89666208515973,499.92341259541246,501.2803426609476,82652800
505.6929931640625,507.13781122017554,499.9136613545702,503.4281061989144,70099000
498.7128601074219,503.5647804243456,496.98489398756476,502.1492186619509,92561100
492.4648742675781,503.05706721719804,491.6155194168172,502.8911229007107,92101400
491.5667419433594,494.4661795680653,490.27809637848605,492.94324564322153,73484000
488.6575622558594,494.1928634388067,487.2615443714678,494.0268893119992,75910300
487.6520080566406,492.15249561510325,486.71482481856754,490.0535829309475,74548100
483.3956298828125,488.56969668668467,482.1264983587833,487.57394131853926,102212600
487.84722900390625,490.4440340397871,483.6591461256328,486.0021189287348,67961000
493.6363220214844,494.06587050260373,487.66173106547944,489.85827361062917,64633600
493.402099609375,495.31552414024065,491.1762707245871,494.52477110173174,55928100
491.5277099609375,492.2891769636512,485.67026231159537,487.32011244956163,69122400
496.1843566894531,497.765862650216,493.68518162682494,494.3197324417275,64306100
497.9416198730469,498.61522873285696,495.1983842873063,497.97090591945084,46415400
490.0536193847656,497.45351534342734,490.0536193847656,496.4772740416634,77483600
488.4623107910156,496.1160385437577,487.9937042701267,489.4678380773352,80242800
493.0310974121094,493.8706803453591,487.6812848525579,492.1720003799534,62550200
499.1424255371094,500.37246932338707,496.4772760472205,499.01550940056416,72756700
504.2969665527344,504.3359947534281,501.1046384911043,501.54395898532556,47264700
504.8534240722656,506.2494419365131,504.17981521335923,505.2634287213709,52561300
504.9022216796875,505.43914245784595,502.90093900562147,503.018083190491,42047200
507.8114013671875,507.8504891521531,504.4336447297941,505.08770969254925,43643700
508.46551513671875,510.22273745681827,507.2452135831723,509.4124405414531,52233200
508.5338134765625,510.25200764448437,507.3916278750611,510.14463540524883,36716400
510.866943359375,511.38437973067596,508.1920523436628,508.72897301867357,57535900
517.193115234375,517.4859756907869,512.7023697575905,513.3369504006804,59504900
516.1289672851562,518.8917465910545,515.9825072697596,517.2906967075278,50244800
516.8709106445312,516.9392546781255,514.7915121402848,516.2461019816988,59187600
517.4664306640625,518.930792527948,516.5975616577482,516.9880819887991,37764200
518.735595703125,518.8918276886369,516.5000244352296,516.7050565718225,33437000
517.2418212890625,518.7549830261315,515.0647631915122,518.0423461143242,48390000
513.4638671875,520.4049281460258,512.2532779910508,520.2975559093766,57211200
516.8612060546875,517.6715030328614,514.3620306627067,515.3089561408403,41291100
517.2222900390625,517.9056707197677,514.5864271763583,517.6713823915322,36269600
513.6004638671875,514.7817371522767,512.8878268689698,513.1904592530791,45190300
510.1934509277344,512.7219421093527,508.9438930493387,512.0581051762924,46377600
514.84033203125,514.9672481577884,506.0443890267406,511.15017117084983,90785800
515.2601318359375,516.7342656913833,510.18366530067414,516.4511771729021,46835700
515.8360595703125,516.5780123549347,512.4875596797398,513.9519213593795,34632700
521.9669189453125,521.9864628385163,516.1680432425981,518.1596136281009,47610400
521.9571533203125,522.6991062505612,520.0242145910106,522.2695576901561,30808500
521.3226318359375,524.1342115774243,519.8875261250549,520.980911626184,43224500
522.9332885742188,523.2554648254413,519.9167369014993,520.5122296802525,35686100
524.1927490234375,524.2513211148034,519.4091430834137,521.3811694677967,36383400
528.4979858398438,531.1924214122917,527.4631724257194,528.7615900630306,63251300
529.56201171875,530.4211086780596,526.7699763935087,530.2453924252503,44760900
529.8843383789062,529.9135946368305,527.0238986275654,528.0294558754849,40089900
534.1015625,535.4976399183048,528.7420075865693,529.2008719569648,55839500
535.4586181640625,535.5855343086499,533.7404238235347,534.1602004613839,41376400
534.0039672851562,537.0498352385172,532.2272010481894,536.385998334327,70328200
533.2880859375,534.4046057790133,531.8288032321234,533.180367297688,64338600
531.554443359375,535.6776992949467,531.4369212698475,533.1117007115007,45528700
533.6013793945312,533.9637491221667,531.2606215926918,532.7786650161994,37936200
534.2675170898438,534.9824532882294,531.8386468881042,532.4850185530828,38550600
535.109619140625,535.6874858769653,533.3858821788883,534.1302285739343,35041500
533.0039672851562,538.9391321933387,531.7601817698417,535.8833782760337,76144500
534.1009521484375,534.6298016081159,531.3390631933655,534.3849539324244,40297800
537.6953735351562,537.6953735351562,532.4458529900177,532.4948105764632,40434800
540.0947875976562,540.457157354787,537.3427022712717,537.3818563773293,32789900
543.2092895507812,543.6108134486142,539.7618150479054,540.3984429341523,41488400
543.8360595703125,544.7860397915607,542.7684974779849,543.9927357696513,36110500
544.3648681640625,545.6968249789537,544.0710629515506,544.7958024014986,27289700
549.7516479492188,550.0944108163902,545.2954317896393,545.5892370725392,38701200
545.0112915039062,550.7407626908513,544.3747234457534,549.8690906630567,53054200
548.4490356445312,552.0531865568831,545.667599292853,546.1376877405125,53084400
549.9573364257812,553.1991175344059,548.0964700225896,550.4470318184875,40584300
553.2185668945312,553.5123721227574,550.5154392403327,551.2695891404957,36475300
545.4618530273438,548.9582849622979,545.1386373621594,547.2835053633577,57119000
541.27001953125,547.9886849352189,539.0859974733345,546.9994907975359,56270400
537.6757202148438,542.6608454522978,536.6179614633988,541.0350233261719,65509100
543.2190551757812,543.826272604696,539.6638622867013,541.6030366708314,43346700
542.3670043945312,545.2659625762393,541.8773090500791,543.111291105197,34439600
530.0755615234375,537.8519253696913,529.1549319575545,537.5483166712224,74515300
527.3136596679688,536.1771923025162,526.373482961852,530.1930703849662,61158300
533.2194213867188,535.9127455404142,530.3302071573028,531.1039639898098,53763800
533.5328979492188,535.7756811771844,531.5349026238763,534.7669398202207,39515800
530.829833984375,536.05980735921,527.421572998221,535.0020485169553,46853600
539.4581298828125,542.0926929678205,536.2947173976487,537.6658283608423,65663400
531.8189086914062,543.4344670666311,528.3126735436618,541.1818806021787,76428700
521.9172973632812,525.9229716163323,517.705869778205,524.7085367838448,82789100
506.7171325683594,512.7893664733926,499.75364959699385,501.0954398761734,146267400
511.3888854980469,518.8322310175004,507.19706454680966,508.51921810050686,84826300
507.97076416015625,520.63433876445,507.3733501679388,517.5785847252098,70698300
519.7137451171875,520.3405097902447,511.08531467340157,513.1126009988247,63276600
522.0054321289062,523.4941251002426,517.6667385635127,518.8909769209239,45619600
522.2797241210938,524.6889871074426,520.0075304089534,523.2003538167259,42542100
530.8689575195312,531.1040615199245,525.2277168327499,525.4725645280489,52333100
532.543701171875,533.728785456597,528.9885080949739,531.6622256176499,42446900
541.6716918945312,541.9556937145602,537.5680419380651,538.1752594686596,60846800
542.8861083984375,543.5814973816967,539.8989784334714,540.0556546584454,44430700
548.0768432617188,548.0768432617188,542.4453464492109,543.2974116195307,39121800
547.1856079101562,549.2815184001456,545.8438474042439,547.6263456901657,33732300
549.0659790039062,550.5252615016209,543.2973537542563,548.2335208659752,41514600
544.7566528320312,551.5732334533072,543.5422179587766,550.9660160166799,56121500
550.5448608398438,551.4850973665338,545.8045838781815,547.9984691071246,50639400
549.2325439453125,552.2882384520825,547.5284135216066,551.5733022984582,35788600
549.9866333007812,550.476328645617,546.8134170306081,547.9592873998898,32693900
546.7937622070312,550.0747565964821,543.6009392739261,549.6438223396717,41066000
546.8428344726562,552.0630042239653,545.6969639633883,548.7624619787401,38715200
552.0629272460938,552.5722295246512,545.657733766081,549.212926690368,62700100
540.7019653320312,549.2520259222431,538.1849243812507,548.919006824782,60600100
539.5952758789062,543.0035361193702,538.1359934145067,538.8607329114091,47224900
538.2828979492188,542.3865472945482,535.8246177750381,539.5365467142444,44264300
529.2235107421875,540.231851947678,528.3224880929642,538.60608979078,68493800
535.1488037109375,536.4220593419303,531.495695817922,533.4251264283236,40445800
537.4797973632812,537.8324234437913,532.1813200114981,537.0586665381934,36394600
542.9937744140625,543.9144040618945,528.8318231688719,537.3916883108078,75248600
547.5675659179688,547.8711746400817,541.3483991843773,543.5716351743016,51819600
550.4273681640625,551.4263657909838,547.9201304028155,548.1747815451495,39310500
551.2404174804688,551.5048123830852,548.3610057544606,550.1630515908334,36656100
551.4655151367188,554.9031859740162,549.2324757022386,553.4536471249235,49321000
549.8299560546875,556.9696926491016,549.2716961893568,552.1216967889254,59044900
559.2125244140625,561.0733907935877,556.3723270388496,559.2419348303403,75315500
558.245849609375,559.2871857073619,555.2200568119598,557.8430941207945,77503100
559.640869140625,560.2892833331648,558.0985019985221,559.3167220049795,44116900
561.2420654296875,561.3010067117204,557.6071931426925,560.4364946014963,46805700
560.0042724609375,561.8217386948093,558.8941616149112,561.0849426444706,38428600
562.2244873046875,564.5920921622151,559.866775948692,564.2678851150425,48336000
561.4090576171875,564.1106429805404,560.377555197848,563.2952985697877,42100900
563.6587524414062,564.2678323150915,558.0787581388843,560.3775279948936,63557400
558.6093139648438,563.9535439565005,556.035444442894,563.3051897855821,72668800
558.8450317382812,559.8667605957481,555.3182683616095,557.7153138155387,38097800
557.8233642578125,559.7684865712154,555.5343678239607,557.3714411111998,40846500
562.8924560546875,563.2657708110322,558.0983654622065,562.2735426407796,42939100
557.8037109375,561.8905065573382,556.6543259021896,561.2420924631317,49964700
563.0791625976562,563.6784689445017,559.5032914013763,560.3775771285751,37398700
566.9793090820312,567.5392812736217,562.4700908869163,563.0693372819003,37912200
565.9871215820312,567.4116060358193,564.3759797176003,565.6334738441669,44138100
569.3764038085938,570.1131999200273,565.7709716649979,565.9085213296812,42268000
574.0328979492188,574.9661849382893,570.5060744728205,570.9874382986001,36217200
569.5728759765625,574.6027324678581,568.3546560789198,574.2981924836022,54203600
572.0485229492188,572.5692210133667,568.7673576490918,569.5729286407808,30725400
572.0975952148438,575.801242846272,571.9109378019983,575.594918349773,34393700
574.2981567382812,575.0840605235142,572.3235337539761,573.787292295603,37416800
573.3550415039062,574.5535342943244,570.378356688641,573.5711395635755,36439000
573.050537109375,574.2097557683464,570.1622940232531,570.8204817447413,34183800
567.8142700195312,571.4688092704015,564.3071139493308,571.0267196890029,49314600
569.0422973632812,569.84786821387,566.419320298971,569.7692598487698,34979900
568.8457641601562,574.1703862188206,567.9027036914881,571.2723100723214,47268200
570.6043701171875,572.4512770786239,570.299830137409,572.3235609618828,30174700
571.52783203125,572.6477165136779,568.2466070737139,569.6415908764491,42899700
569.7988891601562,573.0506139584433,569.0915336357257,571.0563234826817,41435800
558.6289672851562,565.4958970216722,558.4324763422399,565.4271221936206,60182500
560.9866943359375,565.4173043933644,560.5741053167588,561.2617936558026,45667500
559.7783203125,562.4209644478059,557.892139281839,561.1241962515347,38217000
566.5470581054688,566.586332309216,560.4758658123077,560.6919638738422,39478300
580.6345825195312,581.508928254242,575.0840880526238,578.8270097230293,68182000
585.1241455078125,586.145874462509,582.5601095007273,582.6387178727699,47233200
587.6588134765625,589.0832980878612,585.674356571417,585.674356571417,46444900
588.21875,589.6039003558736,586.4897254702406,589.2502526004109,37586800
586.3914794921875,588.7393574916656,583.9059918696842,588.1401110548398,43006100
586.6763305664062,588.6803942959151,584.4856094336134,586.8531544283672,47388600
582.9038696289062,587.2853715644612,582.2162413093224,586.8040077565071,38904100
575.4376831054688,579.8093514182389,573.580942771995,579.3377611991996,75988800
577.7954711914062,579.1118465214918,575.0349444617987,575.8993966406199,37001700
579.9076538085938,580.6346163861505,573.7480790226593,574.4161003090796,49412000
580.1040649414062,580.3889378159292,574.3374129030207,579.9861823753545,50032600
583.2183227539062,584.6428072515256,577.1078556838472,582.9531169226577,46750300
585.0259399414062,585.654687007179,582.7075025920674,583.2084735757152,38226400
587.0103759765625,590.281707390563,584.7213793724078,588.9653319760873,42441400
590.075439453125,590.7434606979054,587.5408441710033,588.2579731618996,45621300
588.2874755859375,590.2718722436573,586.7647756879834,589.8887838542881,34000200
591.9419555664062,592.7278593888155,588.8277809402925,589.1028202958577,30177400
593.0029296875,593.6807844427898,591.8633182342458,592.354515594293,31746000
593.2779541015625,593.5235527754064,591.735647195163,592.7671496331845,26906600
596.9619140625,597.2075127280552,594.2996629026728,594.9676840777096,42787600
595.9796142578125,597.7675800229049,595.6259665136723,596.9620090763937,28762200
597.109375,598.3472020292826,596.333304701608,596.7458937244957,31241500
594.0344848632812,597.1584931551176,593.445071963169,596.9915028268559,34742700
592.1875610351562,595.134745373381,591.529373321926,594.7123228135097,37234500
596.7655639648438,597.7184581352288,594.8400485801485,595.115147903942,28677700
593.690673828125,596.4708079758578,593.690673828125,595.9010621562538,31543800
593.57275390625,596.4413297893211,592.1973772710232,595.7242008087076,35904700
596.1072387695312,597.0798598573732,594.5550983663578,595.3311685679445,43695200
593.6513671875,594.5158794594372,592.2760503625989,593.553151685944,55773500
575.9584350585938,595.7339866328443,575.5752867073982,593.3467745348553,108248700
575.781494140625,582.5600413718613,575.5358954722558,580.948899716812,85919500
582.6973266601562,587.2315284125533,572.6036951737447,573.451443984787,125716700
586.1867065429688,586.7879698949739,579.257197549177,582.4410536479828,57635800
592.7020874023438,592.7415539521577,586.9554328723399,587.5370230202848,33160100
592.7416381835938,593.8652919269226,589.5282423631364,590.9279213446937,41219100
586.5020141601562,589.2324254266508,582.31278453499,588.9958066290322,64969300
579.80908203125,583.2787692142718,576.0535631828352,579.4838439796579,56578800
577.69970703125,582.1945015590405,576.0634095440413,581.4748988586764,57052700
576.2803344726562,582.6775253068124,572.1995172748154,580.9624149327,50204000
583.48583984375,584.1265095290074,578.0447499447286,579.129057366777,37888500
586.8470458984375,591.1250155334773,585.1122021784661,587.7440676720806,47679400
580.2132568359375,589.2028462645713,578.3897338233832,588.877548048508,60393100
581.0609741210938,582.1354148697908,576.8323377526707,580.282291853868,47304700
572.1895751953125,577.5715244203626,570.2773128109467,577.5025181295064,73105000
573.0768432617188,573.4316812597856,567.1231694250464,567.5372072518853,47910100
573.8652954101562,576.635112947905,570.0801769152397,576.0042498383493,48420600
584.303955078125,585.4473419377294,580.7751281246863,581.8889752343268,56900200
583.1802978515625,585.8515097161563,582.4804283105531,585.6740907119066,43319700
589.035400390625,590.7899174222187,587.0935375428814,588.4242703969026,58070600
594.427001953125,594.4368685895419,590.1096265717592,592.081028657774,42532900
597.7686157226562,599.1288881406504,596.7040416210903,597.2560318658977,48196000
601.0313110351562,601.0313110351562,596.8618141810588,597.1377792345874,41152100
599.276611328125,602.0464889090003,598.1233579973735,601.0903276493815,34604700
590.7997436523438,591.1151752666312,586.1373960687419,586.3049484329972,70361100
595.8761596679688,596.7139816946946,588.7100920787573,592.0319005940263,44433300
593.204833984375,595.4916679771449,590.6518414168764,595.0874967960807,37177400
596.3886108398438,597.9263022497843,592.130374590218,595.3240968992558,39281300
593.2146606445312,601.2382822731704,592.4556515232641,598.8134358374799,66566900
589.2225341796875,591.7064599079472,582.0466016788057,584.1954227420036,65857200
593.1751708984375,593.6876945030192,588.7395164415061,589.2816399537594,33457800
595.580322265625,595.7282015036632,590.021013481686,592.0515554519985,30653100
597.650390625,597.7785366008171,594.0131505968404,597.3250923662002,35771500
592.1797485351562,599.4344951653416,591.4700123634921,598.2122352633725,50788500
596.2013549804688,596.8420848342793,594.1215398587573,595.3931329282537,26048700
596.6548461914062,597.1969698690995,593.8160216596527,593.9343010016065,30056700
594.7326049804688,595.9055917033094,589.9519786805068,590.6321148502618,45076100
601.0115356445312,601.2185545419917,594.5749384975967,595.8366046698266,40921300
600.9819946289062,602.2535274358258,600.360998100256,601.2185532755497,26910400
602.746337890625,602.746337890625,599.6808220007749,602.1450746766837,26749000
604.1658935546875,604.4615919136522,600.8440849703791,601.3566689008733,31011100
601.6522216796875,602.9336210334332,598.3402805357981,602.7956084451664,36554000
591.361572265625,601.5734221193063,590.8982614234848,601.435409514207,76519800
588.670654296875,594.4074426853949,587.960918125522,593.4118748152965,50737200
585.7430419921875,589.3408752561445,581.129967827771,588.6114660308307,58266500
586.0387573242188,591.0067297705009,583.3970853838995,587.4088964020577,43321600
576.6844482421875,589.4690234968429,576.290203877955,588.3157098294636,74196700
585.6839599609375,586.2162169760591,574.1118369424444,577.1872200213395,88744100
575.4227905273438,588.798762606637,571.6081318173137,587.6553155599406,74249200
568.6116333007812,577.0196942059655,564.0675647801556,571.420918082598,109648200
574.722900390625,576.5168836727693,564.8856223320056,568.4439889843314,71230500
564.5208740234375,571.8741654048467,561.9678818142961,567.2512250409341,80094900
567.6849975585938,569.1340095542192,557.5421542389136,562.7368186254731,81158800
552.5643920898438,561.3962362827218,547.6457527585567,559.4741670846696,99326600
547.9710083007812,555.9552243228402,544.1268096197261,551.4012894751355,88102100
550.8788452148438,555.0582088315019,545.7729200294035,554.1316472627199,69588200
543.5352783203125,551.1153221105548,541.8201680493273,550.5041922476157,74079400
554.762451171875,555.7678855775432,543.6043071486545,548.1582415612112,62660300
559.0404663085938,561.5638590041749,554.3090523622551,554.7427633019219,49008700
552.998046875,556.9408512500528,551.0660510727529,556.7239657249663,66041400
559.020751953125,562.7861379289428,553.5993951050114,554.7822486316311,66556000
557.4041748046875,562.4115538615378,554.5554838320709,555.2750866351008,62958200
557.5880737304688,558.4877939738346,551.7055567482902,552.9413897854555,83763000
567.5736083984375,568.6314886589248,563.7375780431137,564.3307537296456,58766800
568.9379272460938,569.8771119506348,567.1879685958952,568.7797068467552,38355700
562.1458740234375,569.7981425644431,560.7617168790538,568.6710483477373,51848300
560.6529541015625,564.4296669577193,558.5371935416607,560.7517966033342,42164200
549.3623657226562,559.8521624781242,548.7790863172526,559.120558969836,71662700
553.0501098632812,554.3551567474991,540.6719872727307,543.5984615291653,95328200
554.6121826171875,556.5598868781194,547.4048260096515,551.1321177898429,54609600
558.1220092773438,560.9891058051336,548.5220362276616,548.7593065231022,76014500
530.6173095703125,541.759539717793,530.6173095703125,538.931968079745,125986000
499.5533447265625,519.9099817661254,499.3358369172059,517.7349036725598,217965100
498.6635437011719,517.2405628900261,476.33944038650816,483.64569927250346,256611400
490.8531188964844,519.0300819148135,483.6160734043612,515.9454474877983,165816600
542.4021606445312,542.4021606445312,487.46196103833506,487.84755542038147,241867300
518.6345825195312,527.4534689848499,503.5475251856576,526.1385259148457,162331200
527.8884887695312,530.3502582115377,514.1756919605745,517.0823733080597,97866300
533.0098266601562,538.111379094838,527.8094317224818,537.8839447885014,68034000
531.5169067382812,537.0732068479572,530.7259857198238,533.5535570239268,56892900
519.7023315429688,531.7937621429162,514.3931980244283,525.6541223320015,83484800
520.44384765625,525.1499093262158,517.9721816819745,521.6599483491107,79868100
508.0558776855469,515.7872559194974,502.69729269891565,515.2533374613439,69368100
521.2743530273438,523.3011070538847,513.305704354498,514.2449494916972,75948100
529.3516845703125,539.2482437222484,527.8291602174767,534.3049123051696,90590700
540.4940795898438,541.2256831290485,529.3814780255258,530.6370434198044,64150400
544.3992919921875,544.804618673288,537.5280483044934,540.454522631326,61119600
544.60693359375,547.2763452918678,538.8430511744899,545.1408521394233,47613800
548.0375366210938,549.1547344204944,542.3329124899421,542.6888178923871,47775100
548.2550048828125,550.2126052496137,535.382610300473,541.3640295279456,93101500
552.1405029296875,557.6770710508032,551.5374308999284,554.0189932525213,63186100
560.3365478515625,561.9381825044319,556.006184429092,558.3295262045715,60717300
557.1233520507812,560.2277786911415,555.3338684753841,556.1940033222468,38659200
552.466796875,556.9652171268149,550.64768441023,551.6066618961361,48264700
554.7901611328125,557.4298834610689,549.738030089525,553.8014947566288,55588000
558.6558837890625,563.8463828556478,555.3339788688671,558.8338365158501,65130800
557.9439697265625,561.068128702691,556.381860066797,560.0596697605964,37603400
576.3826293945312,576.3925257137258,570.5000520977247,574.8798371188,78993600
580.18896484375,582.403567726764,576.2342995973956,576.7977862928067,67947200
580.9304809570312,582.3046813078995,578.9036666864055,581.1479585868793,66283500
583.7679443359375,584.2721134769878,578.4686469334371,578.9234551699535,71268100
587.4655151367188,587.7621029517821,582.6012939394769,584.5489375445604,76052100
588.108154296875,588.7903364922698,581.4346564328234,581.4346564328234,68168500
586.130859375,587.3172711404261,582.9176935296509,586.3681900028125,60614500
576.2540893554688,585.8639582409971,575.2258980125081,581.7708648204313,95197700
576.4815063476562,579.971467292194,574.8204937262445,576.0563267018498,70860400
572.5465087890625,575.215919785119,569.0762805285291,569.4519785383726,76029000
584.4501953125,584.6083553931982,571.8743267058999,579.4277528567243,72588500
581.0689086914062,586.051826179252,580.3373051792158,584.8555180607121,68445500
583.362548828125,586.4768718669775,579.4276761926377,586.3384441000501,69973300
582.7101440429688,584.4304140423015,576.6298211275496,582.2553357440712,90601200
585.9924926757812,586.0715425417425,578.429170462151,581.0985818518681,61630500
589.3341064453125,590.3128764026674,585.1421107506463,585.6266079138771,63606200
589.1759643554688,591.1730898063917,588.7409487228937,590.1943197189499,57314200
586.32861328125,592.2111905987847,584.3512804244928,590.8567224193788,92278700
592.3495483398438,594.0203968199735,590.0953601848463,591.8749474768216,66588700
592.8834228515625,594.4356362447949,591.7069074945726,592.9229477814916,53016400
596.2449340820312,596.6304681071312,592.3001649023746,593.4173023897237,66247000
594.54443359375,598.2025114763902,592.4781545343917,597.3423765043648,73658200
596.9072875976562,596.9072875976562,592.7252483956809,593.2096852350186,64129000
590.2337646484375,595.0287719324257,588.7309726044361,591.716764057102,89506000
595.8494873046875,597.599446226556,593.4173461203459,593.5953591830877,79984100
590.7578735351562,594.9300168530282,589.9965810836336,593.4074922933922,82209400
590.6688842773438,594.4060120669617,589.7098464455568,591.6575507239553,76605000
589.2816772460938,594.4181022000307,587.8735769623825,593.3471688844512,94051400
595.1022338867188,595.4889076465048,586.9116980815279,590.0351674928282,87426000
601.6764526367188,602.737399696003,598.3347417480489,599.2470472798032,67735300
602.0136108398438,603.4910690166892,600.4468830082857,602.7969444947229,62114800
606.7236328125,607.1599344481853,603.2530708764845,603.8678512919777,78548400
609.738037109375,611.2056301568862,605.6923970890058,607.7251426738447,86258400
612.6533203125,614.0117925800773,609.8669572755672,612.1873024714439,92502500
612.455078125,613.625146088841,610.3429883405835,611.1758893553448,70030100
615.2315673828125,615.2712091652924,611.4238380015553,612.0485440759944,66510400
620.0804443359375,621.0125406459644,617.1948857443227,617.2147368961759,51065800
615.45947265625,618.7813322240264,612.6731098992973,618.1169239973963,74814500
615.1224365234375,616.8775081543645,614.3093261623386,616.1238907210633,59024600
618.8110961914062,619.4655183729625,615.6875662931247,617.5319680301938,66113300
620.5562744140625,621.5974308254256,617.7699115690501,618.9499049744066,57529000
618.3748779296875,619.6044389056334,616.3024903072059,617.5022745554412,63670200
619.5548095703125,619.9018415613931,616.5701165685465,617.9186632768227,51898500
616.9072875976562,622.5791484786782,616.8279435196437,622.2420420602726,74317300
618.9697265625,619.4754466932056,612.8516386863737,618.4937831556223,88987500
622.7576293945312,623.1146474859103,618.9301097920578,619.1482908768893,68885700
622.301513671875,624.175571102461,621.1909387049365,624.007017899032,65621600
623.4815063476562,626.2281670376054,623.0551302914085,623.4815063476562,63375000
623.5707397460938,624.4334174667899,620.9232136557434,623.8087114591411,60046300
628.875732421875,628.875732421875,624.4333721871909,626.238071576001,70511000
629.083984375,630.7994747941685,628.6576082944551,629.2624631630094,71307100
631.741455078125,632.2174590489252,629.5005143245561,629.7484116245431,56865400
631.5828247070312,632.6735486135409,630.1945756243812,632.1182610848412,54917100
629.9169311523438,633.2982235137306,629.0046860832861,632.9809077241022,60556300
629.1236572265625,632.3165451544952,626.2281734095909,630.5713386132512,80418900
626.763671875,634.4682782312485,625.4646925404661,634.0816044685715,103385200
616.49072265625,621.0719198033348,614.0811684978922,621.032217506902,140103600
625.861328125,625.9108954798245,620.3183784803682,620.407587614692,73218000
622.688232421875,627.2892207726588,621.7660617410078,626.476110377079,68051400
627.457763671875,628.1121858315174,622.8468502662965,623.7590952688204,64357500
626.9322509765625,631.62244837055,623.8186464662513,630.8886820702932,74205800
631.8207397460938,632.2868180975779,628.4096707981653,628.7269865749256,64051600
630.5713500976562,633.5758942477272,629.3219380955197,632.0984361099556,58742300
637.284423828125,637.4430514601922,631.4340237207567,632.9214074238032,64730800
639.4659423828125,640.7549961752953,637.2745085703324,639.4857330110176,60092800
639.525390625,640.1897383639256,636.9373576458678,637.3835243153912,59327500
638.028076171875,640.6558114265956,637.1158311699311,640.5566162061228,68592500
637.8893432617188,638.5834678311134,636.778768159409,637.4530415771111,43804900
634.4286499023438,638.6924711313014,633.1098193903536,637.7108075589789,69750700
632.742919921875,634.2798709561484,627.6263466835007,634.0221086228163,88890300
630.2045288085938,632.6041578211218,628.4791732160404,630.928430107967,54805800
639.8824462890625,641.0624398986112,631.8902394824283,632.3959596753498,84083200
637.0662841796875,639.8625729858918,636.9472983174492,638.6230864860744,51274300
639.733642578125,640.0807351008626,636.1738713484165,636.7985773675441,51581600
641.1912841796875,641.9250504526357,638.9998504138363,639.148612992103,48341100
643.4619750976562,644.0172625669782,639.9121297324674,641.7961126896905,61519500
639.6245727539062,642.3911452321481,637.7306640961879,642.0242015644989,74522200
634.8848266601562,635.1029472303277,629.5797882088864,632.138105251538,81983500
638.3255615234375,638.7916398746721,635.0731807265284,637.2645539172183,70820900
643.6603393554688,643.6901160802078,638.0975387911232,638.9998582812316,65219200
641.796142578125,646.7243720544352,637.9190556866993,646.0004708304714,85178900
643.372802734375,644.3743174556171,641.7862237872296,643.1645472258064,63133100
644.8601684570312,645.3856792185645,641.7762803015634,643.5115612591451,66133900
646.7243041992188,649.0445886413597,645.157576582919,648.1224181044277,78034500
652.0988159179688,652.7929404681626,648.092817304151,648.6778210448584,69934400
651.8805541992188,653.5662677492645,651.3748946038203,652.0689585463732,72780100
655.3511352539062,655.4800466805781,653.7943936028013,654.0918582328915,63772400
654.4488525390625,656.213910313041,653.6655188822047,655.9064595692537,61169000
653.6357421875,656.1543568928759,648.7967821934204,654.4587781451693,101952200
656.6897583007812,659.2976422819312,654.716505821751,656.3228752027601,90459200
659.9423217773438,660.7874850308027,656.6311583459587,658.5800832029405,97945600
663.0645141601562,663.5119177999496,658.4209110544651,658.4507703315647,69452200
659.4551391601562,663.5617612775759,658.2320617574377,662.9452156846509,81708900
657.3569946289062,660.8471316064555,655.9350982101993,660.7477220570149,68082200
654.3242797851562,655.6765652531099,650.7048739536411,654.2149171420698,89622100
658.072998046875,658.619871988132,654.1553026157394,655.7760789419195,69179200
659.9224243164062,661.5134019828115,658.112721358766,660.5985670660314,73499000
662.4082641601562,662.8756347075731,657.8641309647478,659.1766647693167,86288000
664.6654663085938,665.5802405756418,659.3059681646932,659.4153308150761,72545400
665.4309692382812,666.7733621981591,663.004842335434,666.6540464714482,56896000
665.421142578125,668.8714672806448,664.377038831869,666.1966948783695,70494400
667.8074951171875,668.7024238148077,665.669704301124,667.8174482099862,54623300
665.3316040039062,669.1796881705657,663.8898014056139,668.7322238208072,72020100
669.2990112304688,669.398481470165,665.6299006256374,666.4552183740389,60702200
667.3600463867188,670.1243359074817,665.4211353124821,669.7166839203261,66501900
649.32275390625,670.1342452495495,649.14378031214,668.324542434099,159422600
659.2860107421875,661.3642043859337,656.0345659370097,656.9095884512618,79560500
658.4805908203125,662.0602448848334,649.4718888267987,653.4492417720955,88779600
661.4039916992188,666.4353410824248,655.1993304017814,663.0446741742268,81702600
656.899658203125,664.9239754340409,653.3896149312258,663.0446615126489,110563300
660.62841796875,661.9906565438909,654.4138037793879,655.7660892614911,96500900
667.499267578125,668.4041493887289,663.4921159142255,663.5418206897375,60493400
667.4892578125,669.1796448635298,666.1866772188026,667.6384328159621,56249000
664.0191040039062,668.1953369980629,659.5445816579371,668.1953369980629,80564000
667.9566650390625,668.9012985038863,664.019063764971,664.3372592841532,65604500
673.4155883789062,674.628651928334,671.8246714345047,672.6300829996666,74356500
681.3603515625,681.658640907831,678.2580209918731,678.8645527756448,63339800
683.1700439453125,685.0095454543999,680.9526890414517,683.1600908523567,61738100
683.4981689453125,685.795087823854,679.0037407351697,684.8205950917289,85657100
675.98095703125,682.0563488815194,675.98095703125,680.0279207971732,76335800
678.1983642578125,681.2012852815519,675.3943230278239,681.1614729090464,87164100
679.4711303710938,681.9171636388411,676.0903560257897,681.7878948104295,57315000
671.4169921875,676.1103005794487,670.7607556049009,672.2820616639051,78427000
673.7437133789062,677.0051112074705,670.3529860359731,671.1583975728993,74402400
666.514892578125,673.5448715272548,664.9338680034818,672.6399897028363,85035300
667.1710815429688,667.2805048704689,657.4663915648358,664.1284090392404,100592400
677.5819091796875,678.317709828293,671.2082272333661,673.4056760856186,75842900
679.1329956054688,679.6997756663966,674.8871520395073,676.1002762110339,58953400
679.5108642578125,681.081935653801,677.0946296424269,680.9128544582501,62312500
668.2350463867188,677.0051169124795,666.723693536663,676.6471697129602,103457800
668.125732421875,671.8345948923219,659.5147893727298,661.6128286383953,96846700
661.901123046875,669.8956413839408,658.4209391867944,665.9083353081996,90456100
656.3428344726562,661.3542775984923,652.1466953365565,658.351356546523,114467500
658.87841796875,663.561773390439,655.020380360944,657.0389163187169,94703000
648.8355712890625,671.7351497651099,648.1991802397498,669.1001291109939,165293500
655.2987670898438,660.7874729698119,647.1650267848305,651.3412595795126,123956200
664.9437866210938,666.2662734630499,657.8442577670318,658.9380055466532,80437900
671.1981811523438,672.3814460202411,660.7178178396566,664.8443455838128,81077100
675.8318481445312,677.8404309302599,672.8885849296569,673.7934667684052,71879600
679.5208129882812,679.7991961322198,676.6471609574353,677.0051081523229,49212000
676.4185180664062,679.1230890446475,674.8971513739515,674.9667623359846,61201200
677.67138671875,679.9483994968172,675.4838303983408,678.0591325179204,62953800
680.0180053710938,681.0321891246488,675.8417725523884,676.7167950740063,57238500
680.51513671875,681.4895687361658,677.4824173401821,681.4199577792665,61970300
681.8078002929688,684.4925257185774,680.7040993957534,681.5890143183475,79241000
679.7594604492188,682.7524282821314,677.7111260885928,682.7027235077143,55231500
679.1727294921875,681.5094606319436,678.7253258622812,679.2821528162136,58310100
683.6771850585938,685.0692222502689,677.4526176554032,678.6955405173951,85671300
685.26806640625,685.3476304583654,678.3076987410943,681.2609148661827,86173700
677.9000244140625,684.9797075791527,675.3246617594549,684.2737056052856,113160300
676.8758544921875,681.8774049984522,675.4042533093998,681.8574988128718,90811000
675.0264282226562,677.2239376857725,671.1584377196804,675.3843754405706,122030600
667.5986938476562,676.5874893555698,667.3998140691156,676.0406154817738,110625200
672.6399536132812,676.8857972779194,671.0788959983324,673.7635606688432,108650100
678.7363891601562,679.2350273728672,674.6275542880097,674.747283458469,103599500
682.96484375,683.4933686131409,678.7364013691785,682.0772531068674,69556700
686.0863037109375,686.325640311278,682.0074163952171,682.0572680421344,64840000
688.4996948242188,688.9484813838191,685.9267046355759,686.0763204450832,39445600
688.4298706054688,689.7761694005526,687.392725060237,688.758988861415,41613300
685.9765625,687.322922191004,684.2014421207446,685.6674092439482,62559500
685.138916015625,686.6846823672308,684.7100944386586,685.5777200962995,47160700
680.062744140625,685.4879304984822,679.8533550408816,685.2685588951464,74144800
681.309326171875,684.999261161205,677.9684744567207,683.842447277036,89377200
685.846923828125,687.5522884526621,684.5106074856512,684.6701449336617,71927200
689.92578125,690.4344019511112,685.9067890249802,686.0563439630641,69273800
687.701904296875,692.0699799720542,687.4426026835383,690.3047811958188,75588300
687.632080078125,688.7390423054183,685.6175622141362,686.9439569075789,64019200
692.1796264648438,693.4162394407576,687.3029303433501,688.7489932725086,80125500
693.2666625976562,694.1941832506386,688.7490319805348,688.7988836287034,63976000
691.8804931640625,694.194181802135,689.467040360938,693.595779418591,78309700
688.479736328125,689.8360176539858,684.1714948792828,689.1180078469732,94676700
690.3546142578125,693.5558934557131,689.3673203481677,692.678285342935,77862000
689.7761840820312,692.359156800422,688.22043529661,691.7707369284135,79289200
675.7345581054688,682.9049778344743,674.7272992054969,679.6338820353151,111623300
683.5332641601562,686.8641332264262,676.2830453044572,677.7989248999835,127844500
687.103515625,689.2476843606095,685.0491285530771,687.9711412752974,77112200
687.352783203125,689.0781127396581,685.2884137823622,686.2757685331861,63059600
690.84326171875,692.2394730275811,688.0409174669724,688.609372319757,60473800
693.5957641601562,694.6329705879123,691.6810104865692,692.2893344912051,55506100
693.5259399414062,695.9393926651097,692.0499903412962,695.1515053497095,61172200
692.1497192382812,695.1615135683285,682.9648421722587,694.4933553961189,97486200
690.0853271484375,692.3192774332931,685.2485609149509,689.9058246991844,101835100
693.5159912109375,695.0318708971434,687.5423149981101,687.7019133171445,79286500
687.6520385742188,695.0617950648859,682.1670182684101,694.3138377504575,107904600
684.3211059570312,689.5667896413613,679.9031787408285,688.4697490630058,105204600
675.7744750976562,681.8279505601881,673.9494421186707,679.0854402743204,113610800
688.739013671875,690.4244132010324,678.995603890688,679.6039887472712,89127600
692.0599975585938,693.9747512796714,686.4652913399738,687.5423060693106,73885200
690.2349243164062,694.64286887948,689.7761552680904,693.0572335194393,65185700
690.075439453125,695.2413241987686,687.3029816841566,694.4933668556342,76353900
679.41455078125,693.4561594586687,678.5169776231163,692.3491972008484,118829000
679.8931884765625,684.410879804094,675.6747287653898,679.833354327075,96267500
680.9901733398438,683.074507822494,673.9394826742099,678.287593220413,81354700
684.4208374023438,687.2730943282486,680.9702998190471,682.157061237011,73570300
682.61572265625,684.311104689823,679.6937101433548,681.9775120282383,58649400
687.5523071289062,688.1805961724377,679.8732661615737,680.4616860592505,100034000
680.531494140625,688.1207533479937,678.5169762252317,685.9566804858357,90558100
685.4779052734375,686.4751816677359,678.1479481229125,680.0427976196477,73798700
691.26220703125,691.7907319065998,688.2204651135966,688.3002642742074,56369500
687.422607421875,691.4117130049051,682.486077089091,691.391808867856,71671000
684.1216430664062,684.9892686841309,679.7835149777827,681.2295779636313,83308900
684.5106201171875,686.744509644098,676.1734035367807,676.8515442239554,87477200
678.4771118164062,680.7508704958498,667.8361281509542,673.221445388408,105003100
683.2639770507812,685.2186606854194,677.7689744100875,679.7735096903759,79182200
679.4544067382812,683.6629449535216,673.7699188745959,680.2223290726917,106606500
670.5487060546875,674.2685275228549,667.9358467743081,671.5758690877306,100687000
676.4227294921875,678.0681991431876,660.5859743093405,664.5750801817165,102667700
675.3356323242188,681.4987932365287,672.9222404542279,675.87413967305,81505300
674.4879760742188,678.2277626375325,671.5061293267642,675.7345715953234,68441700
664.2459106445312,669.8207124533001,664.0564256954588,669.3319958917509,108882200
660.4862060546875,670.5088831921612,659.5587462493693,667.4472371497842,97200200
667.2078857421875,670.239584206393,665.3030536555561,666.5596317087426,82023100
668.9630126953125,672.60309589337,667.8760155087483,670.5586914524959,87128000
659.6285400390625,667.8959397089973,659.3892034355257,666.5396583763402,82062600
658.0029907226562,661.1743225351036,653.3855958813168,655.1806813207687,111272500
648.5700073242188,656.6900024414062,644.719970703125,656.510009765625,163617500
655.3800048828125,662.6199951171875,653.9400024414062,658.0700073242188,134802700
653.1799926757812,657.030029296875,649.8800048828125,651.3200073242188,96457500
656.8200073242188,660.8900146484375,654.239990234375,658.6699829101562,90653800
645.0900268554688,654.8499755859375,644.8200073242188,652.0599975585938,96494400
634.0900268554688,642.6599731445312,633.1099853515625,642.5,103649400
631.969970703125,640.3699951171875,629.280029296875,640.1099853515625,99275900
650.3400268554688,651.5399780273438,637.97998046875,638.9400024414062,152534100
655.239990234375,658.52001953125,653.0,653.9000244140625,97841500
655.8300170898438,658.2000122070312,645.1099853515625,646.4199829101562,68358700
658.9299926757812,659.719970703125,655.52001953125,655.8599853515625,39105800
659.219970703125,659.6099853515625,651.0599975585938,656.6500244140625,69980400
676.010009765625,677.0800170898438,671.4600219726562,676.3900146484375,93606100
679.9099731445312,681.1599731445312,673.77001953125,674.8400268554688,57134400
679.4600219726562,682.030029296875,678.4500122070312,681.3200073242188,42253500
686.0999755859375,686.2999877929688,676.5800170898438,677.4099731445312,54185800
694.4600219726562,694.5800170898438,687.6599731445312,687.6900024414062,63480500
